train_num,train_name,halt_station_name,departure_time
19808,Sirsa Kota Express via Loharu,Jaipur,00:40
19808,Sirsa Kota Express via Loharu,Sawai Madhopur,03:25
19808,Sirsa Kota Express via Loharu,Kota,05:15
19814,Sirsa Kota Express via Churu,Jaipur,00:40
19814,Sirsa Kota Express via Churu,Sawai Madhopur,03:25
19814,Sirsa Kota Express via Churu,Kota,05:15
19038,Barauni Bandra (T) Avadh Express,Agra Fort,06:15
19038,Barauni Bandra (T) Avadh Express,Bayana,08:55
19038,Barauni Bandra (T) Avadh Express,Shri Mahaveerji,09:30
19038,Barauni Bandra (T) Avadh Express,Gangapur City,09:55
19038,Barauni Bandra (T) Avadh Express,Sawai Madhopur,10:45
19038,Barauni Bandra (T) Avadh Express,Kota,12:20
19038,Barauni Bandra (T) Avadh Express,Shamgarh,14:20
19038,Barauni Bandra (T) Avadh Express,Nagda,16:20
19038,Barauni Bandra (T) Avadh Express,Ratlam,17:15
19038,Barauni Bandra (T) Avadh Express,Dahod,18:49
19038,Barauni Bandra (T) Avadh Express,Godhra,20:12
19038,Barauni Bandra (T) Avadh Express,Vadodara,21:35
19038,Barauni Bandra (T) Avadh Express,Surat,23:31
19038,Barauni Bandra (T) Avadh Express,Valsad,00:45
19038,Barauni Bandra (T) Avadh Express,Vapi,01:05
19038,Barauni Bandra (T) Avadh Express,Borivali,03:15
19038,Barauni Bandra (T) Avadh Express,Bandra (T),04:05
12978,Ajmer Ernakulam Marusagar Express,Ajmer,10:15
12978,Ajmer Ernakulam Marusagar Express,Jaipur,12:15
12978,Ajmer Ernakulam Marusagar Express,Sawai Madhopur,14:45
12978,Ajmer Ernakulam Marusagar Express,Kota,16:05
12978,Ajmer Ernakulam Marusagar Express,Nagda,19:00
12978,Ajmer Ernakulam Marusagar Express,Nagda,19:00
12978,Ajmer Ernakulam Marusagar Express,Ratlam,19:40
12978,Ajmer Ernakulam Marusagar Express,Vadodara,23:29
12978,Ajmer Ernakulam Marusagar Express,Surat,01:15
12978,Ajmer Ernakulam Marusagar Express,Vapi,02:25
12978,Ajmer Ernakulam Marusagar Express,Vasai Road,04:05
22944,Indore Daund Express,Indore,16:30
22944,Indore Daund Express,Ujjain,17:55
22944,Indore Daund Express,Nagda,18:50
22944,Indore Daund Express,Ratlam,19:50
22944,Indore Daund Express,Dahod,21:21
22944,Indore Daund Express,Godhra,22:47
22944,Indore Daund Express,Vadodara,23:58
22944,Indore Daund Express,Surat,01:37
22944,Indore Daund Express,Vasai Road,04:35
12904,Amritsar Bandra (T) Golden Temple Mail,Nizamuddin,04:00
12904,Amritsar Bandra (T) Golden Temple Mail,Faridabad,04:16
12904,Amritsar Bandra (T) Golden Temple Mail,Mathura,05:50
12904,Amritsar Bandra (T) Golden Temple Mail,Bharatpur,06:15
12904,Amritsar Bandra (T) Golden Temple Mail,Bayana,06:42
12904,Amritsar Bandra (T) Golden Temple Mail,Shri Mahaveerji,07:15
12904,Amritsar Bandra (T) Golden Temple Mail,Gangapur City,07:50
12904,Amritsar Bandra (T) Golden Temple Mail,Sawai Madhopur,08:35
12904,Amritsar Bandra (T) Golden Temple Mail,Kota,10:20
12904,Amritsar Bandra (T) Golden Temple Mail,Shamgarh,12:05
12904,Amritsar Bandra (T) Golden Temple Mail,Nagda,13:40
12904,Amritsar Bandra (T) Golden Temple Mail,Nagda,13:40
12904,Amritsar Bandra (T) Golden Temple Mail,Ratlam,14:25
12904,Amritsar Bandra (T) Golden Temple Mail,Dahod,15:54
12904,Amritsar Bandra (T) Golden Temple Mail,Godhra,17:07
12904,Amritsar Bandra (T) Golden Temple Mail,Vadodara,18:11
12904,Amritsar Bandra (T) Golden Temple Mail,Surat,19:46
12904,Amritsar Bandra (T) Golden Temple Mail,Borivali,22:45
12904,Amritsar Bandra (T) Golden Temple Mail,Bandra (T),23:55
12962,Indore Mumbai Central Avantika Express,Indore,17:45
12962,Indore Mumbai Central Avantika Express,Ujjain,18:55
12962,Indore Mumbai Central Avantika Express,Nagda,19:50
12962,Indore Mumbai Central Avantika Express,Ratlam,20:35
12962,Indore Mumbai Central Avantika Express,Dahod,22:12
12962,Indore Mumbai Central Avantika Express,Godhra,23:37
12962,Indore Mumbai Central Avantika Express,Vadodara,00:38
12962,Indore Mumbai Central Avantika Express,Bharuch,01:25
12962,Indore Mumbai Central Avantika Express,Surat,02:34
12962,Indore Mumbai Central Avantika Express,Valsad,03:30
12962,Indore Mumbai Central Avantika Express,Vapi,03:40
12962,Indore Mumbai Central Avantika Express,Borivali,05:35
12962,Indore Mumbai Central Avantika Express,Mumbai Central,06:40
22970,Banaras Okha Super Fast Express,Agra Fort,07:30
22970,Banaras Okha Super Fast Express,Gangapur City,10:05
22970,Banaras Okha Super Fast Express,Sawai Madhopur,10:55
22970,Banaras Okha Super Fast Express,Kota,12:40
22970,Banaras Okha Super Fast Express,Nagda,15:42
22970,Banaras Okha Super Fast Express,Nagda,15:42
22970,Banaras Okha Super Fast Express,Ratlam,16:35
22970,Banaras Okha Super Fast Express,Chhayapuri,20:01
22970,Banaras Okha Super Fast Express,Ahmedabad,22:45
22414,Nizamuddin Madgaon Rajdhani Express,Nizamuddin,06:16
22414,Nizamuddin Madgaon Rajdhani Express,Kota,10:55
22414,Nizamuddin Madgaon Rajdhani Express,Ratlam,14:05
22414,Nizamuddin Madgaon Rajdhani Express,Vadodara,17:37
22414,Nizamuddin Madgaon Rajdhani Express,Surat,19:17
22414,Nizamuddin Madgaon Rajdhani Express,Vasai Road,21:45
12432,Nizamuddin Thiruvananthapuram Rajdhani Express,Nizamuddin,06:16
12432,Nizamuddin Thiruvananthapuram Rajdhani Express,Kota,10:55
12432,Nizamuddin Thiruvananthapuram Rajdhani Express,Ratlam,14:05
12432,Nizamuddin Thiruvananthapuram Rajdhani Express,Vadodara,17:37
12432,Nizamuddin Thiruvananthapuram Rajdhani Express,Surat,19:17
12432,Nizamuddin Thiruvananthapuram Rajdhani Express,Vasai Road,21:45
12956,Jaipur Mumbai Central Express,Jaipur,14:00
12956,Jaipur Mumbai Central Express,Sawai Madhopur,16:05
12956,Jaipur Mumbai Central Express,Kota,17:20
12956,Jaipur Mumbai Central Express,Shamgarh,18:50
12956,Jaipur Mumbai Central Express,Nagda,20:37
12956,Jaipur Mumbai Central Express,Nagda,20:37
12956,Jaipur Mumbai Central Express,Ratlam,21:20
12956,Jaipur Mumbai Central Express,Dahod,22:49
12956,Jaipur Mumbai Central Express,Vadodara,01:06
12956,Jaipur Mumbai Central Express,Surat,02:53
12956,Jaipur Mumbai Central Express,Vapi,04:00
12956,Jaipur Mumbai Central Express,Borivali,05:50
12956,Jaipur Mumbai Central Express,Mumbai Central,06:55
12942,Asansol Bhavnagar Parasnath Express,Agra Fort,12:40
12942,Asansol Bhavnagar Parasnath Express,Shri Mahaveerji,15:15
12942,Asansol Bhavnagar Parasnath Express,Gangapur City,15:45
12942,Asansol Bhavnagar Parasnath Express,Sawai Madhopur,16:30
12942,Asansol Bhavnagar Parasnath Express,Kota,17:50
12942,Asansol Bhavnagar Parasnath Express,Shamgarh,19:25
12942,Asansol Bhavnagar Parasnath Express,Nagda,21:12
12942,Asansol Bhavnagar Parasnath Express,Ratlam,21:55
12942,Asansol Bhavnagar Parasnath Express,Dahod,23:23
12942,Asansol Bhavnagar Parasnath Express,Chhayapuri,01:26
12942,Asansol Bhavnagar Parasnath Express,Ahmedabad,03:35
12060,Nizamuddin Kota Jan Shatabdi Express,Nizamuddin,12:45
12060,Nizamuddin Kota Jan Shatabdi Express,Mathura,14:25
12060,Nizamuddin Kota Jan Shatabdi Express,Bharatpur,14:52
12060,Nizamuddin Kota Jan Shatabdi Express,Bayana,15:20
12060,Nizamuddin Kota Jan Shatabdi Express,Shri Mahaveerji,15:54
12060,Nizamuddin Kota Jan Shatabdi Express,Gangapur City,16:20
12060,Nizamuddin Kota Jan Shatabdi Express,Sawai Madhopur,17:15
12060,Nizamuddin Kota Jan Shatabdi Express,Kota,18:55
12910,Nizamuddin Bandra (T) Garibrath Express,Nizamuddin,16:30
12910,Nizamuddin Bandra (T) Garibrath Express,Mathura,18:05
12910,Nizamuddin Bandra (T) Garibrath Express,Kota,21:20
12910,Nizamuddin Bandra (T) Garibrath Express,Ratlam,00:18
12910,Nizamuddin Bandra (T) Garibrath Express,Vadodara,04:05
12910,Nizamuddin Bandra (T) Garibrath Express,Surat,05:42
12910,Nizamuddin Bandra (T) Garibrath Express,Borivali,08:25
12910,Nizamuddin Bandra (T) Garibrath Express,Bandra (T),09:15
12996,Ajmer Bandra (T) Express,Ajmer,20:30
12996,Ajmer Bandra (T) Express,Ratlam,04:00
12996,Ajmer Bandra (T) Express,Dahod,05:33
12996,Ajmer Bandra (T) Express,Godhra,06:49
12996,Ajmer Bandra (T) Express,Vadodara,07:50
12996,Ajmer Bandra (T) Express,Bharuch,08:57
12996,Ajmer Bandra (T) Express,Surat,10:10
12996,Ajmer Bandra (T) Express,Valsad,11:10
12996,Ajmer Bandra (T) Express,Vapi,11:30
12996,Ajmer Bandra (T) Express,Borivali,13:20
12996,Ajmer Bandra (T) Express,Bandra (T),14:15
19315,Indore Asarva Veer Bhumi Chittaugarh Express,Indore,18:20
19315,Indore Asarva Veer Bhumi Chittaugarh Express,Ujjain,19:33
19315,Indore Asarva Veer Bhumi Chittaugarh Express,Nagda,20:28
19315,Indore Asarva Veer Bhumi Chittaugarh Express,Ratlam,22:00
12912,Haridwar Valsad Express,Nizamuddin,22:15
12912,Haridwar Valsad Express,Bharatpur,00:22
12912,Haridwar Valsad Express,Sawai Madhopur,02:25
12912,Haridwar Valsad Express,Kota,03:50
12912,Haridwar Valsad Express,Ratlam,07:10
12912,Haridwar Valsad Express,Dahod,08:34
12912,Haridwar Valsad Express,Vadodara,11:03
12912,Haridwar Valsad Express,Surat,13:05
12912,Haridwar Valsad Express,Valsad,14:20
19713,Jaipur Kurnool City Express,Jaipur,22:35
19713,Jaipur Kurnool City Express,Sawai Madhopur,00:45
19713,Jaipur Kurnool City Express,Kota,02:10
19713,Jaipur Kurnool City Express,Nagda,05:55
19713,Jaipur Kurnool City Express,Ujjain,07:05
22918,Haridwar Bandra (T) Express,Nizamuddin,22:15
22918,Haridwar Bandra (T) Express,Faridabad,22:34
22918,Haridwar Bandra (T) Express,Mathura,23:57
22918,Haridwar Bandra (T) Express,Bharatpur,00:22
22918,Haridwar Bandra (T) Express,Gangapur City,01:40
22918,Haridwar Bandra (T) Express,Sawai Madhopur,02:25
22918,Haridwar Bandra (T) Express,Kota,03:50
22918,Haridwar Bandra (T) Express,Ratlam,07:10
22918,Haridwar Bandra (T) Express,Vadodara,10:57
22918,Haridwar Bandra (T) Express,Bharuch,11:44
22918,Haridwar Bandra (T) Express,Surat,12:42
22918,Haridwar Bandra (T) Express,Valsad,13:40
22918,Haridwar Bandra (T) Express,Vapi,14:15
22918,Haridwar Bandra (T) Express,Borivali,16:00
22918,Haridwar Bandra (T) Express,Bandra (T),17:00
19804,Shri Mata Vaishno Devi Katra Kota Express,New Delhi,14:10
19804,Shri Mata Vaishno Devi Katra Kota Express,Faridabad,14:42
19804,Shri Mata Vaishno Devi Katra Kota Express,Mathura,16:25
19804,Shri Mata Vaishno Devi Katra Kota Express,Bharatpur,16:50
19804,Shri Mata Vaishno Devi Katra Kota Express,Bayana,17:17
19804,Shri Mata Vaishno Devi Katra Kota Express,Gangapur City,18:15
19804,Shri Mata Vaishno Devi Katra Kota Express,Sawai Madhopur,19:00
19804,Shri Mata Vaishno Devi Katra Kota Express,Kota,20:50
22634,Nizamuddin Thiruvananthapuram Express,Nizamuddin,22:15
22634,Nizamuddin Thiruvananthapuram Express,Mathura,23:57
22634,Nizamuddin Thiruvananthapuram Express,Bharatpur,00:22
22634,Nizamuddin Thiruvananthapuram Express,Sawai Madhopur,02:25
22634,Nizamuddin Thiruvananthapuram Express,Kota,03:50
22634,Nizamuddin Thiruvananthapuram Express,Ratlam,07:10
22634,Nizamuddin Thiruvananthapuram Express,Vadodara,10:57
22634,Nizamuddin Thiruvananthapuram Express,Surat,12:42
22634,Nizamuddin Thiruvananthapuram Express,Vasai Road,15:30
22976,Ram Nagar Bandra (T) Express,Mathura,01:15
22976,Ram Nagar Bandra (T) Express,Bharatpur,03:10
22976,Ram Nagar Bandra (T) Express,Gangapur City,04:30
22976,Ram Nagar Bandra (T) Express,Sawai Madhopur,05:10
22976,Ram Nagar Bandra (T) Express,Kota,06:30
22976,Ram Nagar Bandra (T) Express,Shamgarh,07:55
22976,Ram Nagar Bandra (T) Express,Nagda,09:35
22976,Ram Nagar Bandra (T) Express,Ratlam,10:30
22976,Ram Nagar Bandra (T) Express,Dahod,11:54
22976,Ram Nagar Bandra (T) Express,Godhra,13:22
22976,Ram Nagar Bandra (T) Express,Vadodara,14:30
22976,Ram Nagar Bandra (T) Express,Bharuch,15:43
22976,Ram Nagar Bandra (T) Express,Surat,16:50
22976,Ram Nagar Bandra (T) Express,Vapi,18:00
22976,Ram Nagar Bandra (T) Express,Borivali,20:00
22976,Ram Nagar Bandra (T) Express,Bandra (T),20:55
22632,Bikaner Mad- urai Anuvrat Express,Jaipur,21:30
22632,Bikaner Mad- urai Anuvrat Express,Sawai Madhopur,23:45
22632,Bikaner Mad- urai Anuvrat Express,Kota,01:05
22632,Bikaner Mad- urai Anuvrat Express,Shamgarh,02:30
22632,Bikaner Mad- urai Anuvrat Express,Nagda,04:25
22632,Bikaner Mad- urai Anuvrat Express,Ujjain,05:35
20922,Lucknow Bandra (T) Express,Mathura,02:00
20922,Lucknow Bandra (T) Express,Bharatpur,03:45
20922,Lucknow Bandra (T) Express,Sawai Madhopur,05:35
20922,Lucknow Bandra (T) Express,Kota,07:00
20922,Lucknow Bandra (T) Express,Ratlam,10:40
20922,Lucknow Bandra (T) Express,Dahod,12:04
20922,Lucknow Bandra (T) Express,Godhra,13:22
20922,Lucknow Bandra (T) Express,Vadodara,14:30
20922,Lucknow Bandra (T) Express,Bharuch,15:43
20922,Lucknow Bandra (T) Express,Surat,16:50
20922,Lucknow Bandra (T) Express,Vapi,18:00
20922,Lucknow Bandra (T) Express,Borivali,20:00
20922,Lucknow Bandra (T) Express,Bandra (T),20:55
22673,Bhagat ki Kothi Mannar gudi Express,Jaipur,21:30
22673,Bhagat ki Kothi Mannar gudi Express,Sawai Madhopur,23:45
22673,Bhagat ki Kothi Mannar gudi Express,Kota,01:05
22673,Bhagat ki Kothi Mannar gudi Express,Nagda,04:25
22673,Bhagat ki Kothi Mannar gudi Express,Ujjain,05:35
12228,Indore Mumbai Central Duronto Express,Indore,21:00
12228,Indore Mumbai Central Duronto Express,Ujjain,22:10
12228,Indore Mumbai Central Duronto Express,Ratlam,23:35
12228,Indore Mumbai Central Duronto Express,Vadodara,03:08
12228,Indore Mumbai Central Duronto Express,Mumbai Central,08:20
20942,Ghazipur City Bandra Terminus,Agra Fort,08:40
20942,Ghazipur City Bandra Terminus,Bayana,10:50
20942,Ghazipur City Bandra Terminus,Shri Mahaveerji,11:25
20942,Ghazipur City Bandra Terminus,Gangapur City,11:55
20942,Ghazipur City Bandra Terminus,Sawai Madhopur,12:40
20942,Ghazipur City Bandra Terminus,Kota,13:55
20942,Ghazipur City Bandra Terminus,Shamgarh,15:25
20942,Ghazipur City Bandra Terminus,Ratlam,17:55
20942,Ghazipur City Bandra Terminus,Vadodara,21:56
20942,Ghazipur City Bandra Terminus,Bharuch,22:43
20942,Ghazipur City Bandra Terminus,Surat,23:44
20942,Ghazipur City Bandra Terminus,Valsad,00:52
20942,Ghazipur City Bandra Terminus,Vapi,01:15
20942,Ghazipur City Bandra Terminus,Borivali,03:23
20942,Ghazipur City Bandra Terminus,Bandra (T),04:20
20936,Indore Gandhidham Express,Indore,23:30
20936,Indore Gandhidham Express,Ujjain,00:45
20936,Indore Gandhidham Express,Ratlam,02:30
20936,Indore Gandhidham Express,Dahod,03:58
20936,Indore Gandhidham Express,Godhra,05:35
20936,Indore Gandhidham Express,Ahmedabad,09:05
20936,Indore Gandhidham Express,Bharuch,14:05
20916,Indore Lingapalli Humsafar Express,Indore,11:15
20916,Indore Lingapalli Humsafar Express,Ujjain,12:45
20916,Indore Lingapalli Humsafar Express,Ratlam,14:40
20916,Indore Lingapalli Humsafar Express,Vadodara,18:20
20916,Indore Lingapalli Humsafar Express,Surat,19:58
20916,Indore Lingapalli Humsafar Express,Vasai Road,22:45
19002,Surat Virar MEMU Express,Surat,04:15
19002,Surat Virar MEMU Express,Valsad,06:15
19002,Surat Virar MEMU Express,Vapi,07:12
19002,Surat Virar MEMU Express,Virar,10:10
19092,Gorakhpur Bandra Terminus Humsafar Express,Ujjain,20:00
19092,Gorakhpur Bandra Terminus Humsafar Express,Nagda,21:00
19092,Gorakhpur Bandra Terminus Humsafar Express,Ratlam,22:15
19092,Gorakhpur Bandra Terminus Humsafar Express,Dahod,23:39
19092,Gorakhpur Bandra Terminus Humsafar Express,Vadodara,03:07
19092,Gorakhpur Bandra Terminus Humsafar Express,Surat,04:55
19092,Gorakhpur Bandra Terminus Humsafar Express,Borivali,07:30
19092,Gorakhpur Bandra Terminus Humsafar Express,Bandra (T),08:30
19102,Surat Virar MEMU Express,Surat,16:45
19102,Surat Virar MEMU Express,Valsad,18:45
19102,Surat Virar MEMU Express,Vapi,19:44
19102,Surat Virar MEMU Express,Virar,22:22
20920,Ekta Nagar Chennai SF Express,Ekta Nagar,09:00
20920,Ekta Nagar Chennai SF Express,Vadodara,10:50
20920,Ekta Nagar Chennai SF Express,Surat,12:42
20920,Ekta Nagar Chennai SF Express,Valsad,13:30
20920,Ekta Nagar Chennai SF Express,Vapi,13:55
20920,Ekta Nagar Chennai SF Express,Vasai Road,15:40
20946,Nizamuddin Ekta Nagar SF Express,Nizamuddin,15:45
20946,Nizamuddin Ekta Nagar SF Express,Mathura,14:55
20946,Nizamuddin Ekta Nagar SF Express,Kota,21:50
20946,Nizamuddin Ekta Nagar SF Express,Ratlam,01:35
20946,Nizamuddin Ekta Nagar SF Express,Dahod,03:04
20946,Nizamuddin Ekta Nagar SF Express,Godhra,04:27
20946,Nizamuddin Ekta Nagar SF Express,Ekta Nagar,06:55
20946,Nizamuddin Ekta Nagar SF Express,Vadodara,05:25
19414,olkata Rajjk Express,Ujjain,21:40
19414,olkata Rajjk Express,Nagda,23:05
19414,olkata Rajjk Express,Ratlam,00:15
19414,olkata Rajjk Express,Godhra,03:27
19414,olkata Rajjk Express,Chhayapuri,04:13
19414,olkata Rajjk Express,Ahmedabad,07:35
19414,olkata Rajjk Express,None None Rajkot* Arr.,11:40
19722,Bayana Jaipur Express,Bayana,14:10
19722,Bayana Jaipur Express,Shri Mahaveerji,14:52
19722,Bayana Jaipur Express,Gangapur City,15:30
19722,Bayana Jaipur Express,Jaipur,20:15
19722,Bayana Jaipur Express,Sawai Madhopur,17:00
20452,New Delhi Sogaria SF Express,New Delhi,07:10
20452,New Delhi Sogaria SF Express,Mathura,09:00
20452,New Delhi Sogaria SF Express,Bharatpur,09:25
20452,New Delhi Sogaria SF Express,Shri Mahaveerji,10:22
20452,New Delhi Sogaria SF Express,Gangapur City,10:50
20452,New Delhi Sogaria SF Express,Sawai Madhopur,11:35
20452,New Delhi Sogaria SF Express,Sogaria,13:35
9653,Ajmer Bandra (T) Special,Ajmer,17:50
9653,Ajmer Bandra (T) Special,Ratlam,00:45
9653,Ajmer Bandra (T) Special,Dahod,02:18
9653,Ajmer Bandra (T) Special,Godhra,04:30
9653,Ajmer Bandra (T) Special,Vadodara,05:50
9653,Ajmer Bandra (T) Special,Surat,07:55
9653,Ajmer Bandra (T) Special,Valsad,08:53
9653,Ajmer Bandra (T) Special,Vapi,09:31
9653,Ajmer Bandra (T) Special,Borivali,11:13
9653,Ajmer Bandra (T) Special,Bandra (T),12:15
9723,Jaipur Bandra (T) Special,Ajmer,10:25
9723,Jaipur Bandra (T) Special,Jaipur,08:20
9723,Jaipur Bandra (T) Special,Ratlam,17:40
9723,Jaipur Bandra (T) Special,Vadodara,22:48
9723,Jaipur Bandra (T) Special,Surat,01:17
9723,Jaipur Bandra (T) Special,Vapi,02:41
9723,Jaipur Bandra (T) Special,Borivali,04:06
9723,Jaipur Bandra (T) Special,Bandra (T),04:55
4711,Bikaner Bandra (T) Special,Jaipur,20:50
4711,Bikaner Bandra (T) Special,Sawai Madhopur,23:15
4711,Bikaner Bandra (T) Special,Kota,00:40
4711,Bikaner Bandra (T) Special,Shamgarh,02:20
4711,Bikaner Bandra (T) Special,Nagda,04:15
4711,Bikaner Bandra (T) Special,Nagda,04:15
4711,Bikaner Bandra (T) Special,Ratlam,05:05
4711,Bikaner Bandra (T) Special,Godhra,07:54
4711,Bikaner Bandra (T) Special,Vadodara,08:55
4711,Bikaner Bandra (T) Special,Surat,11:20
4711,Bikaner Bandra (T) Special,Valsad,12:12
4711,Bikaner Bandra (T) Special,Vapi,12:32
4711,Bikaner Bandra (T) Special,Borivali,15:11
4711,Bikaner Bandra (T) Special,Bandra (T),15:50
9419,Ahmedabad Tiruchchirappalli Jn. Special,Vadodara,11:00
9419,Ahmedabad Tiruchchirappalli Jn. Special,Ahmedabad,09:30
9419,Ahmedabad Tiruchchirappalli Jn. Special,Surat,13:05
9419,Ahmedabad Tiruchchirappalli Jn. Special,Valsad,14:03
9419,Ahmedabad Tiruchchirappalli Jn. Special,Vapi,14:27
9419,Ahmedabad Tiruchchirappalli Jn. Special,Vasai Road,16:05
22922,Gorakhpur Bandra (T) Antyodaya Express,Mathura,19:20
22922,Gorakhpur Bandra (T) Antyodaya Express,Bharatpur,21:20
22922,Gorakhpur Bandra (T) Antyodaya Express,Agra Fort a d IDH,12:40
22922,Gorakhpur Bandra (T) Antyodaya Express,Kota,00:35
22922,Gorakhpur Bandra (T) Antyodaya Express,Ratlam,04:15
22922,Gorakhpur Bandra (T) Antyodaya Express,Vadodara,08:16
22922,Gorakhpur Bandra (T) Antyodaya Express,Surat,10:22
22922,Gorakhpur Bandra (T) Antyodaya Express,Valsad,11:45
22922,Gorakhpur Bandra (T) Antyodaya Express,Vapi,12:10
22922,Gorakhpur Bandra (T) Antyodaya Express,Borivali,14:25
22922,Gorakhpur Bandra (T) Antyodaya Express,Bandra (T),15:15
12450,Chandigarh Madgaon Goa Sampark Kranti Express,New Delhi,06:10
12450,Chandigarh Madgaon Goa Sampark Kranti Express,Nizamuddin,06:23
12450,Chandigarh Madgaon Goa Sampark Kranti Express,Kota,11:20
12450,Chandigarh Madgaon Goa Sampark Kranti Express,Ratlam,14:53
12450,Chandigarh Madgaon Goa Sampark Kranti Express,Vadodara,18:30
12450,Chandigarh Madgaon Goa Sampark Kranti Express,Surat,20:11
12450,Chandigarh Madgaon Goa Sampark Kranti Express,Vasai Road,23:00
12948,Rajgir Ahmedabad Azimabad Express,Agra Fort a d IDH,12:35
12948,Rajgir Ahmedabad Azimabad Express,Bayana a d ,14:45
12948,Rajgir Ahmedabad Azimabad Express,Gangapur City a d ,15:45
12948,Rajgir Ahmedabad Azimabad Express,Sawai Madhopur a d ,16:30
12948,Rajgir Ahmedabad Azimabad Express,Kota,17:50
12948,Rajgir Ahmedabad Azimabad Express,Nagda a d ,21:12
12948,Rajgir Ahmedabad Azimabad Express,Ratlam,21:55
12948,Rajgir Ahmedabad Azimabad Express,Chhayapuri,01:30
12948,Rajgir Ahmedabad Azimabad Express,Ahmedabad,03:50
12218,Chandigarh Kochuveli Kerala Sampark Kranti Express,New Delhi,13:10
12218,Chandigarh Kochuveli Kerala Sampark Kranti Express,Nizamuddin,13:23
12218,Chandigarh Kochuveli Kerala Sampark Kranti Express,Kota,18:15
12218,Chandigarh Kochuveli Kerala Sampark Kranti Express,Ratlam,21:35
12218,Chandigarh Kochuveli Kerala Sampark Kranti Express,Vadodara,01:23
12218,Chandigarh Kochuveli Kerala Sampark Kranti Express,Surat,03:02
12218,Chandigarh Kochuveli Kerala Sampark Kranti Express,Vasai Road,06:00
22660,Yog Nagari Rishkesh Kochuveli Express,Nizamuddin,13:20
22660,Yog Nagari Rishkesh Kochuveli Express,Kota,18:15
22660,Yog Nagari Rishkesh Kochuveli Express,Ratlam,21:35
22660,Yog Nagari Rishkesh Kochuveli Express,Vadodara,01:23
22660,Yog Nagari Rishkesh Kochuveli Express,Surat,03:05
22660,Yog Nagari Rishkesh Kochuveli Express,Vasai Road,06:00
12484,Amritsar Kochuveli Express,New Delhi,13:10
12484,Amritsar Kochuveli Express,Nizamuddin,13:23
12484,Amritsar Kochuveli Express,Kota,18:15
12484,Amritsar Kochuveli Express,Ratlam,21:35
12484,Amritsar Kochuveli Express,Vadodara,01:23
12484,Amritsar Kochuveli Express,Surat,03:05
12484,Amritsar Kochuveli Express,Vasai Road,06:00
12918,Nizamuddin Rajkot Gujarat Sampark Kranti Express,Nizamuddin,13:25
12918,Nizamuddin Rajkot Gujarat Sampark Kranti Express,Mathura,14:55
12918,Nizamuddin Rajkot Gujarat Sampark Kranti Express,Kota,18:15
12918,Nizamuddin Rajkot Gujarat Sampark Kranti Express,Ratlam,21:35
12918,Nizamuddin Rajkot Gujarat Sampark Kranti Express,Dahod d ,22:59
12918,Nizamuddin Rajkot Gujarat Sampark Kranti Express,Godhra a d ,00:22
12918,Nizamuddin Rajkot Gujarat Sampark Kranti Express,Chhayapuri,01:10
12918,Nizamuddin Rajkot Gujarat Sampark Kranti Express,Ahmedabad,03:25
12918,Nizamuddin Rajkot Gujarat Sampark Kranti Express,Bharuch a d ,07:55
12952,New Delhi Mumbai Central Rajdhani Express,New Delhi,16:55
12952,New Delhi Mumbai Central Rajdhani Express,Kota,21:40
12952,New Delhi Mumbai Central Rajdhani Express,Nagda a d ,23:59
12952,New Delhi Mumbai Central Rajdhani Express,Ratlam,00:33
12952,New Delhi Mumbai Central Rajdhani Express,Vadodara,03:50
12952,New Delhi Mumbai Central Rajdhani Express,Surat,05:18
12952,New Delhi Mumbai Central Rajdhani Express,Borivali,07:40
12952,New Delhi Mumbai Central Rajdhani Express,Mumbai Central,08:35
12954,Nizamuddin Mumbai Central August Kranti Rajdhani Express,Nizamuddin,17:15
12954,Nizamuddin Mumbai Central August Kranti Rajdhani Express,Mathura,18:45
12954,Nizamuddin Mumbai Central August Kranti Rajdhani Express,Sawai Madhopur a d ,20:50
12954,Nizamuddin Mumbai Central August Kranti Rajdhani Express,Kota,22:10
12954,Nizamuddin Mumbai Central August Kranti Rajdhani Express,Ratlam,01:07
12954,Nizamuddin Mumbai Central August Kranti Rajdhani Express,Dahod d ,02:33
12954,Nizamuddin Mumbai Central August Kranti Rajdhani Express,Vadodara,04:39
12954,Nizamuddin Mumbai Central August Kranti Rajdhani Express,Bharuch a d ,05:28
12954,Nizamuddin Mumbai Central August Kranti Rajdhani Express,Surat,06:18
12954,Nizamuddin Mumbai Central August Kranti Rajdhani Express,Valsad,07:05
12954,Nizamuddin Mumbai Central August Kranti Rajdhani Express,Vapi,07:25
12954,Nizamuddin Mumbai Central August Kranti Rajdhani Express,Borivali,09:10
12954,Nizamuddin Mumbai Central August Kranti Rajdhani Express,Mumbai Central,10:05
"12968 /
12970",Jaipur Chennai/ Coimbatoree Express,Jaipur,19:35
"12968 /
12970",Jaipur Chennai/ Coimbatoree Express,Sawai Madhopur a d ,21:40
"12968 /
12970",Jaipur Chennai/ Coimbatoree Express,Kota,23:00
"12968 /
12970",Jaipur Chennai/ Coimbatoree Express,Ramganj Mandi,23:45
"12968 /
12970",Jaipur Chennai/ Coimbatoree Express,Shamgarh a d ,00:35
"12968 /
12970",Jaipur Chennai/ Coimbatoree Express,Nagda a d ,03:10
"12968 /
12970",Jaipur Chennai/ Coimbatoree Express,Ujjain,04:15
20814,Jodhpur Puri Super Fast Express,Jaipur,19:25
20814,Jodhpur Puri Super Fast Express,Sawai Madhopur a d ,21:40
20814,Jodhpur Puri Super Fast Express,Kota,23:00
20814,Jodhpur Puri Super Fast Express,Shamgarh a d ,00:35
20814,Jodhpur Puri Super Fast Express,Nagda a d ,03:10
20814,Jodhpur Puri Super Fast Express,Ujjain,04:15
12466,Bhagat ki Kothi Indore Ranth- ambore Express,Jaipur,10:02
12466,Bhagat ki Kothi Indore Ranth- ambore Express,Sawai Madhopur a d ,12:45
12466,Bhagat ki Kothi Indore Ranth- ambore Express,Kota,14:20
12466,Bhagat ki Kothi Indore Ranth- ambore Express,Ramganj Mandi,15:20
12466,Bhagat ki Kothi Indore Ranth- ambore Express,Shamgarh a d ,16:10
12466,Bhagat ki Kothi Indore Ranth- ambore Express,Nagda a d ,18:25
12466,Bhagat ki Kothi Indore Ranth- ambore Express,Ujjain,19:20
12466,Bhagat ki Kothi Indore Ranth- ambore Express,Indore,21:05
12248,Nizamuddin Bandra (T) Yuva Express,Nizamuddin,16:30
12248,Nizamuddin Bandra (T) Yuva Express,Mathura,18:05
12248,Nizamuddin Bandra (T) Yuva Express,Kota,21:20
12248,Nizamuddin Bandra (T) Yuva Express,Ratlam,00:18
12248,Nizamuddin Bandra (T) Yuva Express,Vadodara,04:05
12248,Nizamuddin Bandra (T) Yuva Express,Surat,05:42
12248,Nizamuddin Bandra (T) Yuva Express,Bandra (T),09:15
12940,Jaipur Pune Express,Jaipur,12:25
12940,Jaipur Pune Express,Sawai Madhopur a d ,14:45
12940,Jaipur Pune Express,Kota,16:05
12940,Jaipur Pune Express,Ramganj Mandi,16:52
12940,Jaipur Pune Express,Ratlam,19:40
12940,Jaipur Pune Express,Vadodara,23:29
12940,Jaipur Pune Express,Surat,01:15
12940,Jaipur Pune Express,Vasai Road,04:05
22902,Udaipur City/ Band- ra (T) Express,Jaipur,20:50
22902,Udaipur City/ Band- ra (T) Express,Ratlam,03:20
22902,Udaipur City/ Band- ra (T) Express,Dahod d ,04:56
22902,Udaipur City/ Band- ra (T) Express,Vadodara,07:35
22902,Udaipur City/ Band- ra (T) Express,Bharuch a d ,08:31
22902,Udaipur City/ Band- ra (T) Express,Surat,09:48
22902,Udaipur City/ Band- ra (T) Express,Borivali,12:40
22902,Udaipur City/ Band- ra (T) Express,Bandra (T),13:35
12930,Vadodara Valsad SF Express,Vadodara,17:10
12930,Vadodara Valsad SF Express,Bharuch a d ,18:03
12930,Vadodara Valsad SF Express,Surat,19:07
12930,Vadodara Valsad SF Express,Valsad,20:45
"13237 /
13239",Patna Kota Express,Mathura,07:10
"13237 /
13239",Patna Kota Express,Bharatpur,07:35
"13237 /
13239",Patna Kota Express,Bayana a d ,08:10
"13237 /
13239",Patna Kota Express,Gangapur City a d ,09:15
"13237 /
13239",Patna Kota Express,Sawai Madhopur a d ,10:00
"13237 /
13239",Patna Kota Express,Kota,11:55
5053,Gorakhpur Bandra Special,Agra Fort a d IDH,19:55
5053,Gorakhpur Bandra Special,Bayana a d ,22:10
5053,Gorakhpur Bandra Special,Gangapur City a d ,23:05
5053,Gorakhpur Bandra Special,Kota,01:05
5053,Gorakhpur Bandra Special,Shamgarh a d ,02:30
5053,Gorakhpur Bandra Special,Ratlam,06:25
5053,Gorakhpur Bandra Special,Vadodara,10:30
5053,Gorakhpur Bandra Special,Surat,12:28
5053,Gorakhpur Bandra Special,Valsad,13:22
5053,Gorakhpur Bandra Special,Vapi,13:42
5053,Gorakhpur Bandra Special,Borivali,17:15
5053,Gorakhpur Bandra Special,Bandra (T),18:00
20982,gra Cantt Udaipur City Vand Bharat Express,Agra Fort a d IDH,15:00
20982,gra Cantt Udaipur City Vand Bharat Express,Gangapur City a d ,16:55
20982,gra Cantt Udaipur City Vand Bharat Express,Sawai Madhopur a d ,17:40
20982,gra Cantt Udaipur City Vand Bharat Express,Kota,19:10
20982,gra Cantt Udaipur City Vand Bharat Express,Ramganj Mandi,23:45
20844,Bhagat Ki Kothi (Jodhpur) Bilaspur Express,Jaipur,07:20
20844,Bhagat Ki Kothi (Jodhpur) Bilaspur Express,Sawai Madhopur,10:30
20844,Bhagat Ki Kothi (Jodhpur) Bilaspur Express,Kota,12:00
20844,Bhagat Ki Kothi (Jodhpur) Bilaspur Express,Ramganj Mandi,12:45
20844,Bhagat Ki Kothi (Jodhpur) Bilaspur Express,Shamgarh,13:30
20844,Bhagat Ki Kothi (Jodhpur) Bilaspur Express,Nagda,15:35
20844,Bhagat Ki Kothi (Jodhpur) Bilaspur Express,Ujjain,16:30
20846,Bikaner Bilaspur Express,Jaipur,07:20
20846,Bikaner Bilaspur Express,Sawai Madhopur,10:30
20846,Bikaner Bilaspur Express,Kota,12:00
20846,Bikaner Bilaspur Express,Shamgarh,13:30
20846,Bikaner Bilaspur Express,Nagda,15:35
20846,Bikaner Bilaspur Express,Ujjain,16:30
22443,Kanpur Bandra (T) Express,Mathura,01:15
22443,Kanpur Bandra (T) Express,Bharatpur,03:10
22443,Kanpur Bandra (T) Express,Sawai Madhopur,05:10
22443,Kanpur Bandra (T) Express,Kota,06:30
22443,Kanpur Bandra (T) Express,Nagda,09:35
22443,Kanpur Bandra (T) Express,Ratlam,10:30
22443,Kanpur Bandra (T) Express,Godhra,13:22
22443,Kanpur Bandra (T) Express,Vadodara,14:30
22443,Kanpur Bandra (T) Express,Bharuch,15:43
22443,Kanpur Bandra (T) Express,Surat,16:50
22443,Kanpur Bandra (T) Express,Vapi,18:00
22443,Kanpur Bandra (T) Express,Borivali,20:00
22443,Kanpur Bandra (T) Express,Bandra (T),20:55
22654,Nizamuddin Thiruvananthapuram Express,Nizamuddin,05:00
22654,Nizamuddin Thiruvananthapuram Express,Mathura,06:35
22654,Nizamuddin Thiruvananthapuram Express,Bharatpur,07:00
22654,Nizamuddin Thiruvananthapuram Express,Sawai Madhopur,08:55
22654,Nizamuddin Thiruvananthapuram Express,Kota,10:40
22654,Nizamuddin Thiruvananthapuram Express,Ratlam,14:40
22654,Nizamuddin Thiruvananthapuram Express,Vadodara,18:20
22654,Nizamuddin Thiruvananthapuram Express,Bharuch,19:09
22654,Nizamuddin Thiruvananthapuram Express,Surat,19:58
22654,Nizamuddin Thiruvananthapuram Express,Vapi,21:10
22654,Nizamuddin Thiruvananthapuram Express,Vasai Road,22:45
22656,Nizamuddin Thiruvananthapuram Express,Nizamuddin,05:00
22656,Nizamuddin Thiruvananthapuram Express,Mathura,06:35
22656,Nizamuddin Thiruvananthapuram Express,Bharatpur,07:00
22656,Nizamuddin Thiruvananthapuram Express,Sawai Madhopur,08:55
22656,Nizamuddin Thiruvananthapuram Express,Kota,10:40
22656,Nizamuddin Thiruvananthapuram Express,Ratlam,14:40
22656,Nizamuddin Thiruvananthapuram Express,Vadodara,18:20
22656,Nizamuddin Thiruvananthapuram Express,Bharuch,19:09
22656,Nizamuddin Thiruvananthapuram Express,Surat,19:58
22656,Nizamuddin Thiruvananthapuram Express,Vapi,21:10
22656,Nizamuddin Thiruvananthapuram Express,Vasai Road,22:45
20986,Martyr Captain Tushar Mahajan Kota Express,New Delhi,06:10
20986,Martyr Captain Tushar Mahajan Kota Express,Nizamuddin,06:23
20986,Martyr Captain Tushar Mahajan Kota Express,Faridabad,06:41
20986,Martyr Captain Tushar Mahajan Kota Express,Mathura,08:00
20986,Martyr Captain Tushar Mahajan Kota Express,Bharatpur,08:25
20986,Martyr Captain Tushar Mahajan Kota Express,Bayana,09:02
20986,Martyr Captain Tushar Mahajan Kota Express,Gangapur City,10:05
20986,Martyr Captain Tushar Mahajan Kota Express,Sawai Madhopur,10:55
20986,Martyr Captain Tushar Mahajan Kota Express,Kota,12:40
12402,Dehradun Kota Nanda Devi Express,Nizamuddin,04:45
12402,Dehradun Kota Nanda Devi Express,Mathura,06:20
12402,Dehradun Kota Nanda Devi Express,Bharatpur,06:45
12402,Dehradun Kota Nanda Devi Express,Bayana,07:10
12402,Dehradun Kota Nanda Devi Express,Gangapur City,08:05
12402,Dehradun Kota Nanda Devi Express,Sawai Madhopur,08:45
12402,Dehradun Kota Nanda Devi Express,Kota,10:35
22210,Hazrat Nizamuddin- Mumbai Central Duronto Express,Nizamuddin,22:20
22210,Hazrat Nizamuddin- Mumbai Central Duronto Express,Kota,03:50
22210,Hazrat Nizamuddin- Mumbai Central Duronto Express,Ratlam,07:05
22210,Hazrat Nizamuddin- Mumbai Central Duronto Express,Vadodara,10:43
22210,Hazrat Nizamuddin- Mumbai Central Duronto Express,Mumbai Central,15:50
19490,Gorakhpur Ahmedbad Express,Nagda,21:00
19490,Gorakhpur Ahmedbad Express,Ujjain,20:00
19490,Gorakhpur Ahmedbad Express,Nagda,21:00
19490,Gorakhpur Ahmedbad Express,Ratlam,22:15
19490,Gorakhpur Ahmedbad Express,Dahod,23:39
19490,Gorakhpur Ahmedbad Express,Chhayapuri,01:55
19490,Gorakhpur Ahmedbad Express,Ahmedabad,04:05
19110,Mathura Kota MEMU Express,Mathura,05:00
19110,Mathura Kota MEMU Express,Bharatpur,05:45
19110,Mathura Kota MEMU Express,Bayana,06:33
19110,Mathura Kota MEMU Express,Shri Mahaveerji,07:28
19110,Mathura Kota MEMU Express,Gangapur City,08:20
19110,Mathura Kota MEMU Express,Sawai Madhopur,09:50
19110,Mathura Kota MEMU Express,Kota,13:20
19104,Kota Ratlam MEMU Express,Kota,13:30
19104,Kota Ratlam MEMU Express,Ramganj Mandi,14:55
19104,Kota Ratlam MEMU Express,Shamgarh,16:20
19104,Kota Ratlam MEMU Express,Nagda,19:05
19104,Kota Ratlam MEMU Express,Ratlam,20:45
19818,Yamuna Bridge Ratlam Express,Mathura,20:05
19818,Yamuna Bridge Ratlam Express,Agra Fort,20:20
19818,Yamuna Bridge Ratlam Express,Bayana,22:40
19818,Yamuna Bridge Ratlam Express,Shri Mahaveerji,23:32
19818,Yamuna Bridge Ratlam Express,Gangapur City,00:20
19818,Yamuna Bridge Ratlam Express,Sawai Madhopur,01:55
19818,Yamuna Bridge Ratlam Express,Kota,05:55
19818,Yamuna Bridge Ratlam Express,Ratlam,15:20
10116,Madgaon (J) Bandra (T) Express,Vasai Road,21:45
10116,Madgaon (J) Bandra (T) Express,Borivali,22:30
10116,Madgaon (J) Bandra (T) Express,Bandra (T),23:40
22544,Lalkuan Bandra(T) Supefast Express,Mathura,15:55
22544,Lalkuan Bandra(T) Supefast Express,Bharatpur,16:20
22544,Lalkuan Bandra(T) Supefast Express,Sawai Madhopur,18:15
22544,Lalkuan Bandra(T) Supefast Express,Kota,19:40
22544,Lalkuan Bandra(T) Supefast Express,Ratlam,23:35
22544,Lalkuan Bandra(T) Supefast Express,Vadodara,03:08
22544,Lalkuan Bandra(T) Supefast Express,Surat,04:55
22544,Lalkuan Bandra(T) Supefast Express,Vapi,05:55
22544,Lalkuan Bandra(T) Supefast Express,Borivali,07:30
22544,Lalkuan Bandra(T) Supefast Express,Bandra (T),08:30
22934,Jaipur Bandra (T) Express,Jaipur,13:10
22934,Jaipur Bandra (T) Express,Sawai Madhopur,15:30
22934,Jaipur Bandra (T) Express,Kota,16:40
22934,Jaipur Bandra (T) Express,Nagda,19:32
22934,Jaipur Bandra (T) Express,Ratlam,20:20
22934,Jaipur Bandra (T) Express,Dahod,21:43
22934,Jaipur Bandra (T) Express,Vadodara,00:17
22934,Jaipur Bandra (T) Express,Bharuch,01:04
22934,Jaipur Bandra (T) Express,Surat,02:22
22934,Jaipur Bandra (T) Express,Vapi,03:30
22934,Jaipur Bandra (T) Express,Borivali,05:25
22934,Jaipur Bandra (T) Express,Bandra (T),06:30
15668,Kamakhya Gandhidham Express,Agra Fort,23:45
15668,Kamakhya Gandhidham Express,Bayana,01:30
15668,Kamakhya Gandhidham Express,Sawai Madhopur,03:02
15668,Kamakhya Gandhidham Express,Kota,04:25
15668,Kamakhya Gandhidham Express,Ratlam,07:55
15668,Kamakhya Gandhidham Express,Chhayapuri,11:21
15668,Kamakhya Gandhidham Express,Ahmedabad,13:50
15636,Guwahati Okha Dwarka Express,Agra Fort,23:45
15636,Guwahati Okha Dwarka Express,Bayana,01:30
15636,Guwahati Okha Dwarka Express,Gangapur City,02:20
15636,Guwahati Okha Dwarka Express,Sawai Madhopur,03:02
15636,Guwahati Okha Dwarka Express,Kota,04:25
15636,Guwahati Okha Dwarka Express,Nagda,07:07
15636,Guwahati Okha Dwarka Express,Nagda,07:07
15636,Guwahati Okha Dwarka Express,Ratlam,07:55
15636,Guwahati Okha Dwarka Express,Chhayapuri,11:21
15636,Guwahati Okha Dwarka Express,Ahmedabad,13:50
12976,Jaipur Mysore Express,Jaipur,19:35
12976,Jaipur Mysore Express,Sawai Madhopur,21:40
12976,Jaipur Mysore Express,Kota,23:00
12976,Jaipur Mysore Express,Shamgarh,00:35
12976,Jaipur Mysore Express,Nagda,03:10
12976,Jaipur Mysore Express,Ujjain,04:15
12963,Nizamuddin Udaipur City Mewar Express,Nizamuddin,18:25
12963,Nizamuddin Udaipur City Mewar Express,Mathura,20:25
12963,Nizamuddin Udaipur City Mewar Express,Bharatpur,20:50
12963,Nizamuddin Udaipur City Mewar Express,Bayana,21:15
12963,Nizamuddin Udaipur City Mewar Express,Shri Mahaveerji,21:48
12963,Nizamuddin Udaipur City Mewar Express,Gangapur City,22:15
12963,Nizamuddin Udaipur City Mewar Express,Sawai Madhopur,23:05
12963,Nizamuddin Udaipur City Mewar Express,Kota,00:45
12963,Nizamuddin Udaipur City Mewar Express,Udaipur City,07:30
12926,Amritsar- Bandra (T) Paschim Express,New Delhi,16:35
12926,Amritsar- Bandra (T) Paschim Express,Faridabad,17:01
12926,Amritsar- Bandra (T) Paschim Express,Mathura,19:15
12926,Amritsar- Bandra (T) Paschim Express,Bharatpur,19:40
12926,Amritsar- Bandra (T) Paschim Express,Bayana,20:15
12926,Amritsar- Bandra (T) Paschim Express,Gangapur City,21:15
12926,Amritsar- Bandra (T) Paschim Express,Sawai Madhopur,22:00
12926,Amritsar- Bandra (T) Paschim Express,Kota,23:40
12926,Amritsar- Bandra (T) Paschim Express,Shamgarh,01:25
12926,Amritsar- Bandra (T) Paschim Express,Nagda,03:40
12926,Amritsar- Bandra (T) Paschim Express,Ratlam,04:35
12926,Amritsar- Bandra (T) Paschim Express,Dahod,06:06
12926,Amritsar- Bandra (T) Paschim Express,Godhra,07:17
12926,Amritsar- Bandra (T) Paschim Express,Vadodara,08:27
12926,Amritsar- Bandra (T) Paschim Express,Bharuch,09:22
12926,Amritsar- Bandra (T) Paschim Express,Surat,10:34
12926,Amritsar- Bandra (T) Paschim Express,Valsad,11:30
12926,Amritsar- Bandra (T) Paschim Express,Vapi,11:50
12926,Amritsar- Bandra (T) Paschim Express,Borivali,13:40
12926,Amritsar- Bandra (T) Paschim Express,Bandra (T),14:40
12980,Jaipur Bandra (T) Express,Jaipur,20:20
12980,Jaipur Bandra (T) Express,Sawai Madhopur,22:40
12980,Jaipur Bandra (T) Express,Kota,23:55
12980,Jaipur Bandra (T) Express,Nagda,02:32
12980,Jaipur Bandra (T) Express,Ratlam,03:15
12980,Jaipur Bandra (T) Express,Dahod,04:44
12980,Jaipur Bandra (T) Express,Godhra,05:59
12980,Jaipur Bandra (T) Express,Vadodara,07:10
12980,Jaipur Bandra (T) Express,Surat,08:59
12980,Jaipur Bandra (T) Express,Valsad,09:50
12980,Jaipur Bandra (T) Express,Vapi,10:15
12980,Jaipur Bandra (T) Express,Borivali,12:20
12980,Jaipur Bandra (T) Express,Bandra (T),13:15
12974,Jaipur Indore Express,Jaipur,21:00
12974,Jaipur Indore Express,Sawai Madhopur,23:15
12974,Jaipur Indore Express,Kota,00:35
12974,Jaipur Indore Express,Nagda,03:50
12974,Jaipur Indore Express,Ujjain,04:45
12974,Jaipur Indore Express,Indore,06:25
12472,Shri Mata Vaishno Devi Katra Bandra (T) Swaraj Express,New Delhi,21:40
12472,Shri Mata Vaishno Devi Katra Bandra (T) Swaraj Express,Mathura,23:25
12472,Shri Mata Vaishno Devi Katra Bandra (T) Swaraj Express,Gangapur City,00:55
12472,Shri Mata Vaishno Devi Katra Bandra (T) Swaraj Express,Sawai Madhopur,01:35
12472,Shri Mata Vaishno Devi Katra Bandra (T) Swaraj Express,Kota,02:50
12472,Shri Mata Vaishno Devi Katra Bandra (T) Swaraj Express,Nagda,05:55
12472,Shri Mata Vaishno Devi Katra Bandra (T) Swaraj Express,Ratlam,06:40
12472,Shri Mata Vaishno Devi Katra Bandra (T) Swaraj Express,Dahod,08:15
12472,Shri Mata Vaishno Devi Katra Bandra (T) Swaraj Express,Godhra,09:32
12472,Shri Mata Vaishno Devi Katra Bandra (T) Swaraj Express,Vadodara,10:35
12472,Shri Mata Vaishno Devi Katra Bandra (T) Swaraj Express,Bharuch,11:35
12472,Shri Mata Vaishno Devi Katra Bandra (T) Swaraj Express,Surat,12:30
12472,Shri Mata Vaishno Devi Katra Bandra (T) Swaraj Express,Vapi,13:35
12472,Shri Mata Vaishno Devi Katra Bandra (T) Swaraj Express,Borivali,15:20
12472,Shri Mata Vaishno Devi Katra Bandra (T) Swaraj Express,Bandra (T),16:10
12416,New Delhi Indore Express,New Delhi,21:50
12416,New Delhi Indore Express,Nizamuddin,22:03
12416,New Delhi Indore Express,Mathura,23:40
12416,New Delhi Indore Express,Bharatpur,00:05
12416,New Delhi Indore Express,Bayana,00:32
12416,New Delhi Indore Express,Shri Mahaveerji,01:00
12416,New Delhi Indore Express,Gangapur City,01:25
12416,New Delhi Indore Express,Sawai Madhopur,02:05
12416,New Delhi Indore Express,Kota,03:30
12416,New Delhi Indore Express,Shamgarh,05:05
12416,New Delhi Indore Express,Nagda,07:25
12416,New Delhi Indore Express,Ujjain,08:25
12416,New Delhi Indore Express,Indore,10:05
19020,Haridwar Bandra (T) Express,Nizamuddin,18:55
19020,Haridwar Bandra (T) Express,Faridabad,19:15
19020,Haridwar Bandra (T) Express,Mathura,21:15
19020,Haridwar Bandra (T) Express,Bharatpur,21:50
19020,Haridwar Bandra (T) Express,Bayana,22:20
19020,Haridwar Bandra (T) Express,Shri Mahaveerji,23:07
19020,Haridwar Bandra (T) Express,Gangapur City,23:40
19020,Haridwar Bandra (T) Express,Sawai Madhopur,00:55
19020,Haridwar Bandra (T) Express,Kota,03:10
19020,Haridwar Bandra (T) Express,Shamgarh,05:50
19020,Haridwar Bandra (T) Express,Nagda,08:00
19020,Haridwar Bandra (T) Express,Ratlam,09:15
19020,Haridwar Bandra (T) Express,Dahod,11:20
19020,Haridwar Bandra (T) Express,Godhra,12:56
19020,Haridwar Bandra (T) Express,Vadodara,14:35
19020,Haridwar Bandra (T) Express,Bharuch,15:52
19020,Haridwar Bandra (T) Express,Surat,17:22
19020,Haridwar Bandra (T) Express,Valsad,18:35
19020,Haridwar Bandra (T) Express,Vapi,19:05
19020,Haridwar Bandra (T) Express,Borivali,21:30
19020,Haridwar Bandra (T) Express,Bandra (T),22:30
12908,Nizamuddin Bandra (T) Maharashtra Sampark Kranti Express,Nizamuddin,16:30
12908,Nizamuddin Bandra (T) Maharashtra Sampark Kranti Express,Kota,21:20
12908,Nizamuddin Bandra (T) Maharashtra Sampark Kranti Express,Ratlam,00:18
12908,Nizamuddin Bandra (T) Maharashtra Sampark Kranti Express,Vadodara,04:05
12908,Nizamuddin Bandra (T) Maharashtra Sampark Kranti Express,Surat,05:39
12908,Nizamuddin Bandra (T) Maharashtra Sampark Kranti Express,Borivali,08:25
12908,Nizamuddin Bandra (T) Maharashtra Sampark Kranti Express,Bandra (T),09:15
19054,Muzaffarpur Surat Express,Bharatpur,16:35
19054,Muzaffarpur Surat Express,Ujjain,08:30
19054,Muzaffarpur Surat Express,Nagda,09:37
19054,Muzaffarpur Surat Express,Ratlam,10:30
19054,Muzaffarpur Surat Express,Dahod,11:54
19054,Muzaffarpur Surat Express,Vadodara,14:30
19054,Muzaffarpur Surat Express,Surat,16:55
12938,Howrah Gandhidham SF Express,Agra Fort,18:20
12938,Howrah Gandhidham SF Express,Shri Mahaveerji,20:40
12938,Howrah Gandhidham SF Express,Kota,23:20
12938,Howrah Gandhidham SF Express,Ratlam,03:15
12938,Howrah Gandhidham SF Express,Chhayapuri,06:45
12938,Howrah Gandhidham SF Express,Ahmedabad,09:05
12938,Howrah Gandhidham SF Express,Bharuch,14:15
22910,Puri Valsad SF Express,Ujjain,03:15
22910,Puri Valsad SF Express,Ratlam,04:55
22910,Puri Valsad SF Express,Dahod,06:24
22910,Puri Valsad SF Express,Vadodara,08:55
22910,Puri Valsad SF Express,Surat,11:10
22910,Puri Valsad SF Express,Valsad,12:35
22942,Martyr Captain Tushar Mahajan Indore SF Express,Delhi Safdarjang,22:40
22942,Martyr Captain Tushar Mahajan Indore SF Express,Mathura,01:00
22942,Martyr Captain Tushar Mahajan Indore SF Express,Sawai Madhopur,03:02
22942,Martyr Captain Tushar Mahajan Indore SF Express,Kota,04:30
22942,Martyr Captain Tushar Mahajan Indore SF Express,Nagda,08:05
22942,Martyr Captain Tushar Mahajan Indore SF Express,Ujjain,09:05
22942,Martyr Captain Tushar Mahajan Indore SF Express,Indore,11:15
19422,Patna Rajkot Express,Ujjain,08:40
19422,Patna Rajkot Express,Nagda,09:40
19422,Patna Rajkot Express,Ratlam,10:30
19422,Patna Rajkot Express,Dahod,11:54
19422,Patna Rajkot Express,Chhayapuri,14:10
19422,Patna Rajkot Express,Ahmedabad,17:55
19422,Patna Rajkot Express,Bharuch,22:20
12284,Nizamuddin Ernakulam Duronto Express,Nizamuddin,21:40
12284,Nizamuddin Ernakulam Duronto Express,Kota,02:30
12284,Nizamuddin Ernakulam Duronto Express,Ratlam,05:55
12284,Nizamuddin Ernakulam Duronto Express,Vadodara,09:32
12284,Nizamuddin Ernakulam Duronto Express,Surat,11:20
12284,Nizamuddin Ernakulam Duronto Express,Vasai Road,14:10
12240,Hisar Mumbai Central Duronto Express,Jaipur,16:35
12240,Hisar Mumbai Central Duronto Express,Sawai Madhopur,18:50
12240,Hisar Mumbai Central Duronto Express,Kota,20:05
12240,Hisar Mumbai Central Duronto Express,Ratlam,23:35
12240,Hisar Mumbai Central Duronto Express,Vadodara,03:08
12240,Hisar Mumbai Central Duronto Express,Mumbai Central,08:20
12474,ata Va evi Kat ndhidh daya E,New Delhi,21:40
12474,ata Va evi Kat ndhidh daya E,Mathura,23:25
12474,ata Va evi Kat ndhidh daya E,Sawai Madhopur,01:35
12474,ata Va evi Kat ndhidh daya E,Kota,02:50
12474,ata Va evi Kat ndhidh daya E,Shamgarh,04:20
12474,ata Va evi Kat ndhidh daya E,Nagda,05:52
12474,ata Va evi Kat ndhidh daya E,Ratlam,06:40
12474,ata Va evi Kat ndhidh daya E,Dahod,08:15
12474,ata Va evi Kat ndhidh daya E,Godhra,09:32
12474,ata Va evi Kat ndhidh daya E,Chhayapuri,10:18
12474,ata Va evi Kat ndhidh daya E,Ahmedabad,12:15
12474,ata Va evi Kat ndhidh daya E,Bharuch,17:30
12476/12478,Shri Mata Vaishno Devi Katra Hapa / Jamnagar Express,New Delhi,21:40
12476/12478,Shri Mata Vaishno Devi Katra Hapa / Jamnagar Express,Mathura,23:25
12476/12478,Shri Mata Vaishno Devi Katra Hapa / Jamnagar Express,Bharatpur,23:50
12476/12478,Shri Mata Vaishno Devi Katra Hapa / Jamnagar Express,Sawai Madhopur,01:35
12476/12478,Shri Mata Vaishno Devi Katra Hapa / Jamnagar Express,Kota,02:50
12476/12478,Shri Mata Vaishno Devi Katra Hapa / Jamnagar Express,Shamgarh,04:20
12476/12478,Shri Mata Vaishno Devi Katra Hapa / Jamnagar Express,Nagda,05:52
12476/12478,Shri Mata Vaishno Devi Katra Hapa / Jamnagar Express,Ratlam,06:40
12476/12478,Shri Mata Vaishno Devi Katra Hapa / Jamnagar Express,Dahod,08:15
12476/12478,Shri Mata Vaishno Devi Katra Hapa / Jamnagar Express,Godhra,09:32
12476/12478,Shri Mata Vaishno Devi Katra Hapa / Jamnagar Express,Chhayapuri,10:18
12476/12478,Shri Mata Vaishno Devi Katra Hapa / Jamnagar Express,Ahmedabad,12:15
19322,Patna Indore Jn Express,Ujjain,12:30
19322,Patna Indore Jn Express,Indore,14:25
19670,Patliputra Udaipur Humsafar Express,Mathura,20:20
19670,Patliputra Udaipur Humsafar Express,Bharatpur,22:25
19670,Patliputra Udaipur Humsafar Express,Sawai Madhopur,00:15
19670,Patliputra Udaipur Humsafar Express,Kota,01:40
19670,Patliputra Udaipur Humsafar Express,Udaipur City,08:05
19667,Udaipur Mysuru Palace Queen Humsafar Express,Udaipur City,20:50
19667,Udaipur Mysuru Palace Queen Humsafar Express,Ratlam,03:20
19667,Udaipur Mysuru Palace Queen Humsafar Express,Vadodara,07:35
19667,Udaipur Mysuru Palace Queen Humsafar Express,Surat,09:48
19667,Udaipur Mysuru Palace Queen Humsafar Express,Vasai Road,13:00
15559,Darbhanga Ahmedabad Antyodaya Express,Nagda,23:05
15559,Darbhanga Ahmedabad Antyodaya Express,Ratlam,00:15
15559,Darbhanga Ahmedabad Antyodaya Express,Godhra,03:27
15559,Darbhanga Ahmedabad Antyodaya Express,Chhayapuri,04:13
15559,Darbhanga Ahmedabad Antyodaya Express,Ahmedabad,07:25
19820,Kota Vadodara Express,Kota,10:15
19820,Kota Vadodara Express,Shamgarh,13:45
19820,Kota Vadodara Express,Nagda,16:55
19820,Kota Vadodara Express,Nagda,16:55
19820,Kota Vadodara Express,Ratlam,18:20
19820,Kota Vadodara Express,Dahod,21:00
19820,Kota Vadodara Express,Godhra,23:59
19820,Kota Vadodara Express,Vadodara,01:50
20958,New Delhi Indore SF Express,New Delhi,19:15
20958,New Delhi Indore SF Express,Mathura,21:00
20958,New Delhi Indore SF Express,Bharatpur,21:25
20958,New Delhi Indore SF Express,Sawai Madhopur,23:15
20958,New Delhi Indore SF Express,Kota,00:35
20958,New Delhi Indore SF Express,Shamgarh,02:00
20958,New Delhi Indore SF Express,Nagda,03:27
20958,New Delhi Indore SF Express,Indore,06:45
20958,New Delhi Indore SF Express,Ratlam,04:15
12946,Banaras Veraval Super Fast Express,Gangapur City,20:25
12946,Banaras Veraval Super Fast Express,Kota,22:35
12946,Banaras Veraval Super Fast Express,Shamgarh,00:10
12946,Banaras Veraval Super Fast Express,Nagda,02:10
12946,Banaras Veraval Super Fast Express,Nagda,02:10
12946,Banaras Veraval Super Fast Express,Ratlam,02:45
12946,Banaras Veraval Super Fast Express,Godhra,05:43
12946,Banaras Veraval Super Fast Express,Chhayapuri,06:35
12946,Banaras Veraval Super Fast Express,Ahmedabad,09:05
12946,Banaras Veraval Super Fast Express,Bharuch,18:35
2134,Jabalpur Bandra (T) Special,Ratlam,03:55
2134,Jabalpur Bandra (T) Special,Vadodara,08:10
2134,Jabalpur Bandra (T) Special,Surat,10:22
2134,Jabalpur Bandra (T) Special,Vapi,11:36
2134,Jabalpur Bandra (T) Special,Borivali,13:10
2134,Jabalpur Bandra (T) Special,Bandra (T),14:10
19012,Dahod- Valsad Express,Dahod,11:55
19012,Dahod- Valsad Express,Godhra,13:07
19012,Dahod- Valsad Express,Vadodara,14:40
19012,Dahod- Valsad Express,Bharuch,16:04
19012,Dahod- Valsad Express,Surat,17:32
19012,Dahod- Valsad Express,Valsad,20:05
20156,New Delhi-Dr. Ambedkar Nagar Express,New Delhi,23:25
20156,New Delhi-Dr. Ambedkar Nagar Express,Nizamuddin,23:38
20156,New Delhi-Dr. Ambedkar Nagar Express,Mathura,01:15
20156,New Delhi-Dr. Ambedkar Nagar Express,Bharatpur,01:40
20156,New Delhi-Dr. Ambedkar Nagar Express,Bayana,02:07
20156,New Delhi-Dr. Ambedkar Nagar Express,Gangapur City,03:00
20156,New Delhi-Dr. Ambedkar Nagar Express,Sawai Madhopur,03:47
20156,New Delhi-Dr. Ambedkar Nagar Express,Kota,05:30
20156,New Delhi-Dr. Ambedkar Nagar Express,Shamgarh,07:05
20156,New Delhi-Dr. Ambedkar Nagar Express,Nagda,09:15
12929,Valsad Vadodara Express,Valsad,07:15
12929,Valsad Vadodara Express,Surat,08:22
12929,Valsad Vadodara Express,Bharuch,09:17
12929,Valsad Vadodara Express,Vadodara,10:40
12964,Udaipur City Nizamuddin Mewar Express,Udaipur City,18:30
12964,Udaipur City Nizamuddin Mewar Express,Kota,00:20
12964,Udaipur City Nizamuddin Mewar Express,Sawai Madhopur,01:30
12964,Udaipur City Nizamuddin Mewar Express,Gangapur City,02:10
12964,Udaipur City Nizamuddin Mewar Express,Shri Mahaveerji,02:32
12964,Udaipur City Nizamuddin Mewar Express,Bayana,03:10
12964,Udaipur City Nizamuddin Mewar Express,Bharatpur,03:40
12964,Udaipur City Nizamuddin Mewar Express,Mathura,04:40
12964,Udaipur City Nizamuddin Mewar Express,Nizamuddin,06:50
12907,Bandra (T) Nizamuddin Maharashtra Sampark Kranti Express,Bandra (T),17:30
12907,Bandra (T) Nizamuddin Maharashtra Sampark Kranti Express,Borivali,17:59
12907,Bandra (T) Nizamuddin Maharashtra Sampark Kranti Express,Surat,20:55
12907,Bandra (T) Nizamuddin Maharashtra Sampark Kranti Express,Vadodara,22:29
12907,Bandra (T) Nizamuddin Maharashtra Sampark Kranti Express,Ratlam,01:53
12907,Bandra (T) Nizamuddin Maharashtra Sampark Kranti Express,Kota,04:40
12907,Bandra (T) Nizamuddin Maharashtra Sampark Kranti Express,Nizamuddin,10:15
12471,Bandra (T) Shri Mata Vashno Devi Katra Swaraj Express,Bandra (T),11:00
12471,Bandra (T) Shri Mata Vashno Devi Katra Swaraj Express,Borivali,11:22
12471,Bandra (T) Shri Mata Vashno Devi Katra Swaraj Express,Surat,14:24
12471,Bandra (T) Shri Mata Vashno Devi Katra Swaraj Express,Bharuch,15:04
12471,Bandra (T) Shri Mata Vashno Devi Katra Swaraj Express,Vadodara,16:06
12471,Bandra (T) Shri Mata Vashno Devi Katra Swaraj Express,Godhra,17:12
12471,Bandra (T) Shri Mata Vashno Devi Katra Swaraj Express,Dahod,18:02
12471,Bandra (T) Shri Mata Vashno Devi Katra Swaraj Express,Ratlam,19:55
12471,Bandra (T) Shri Mata Vashno Devi Katra Swaraj Express,Nagda,20:48
12471,Bandra (T) Shri Mata Vashno Devi Katra Swaraj Express,Nagda,20:48
12471,Bandra (T) Shri Mata Vashno Devi Katra Swaraj Express,Kota,23:25
12471,Bandra (T) Shri Mata Vashno Devi Katra Swaraj Express,Sawai Madhopur,00:35
12471,Bandra (T) Shri Mata Vashno Devi Katra Swaraj Express,Gangapur City,01:15
12471,Bandra (T) Shri Mata Vashno Devi Katra Swaraj Express,Mathura,03:15
12471,Bandra (T) Shri Mata Vashno Devi Katra Swaraj Express,Nizamuddin,05:05
12471,Bandra (T) Shri Mata Vashno Devi Katra Swaraj Express,New Delhi,05:40
12415,Indore New Delhi Express,Indore,17:10
12415,Indore New Delhi Express,Ujjain,18:30
12415,Indore New Delhi Express,Nagda,19:55
12415,Indore New Delhi Express,Shamgarh,21:12
12415,Indore New Delhi Express,Kota,23:00
12415,Indore New Delhi Express,Sawai Madhopur,00:15
12415,Indore New Delhi Express,Gangapur City,01:00
12415,Indore New Delhi Express,Shri Mahaveerji,01:23
12415,Indore New Delhi Express,Bayana,02:00
12415,Indore New Delhi Express,Bharatpur,03:00
12415,Indore New Delhi Express,Mathura,03:55
12415,Indore New Delhi Express,Faridabad,05:30
12415,Indore New Delhi Express,Nizamuddin,05:55
12415,Indore New Delhi Express,New Delhi,06:20
12925,Bandra (T)- Amritsar Paschim Express,Bandra (T),11:30
12925,Bandra (T)- Amritsar Paschim Express,Borivali,11:55
12925,Bandra (T)- Amritsar Paschim Express,Dahanu Road,13:10
12925,Bandra (T)- Amritsar Paschim Express,Valsad,14:05
12925,Bandra (T)- Amritsar Paschim Express,Surat,15:52
12925,Bandra (T)- Amritsar Paschim Express,Bharuch,16:40
12925,Bandra (T)- Amritsar Paschim Express,Vadodara,17:50
12925,Bandra (T)- Amritsar Paschim Express,Godhra,19:05
12925,Bandra (T)- Amritsar Paschim Express,Dahod,19:57
12925,Bandra (T)- Amritsar Paschim Express,Ratlam,21:45
12925,Bandra (T)- Amritsar Paschim Express,Nagda,23:00
12925,Bandra (T)- Amritsar Paschim Express,Nagda,23:00
12925,Bandra (T)- Amritsar Paschim Express,Shamgarh,23:55
12925,Bandra (T)- Amritsar Paschim Express,Kota,01:50
12925,Bandra (T)- Amritsar Paschim Express,Sawai Madhopur,03:05
12925,Bandra (T)- Amritsar Paschim Express,Gangapur City,04:15
12925,Bandra (T)- Amritsar Paschim Express,Bayana,05:20
12925,Bandra (T)- Amritsar Paschim Express,Bharatpur,06:10
12925,Bandra (T)- Amritsar Paschim Express,Mathura,07:35
12925,Bandra (T)- Amritsar Paschim Express,Faridabad,09:27
12925,Bandra (T)- Amritsar Paschim Express,Nizamuddin,10:01
12925,Bandra (T)- Amritsar Paschim Express,New Delhi,11:05
12975,Mysore Jaipur Express,Ujjain,21:25
12975,Mysore Jaipur Express,Nagda,23:15
12975,Mysore Jaipur Express,Shamgarh,00:25
12975,Mysore Jaipur Express,Kota,02:25
12975,Mysore Jaipur Express,Sawai Madhopur,04:20
12975,Mysore Jaipur Express,Jaipur,06:45
12967,Chennai Jaipur Express,Ujjain,21:25
12967,Chennai Jaipur Express,Nagda,23:15
12967,Chennai Jaipur Express,Shamgarh,00:25
12967,Chennai Jaipur Express,Kota,02:25
12967,Chennai Jaipur Express,Sawai Madhopur,04:20
12967,Chennai Jaipur Express,Jaipur,06:45
12969,Coim- batoree Jaipur Express,Ujjain,21:25
12969,Coim- batoree Jaipur Express,Nagda,23:15
12969,Coim- batoree Jaipur Express,Shamgarh,00:25
12969,Coim- batoree Jaipur Express,Kota,02:25
12969,Coim- batoree Jaipur Express,Sawai Madhopur,04:20
12969,Coim- batoree Jaipur Express,Jaipur,06:45
20813,Puri Jodhpur Super Fast Express,Ujjain,21:25
20813,Puri Jodhpur Super Fast Express,Nagda,23:15
20813,Puri Jodhpur Super Fast Express,Shamgarh,00:20
20813,Puri Jodhpur Super Fast Express,Kota,02:10
20813,Puri Jodhpur Super Fast Express,Sawai Madhopur,03:55
20813,Puri Jodhpur Super Fast Express,Jaipur,06:20
12951,Mumbai Central New Delhi Rajdhani Express,Mumbai Central,17:00
12951,Mumbai Central New Delhi Rajdhani Express,Borivali,17:22
12951,Mumbai Central New Delhi Rajdhani Express,Surat,19:48
12951,Mumbai Central New Delhi Rajdhani Express,Vadodara,21:16
12951,Mumbai Central New Delhi Rajdhani Express,Ratlam,00:28
12951,Mumbai Central New Delhi Rajdhani Express,Nagda,01:10
12951,Mumbai Central New Delhi Rajdhani Express,Nagda,01:10
12951,Mumbai Central New Delhi Rajdhani Express,Kota,03:20
12951,Mumbai Central New Delhi Rajdhani Express,New Delhi,08:32
12465,Indore Bhagat Ki Kothi Ranthambore Express,Indore,06:00
12465,Indore Bhagat Ki Kothi Ranthambore Express,Ujjain,07:30
12465,Indore Bhagat Ki Kothi Ranthambore Express,Nagda,09:00
12465,Indore Bhagat Ki Kothi Ranthambore Express,Shamgarh,10:17
12465,Indore Bhagat Ki Kothi Ranthambore Express,Kota,12:20
12465,Indore Bhagat Ki Kothi Ranthambore Express,Sawai Madhopur,14:25
12465,Indore Bhagat Ki Kothi Ranthambore Express,Jaipur,16:50
19316,Asarva Indore Veer Bhumi Chittaurgarh Express,Ratlam,03:05
19316,Asarva Indore Veer Bhumi Chittaurgarh Express,Nagda,04:02
19316,Asarva Indore Veer Bhumi Chittaurgarh Express,Ujjain,05:00
19316,Asarva Indore Veer Bhumi Chittaurgarh Express,Indore,07:00
19714,Kurnool City Jaipur Express,Ujjain,21:25
19714,Kurnool City Jaipur Express,Nagda,23:15
19714,Kurnool City Jaipur Express,Kota,02:25
19714,Kurnool City Jaipur Express,Sawai Madhopur,04:20
19714,Kurnool City Jaipur Express,Jaipur,06:45
19011,Valsad- Dahod Express,Valsad,05:15
19011,Valsad- Dahod Express,Surat,06:19
19011,Valsad- Dahod Express,Bharuch,07:13
19011,Valsad- Dahod Express,Vadodara,08:24
19011,Valsad- Dahod Express,Godhra,09:40
19011,Valsad- Dahod Express,Dahod,11:05
20843,Bilaspur Bhagat Ki Kothi Express,Ujjain,11:55
20843,Bilaspur Bhagat Ki Kothi Express,Nagda,13:25
20843,Bilaspur Bhagat Ki Kothi Express,Shamgarh,14:35
20843,Bilaspur Bhagat Ki Kothi Express,Kota,16:50
20843,Bilaspur Bhagat Ki Kothi Express,Sawai Madhopur,18:40
20843,Bilaspur Bhagat Ki Kothi Express,Jaipur,21:05
20845,Bilaspur Bikaner Express,Ujjain,11:55
20845,Bilaspur Bikaner Express,Nagda,13:25
20845,Bilaspur Bikaner Express,Shamgarh,14:35
20845,Bilaspur Bikaner Express,Kota,16:50
20845,Bilaspur Bikaner Express,Sawai Madhopur,18:40
20845,Bilaspur Bikaner Express,Jaipur,21:05
22631,Madurai Bikaner Anuvrat Express,Ujjain,00:45
22631,Madurai Bikaner Anuvrat Express,Nagda,02:25
22631,Madurai Bikaner Anuvrat Express,Shamgarh,03:20
22631,Madurai Bikaner Anuvrat Express,Kota,05:05
22631,Madurai Bikaner Anuvrat Express,Sawai Madhopur,06:55
22631,Madurai Bikaner Anuvrat Express,Jaipur,09:15
19803,Kota Shri Mata Vaishno Devi Katra Express,Kota,16:35
19803,Kota Shri Mata Vaishno Devi Katra Express,Sawai Madhopur,17:45
19803,Kota Shri Mata Vaishno Devi Katra Express,Gangapur City,18:30
19803,Kota Shri Mata Vaishno Devi Katra Express,Bayana,19:30
19803,Kota Shri Mata Vaishno Devi Katra Express,Bharatpur,20:05
19803,Kota Shri Mata Vaishno Devi Katra Express,Mathura,21:00
19803,Kota Shri Mata Vaishno Devi Katra Express,Faridabad,22:25
19803,Kota Shri Mata Vaishno Devi Katra Express,New Delhi,23:30
22633,Thiruvananthapuram Nizammudin Express,Vasai Road,19:35
22633,Thiruvananthapuram Nizammudin Express,Surat,22:18
22633,Thiruvananthapuram Nizammudin Express,Vadodara,23:59
22633,Thiruvananthapuram Nizammudin Express,Ratlam,03:50
22633,Thiruvananthapuram Nizammudin Express,Kota,06:55
22633,Thiruvananthapuram Nizammudin Express,Sawai Madhopur,08:10
22633,Thiruvananthapuram Nizammudin Express,Bharatpur,10:00
22633,Thiruvananthapuram Nizammudin Express,Mathura,10:45
22633,Thiruvananthapuram Nizammudin Express,Nizamuddin,12:30
22975,Bandra (T) Ram Nagar SF Express,Bandra (T),05:10
22975,Bandra (T) Ram Nagar SF Express,Borivali,05:33
22975,Bandra (T) Ram Nagar SF Express,Surat,08:35
22975,Bandra (T) Ram Nagar SF Express,Bharuch,09:24
22975,Bandra (T) Ram Nagar SF Express,Vadodara,10:50
22975,Bandra (T) Ram Nagar SF Express,Godhra,12:00
22975,Bandra (T) Ram Nagar SF Express,Dahod,12:50
22975,Bandra (T) Ram Nagar SF Express,Ratlam,14:40
22975,Bandra (T) Ram Nagar SF Express,Nagda,15:45
22975,Bandra (T) Ram Nagar SF Express,Shamgarh,16:40
22975,Bandra (T) Ram Nagar SF Express,Kota,18:20
22975,Bandra (T) Ram Nagar SF Express,Sawai Madhopur,19:30
22975,Bandra (T) Ram Nagar SF Express,Gangapur City,20:15
22975,Bandra (T) Ram Nagar SF Express,Bharatpur,21:50
22975,Bandra (T) Ram Nagar SF Express,Mathura,23:55
20921,Bandra Lucknow Jn. SF Express,Bandra (T),12:15
20921,Bandra Lucknow Jn. SF Express,Borivali,12:35
20921,Bandra Lucknow Jn. SF Express,Surat,15:40
20921,Bandra Lucknow Jn. SF Express,Bharuch,16:23
20921,Bandra Lucknow Jn. SF Express,Vadodara,17:25
20921,Bandra Lucknow Jn. SF Express,Godhra,18:33
20921,Bandra Lucknow Jn. SF Express,Dahod,19:23
20921,Bandra Lucknow Jn. SF Express,Ratlam,21:15
20921,Bandra Lucknow Jn. SF Express,Kota,00:35
20921,Bandra Lucknow Jn. SF Express,Sawai Madhopur,01:45
20921,Bandra Lucknow Jn. SF Express,Bharatpur,04:05
20921,Bandra Lucknow Jn. SF Express,Mathura,06:00
22653,Thiruvananthapuram Nizamuddin SF Express (via Kottayam),Vasai Road,04:45
22653,Thiruvananthapuram Nizamuddin SF Express (via Kottayam),Dahanu Road,05:42
22653,Thiruvananthapuram Nizamuddin SF Express (via Kottayam),Surat,07:35
22653,Thiruvananthapuram Nizamuddin SF Express (via Kottayam),Bharuch,08:16
22653,Thiruvananthapuram Nizamuddin SF Express (via Kottayam),Vadodara,09:20
22653,Thiruvananthapuram Nizamuddin SF Express (via Kottayam),Ratlam,13:05
22653,Thiruvananthapuram Nizamuddin SF Express (via Kottayam),Kota,16:30
22653,Thiruvananthapuram Nizamuddin SF Express (via Kottayam),Sawai Madhopur,17:45
22653,Thiruvananthapuram Nizamuddin SF Express (via Kottayam),Bharatpur,19:55
22653,Thiruvananthapuram Nizamuddin SF Express (via Kottayam),Mathura,20:45
22653,Thiruvananthapuram Nizamuddin SF Express (via Kottayam),Nizamuddin,22:40
22655,Thiruvananthapuram Nizamuddin Express (via Alappuzha),Vasai Road,04:45
22655,Thiruvananthapuram Nizamuddin Express (via Alappuzha),Dahanu Road,05:42
22655,Thiruvananthapuram Nizamuddin Express (via Alappuzha),Surat,07:35
22655,Thiruvananthapuram Nizamuddin Express (via Alappuzha),Bharuch,08:16
22655,Thiruvananthapuram Nizamuddin Express (via Alappuzha),Vadodara,09:20
22655,Thiruvananthapuram Nizamuddin Express (via Alappuzha),Ratlam,13:05
22655,Thiruvananthapuram Nizamuddin Express (via Alappuzha),Kota,16:30
22655,Thiruvananthapuram Nizamuddin Express (via Alappuzha),Sawai Madhopur,17:45
22655,Thiruvananthapuram Nizamuddin Express (via Alappuzha),Bharatpur,19:55
22655,Thiruvananthapuram Nizamuddin Express (via Alappuzha),Mathura,20:45
22655,Thiruvananthapuram Nizamuddin Express (via Alappuzha),Nizamuddin,22:40
12475,Hapa / Jamnagar Shri Mata Vaishno Devi Katra Express,Ahmedabad,14:20
12475,Hapa / Jamnagar Shri Mata Vaishno Devi Katra Express,Chhayapuri,16:27
12475,Hapa / Jamnagar Shri Mata Vaishno Devi Katra Express,Godhra,17:14
12475,Hapa / Jamnagar Shri Mata Vaishno Devi Katra Express,Dahod,18:02
12475,Hapa / Jamnagar Shri Mata Vaishno Devi Katra Express,Ratlam,19:55
12475,Hapa / Jamnagar Shri Mata Vaishno Devi Katra Express,Nagda,20:48
12475,Hapa / Jamnagar Shri Mata Vaishno Devi Katra Express,Nagda,20:48
12475,Hapa / Jamnagar Shri Mata Vaishno Devi Katra Express,Shamgarh,21:45
12475,Hapa / Jamnagar Shri Mata Vaishno Devi Katra Express,Kota,23:25
12475,Hapa / Jamnagar Shri Mata Vaishno Devi Katra Express,Sawai Madhopur,00:35
12475,Hapa / Jamnagar Shri Mata Vaishno Devi Katra Express,Bharatpur,02:30
12475,Hapa / Jamnagar Shri Mata Vaishno Devi Katra Express,Mathura,03:15
12475,Hapa / Jamnagar Shri Mata Vaishno Devi Katra Express,Nizamuddin,05:05
12475,Hapa / Jamnagar Shri Mata Vaishno Devi Katra Express,New Delhi,05:40
12477,Hapa / Jamnagar Shri Mata Vaishno Devi Katra Express,Ahmedabad,14:20
12477,Hapa / Jamnagar Shri Mata Vaishno Devi Katra Express,Chhayapuri,16:27
12477,Hapa / Jamnagar Shri Mata Vaishno Devi Katra Express,Godhra,17:14
12477,Hapa / Jamnagar Shri Mata Vaishno Devi Katra Express,Dahod,18:02
12477,Hapa / Jamnagar Shri Mata Vaishno Devi Katra Express,Ratlam,19:55
12477,Hapa / Jamnagar Shri Mata Vaishno Devi Katra Express,Nagda,20:48
12477,Hapa / Jamnagar Shri Mata Vaishno Devi Katra Express,Nagda,20:48
12477,Hapa / Jamnagar Shri Mata Vaishno Devi Katra Express,Kota,23:25
12477,Hapa / Jamnagar Shri Mata Vaishno Devi Katra Express,Sawai Madhopur,00:35
12477,Hapa / Jamnagar Shri Mata Vaishno Devi Katra Express,Bharatpur,02:30
12477,Hapa / Jamnagar Shri Mata Vaishno Devi Katra Express,Mathura,03:15
12477,Hapa / Jamnagar Shri Mata Vaishno Devi Katra Express,Nizamuddin,05:05
12477,Hapa / Jamnagar Shri Mata Vaishno Devi Katra Express,New Delhi,05:40
12473,Gandhidham Shri Mata Vaishno Devi Katra Sarvodaya Express,None Gandhi Dham Dep.,09:35
12473,Gandhidham Shri Mata Vaishno Devi Katra Sarvodaya Express,Ahmedabad,14:20
12473,Gandhidham Shri Mata Vaishno Devi Katra Sarvodaya Express,Chhayapuri,16:27
12473,Gandhidham Shri Mata Vaishno Devi Katra Sarvodaya Express,Godhra,17:14
12473,Gandhidham Shri Mata Vaishno Devi Katra Sarvodaya Express,Dahod,18:02
12473,Gandhidham Shri Mata Vaishno Devi Katra Sarvodaya Express,Ratlam,19:55
12473,Gandhidham Shri Mata Vaishno Devi Katra Sarvodaya Express,Nagda,20:48
12473,Gandhidham Shri Mata Vaishno Devi Katra Sarvodaya Express,Shamgarh,21:45
12473,Gandhidham Shri Mata Vaishno Devi Katra Sarvodaya Express,Kota,23:25
12473,Gandhidham Shri Mata Vaishno Devi Katra Sarvodaya Express,S a w a i a M a d h o pur,00:35
12473,Gandhidham Shri Mata Vaishno Devi Katra Sarvodaya Express,Mathura,03:15
12473,Gandhidham Shri Mata Vaishno Devi Katra Sarvodaya Express,Nizamuddin,05:05
12473,Gandhidham Shri Mata Vaishno Devi Katra Sarvodaya Express,New Delhi,05:40
12401,Kota Dehradun Nanda Devi Express,Kota,17:50
12401,Kota Dehradun Nanda Devi Express,S a w a i a M a d h o pur,18:57
12401,Kota Dehradun Nanda Devi Express,G a ngapur a Ci ty d ,19:40
12401,Kota Dehradun Nanda Devi Express,Bayana a d ,20:33
12401,Kota Dehradun Nanda Devi Express,Bharatpur,21:00
12401,Kota Dehradun Nanda Devi Express,Mathura,21:40
12401,Kota Dehradun Nanda Devi Express,Nizamuddin,23:50
19669,Ekta n Udaipur Patliputra Humsafar Express,Udaipur Cityd,12:50
19669,Ekta n Udaipur Patliputra Humsafar Express,Kota,18:20
19669,Ekta n Udaipur Patliputra Humsafar Express,S a w a i a M a d h o pur,19:30
19669,Ekta n Udaipur Patliputra Humsafar Express,Bharatpur,21:50
19669,Ekta n Udaipur Patliputra Humsafar Express,Mathura,23:55
20935,agar Gandhidham Indore SF Express,Valsad,18:25
20935,agar Gandhidham Indore SF Express,Ahmedabad,23:15
20935,agar Gandhidham Indore SF Express,Godhra,02:22
20935,agar Gandhidham Indore SF Express,Dahod,03:14
20935,agar Gandhidham Indore SF Express,Ratlam,05:25
20935,agar Gandhidham Indore SF Express,Ujjain,07:15
20935,agar Gandhidham Indore SF Express,Indore,08:55
19721,Jaipur Bayana Express,S a w a i a M a d h o pur,09:05
19721,Jaipur Bayana Express,Jaipur,06:20
19721,Jaipur Bayana Express,G a ngapur a Ci ty d ,10:25
19721,Jaipur Bayana Express,S M h a r h i aveerji d ,11:05
19721,Jaipur Bayana Express,Bayana a d ,12:20
19001,Virar Surat Express MEMU,Virar,17:00
19001,Virar Surat Express MEMU,Dahanu Roadd,18:05
19001,Virar Surat Express MEMU,Valsad,20:30
19001,Virar Surat Express MEMU,Surat,23:20
19091,Bandra (T) Gorakhpur Express,Bandra (T),05:10
19091,Bandra (T) Gorakhpur Express,Borivali,05:33
19091,Bandra (T) Gorakhpur Express,Surat,08:35
19091,Bandra (T) Gorakhpur Express,Vadodara,10:50
19091,Bandra (T) Gorakhpur Express,Dahod,13:00
19091,Bandra (T) Gorakhpur Express,Ratlam,15:25
19091,Bandra (T) Gorakhpur Express,Nagda,16:10
19091,Bandra (T) Gorakhpur Express,Ujjain,17:15
19101,Virar Bharuch Express MEMU,Virar,04:35
19101,Virar Bharuch Express MEMU,Surat,09:28
19101,Virar Bharuch Express MEMU,Bharuch,11:10
19489,Ahmedabad Gorakhpur Express,Ahmedabad,09:10
19489,Ahmedabad Gorakhpur Express,Chhayapuri,10:48
19489,Ahmedabad Gorakhpur Express,Dahod,13:00
19489,Ahmedabad Gorakhpur Express,Ratlam,15:25
19489,Ahmedabad Gorakhpur Express,Nagda,16:10
19489,Ahmedabad Gorakhpur Express,Ujjain,17:15
19413,kot Kolk Express,Surat,16:40
19413,kot Kolk Express,Ahmedabad,21:05
19413,kot Kolk Express,Chhayapuri,23:05
19413,kot Kolk Express,Godhra,00:14
19413,kot Kolk Express,Ratlam,02:55
19413,kot Kolk Express,Nagda,03:45
19413,kot Kolk Express,Ujjain,05:15
20919,Chennai Central Ekta Nagar SF Express,Vasai Road,14:25
20919,Chennai Central Ekta Nagar SF Express,Valsad,15:40
20919,Chennai Central Ekta Nagar SF Express,Surat,16:55
20919,Chennai Central Ekta Nagar SF Express,Vadodara,18:45
20919,Chennai Central Ekta Nagar SF Express,Ekta Nagar,21:05
20451,Sagoria New Delhi SF Express,Sogaria,16:15
20451,Sagoria New Delhi SF Express,S a w a i a M a d h o pur,17:32
20451,Sagoria New Delhi SF Express,G a ngapur a Ci ty d ,18:15
20451,Sagoria New Delhi SF Express,S M h a r h i aveerji d ,18:38
20451,Sagoria New Delhi SF Express,Bharatpur,19:40
20451,Sagoria New Delhi SF Express,Mathura,20:30
20451,Sagoria New Delhi SF Express,New Delhi,22:35
20957,Indore New Delhi SF Express,Ratlam,18:50
20957,Indore New Delhi SF Express,Nagda,19:45
20957,Indore New Delhi SF Express,Indore,16:45
20957,Indore New Delhi SF Express,Shamgarh,20:38
20957,Indore New Delhi SF Express,Kota,22:20
20957,Indore New Delhi SF Express,S a w a i a M a d h o pur,23:40
20957,Indore New Delhi SF Express,Bharatpur,01:35
20957,Indore New Delhi SF Express,Mathura,02:27
20957,Indore New Delhi SF Express,New Delhi,04:30
19109,Kota Mathura MEMU Express,Kota,15:55
19109,Kota Mathura MEMU Express,S a w a i a M a d h o pur,18:10
19109,Kota Mathura MEMU Express,G a ngapur a Ci ty d ,19:30
19109,Kota Mathura MEMU Express,S M h a r h i aveerji d ,20:15
19109,Kota Mathura MEMU Express,Bayana a d ,21:40
19109,Kota Mathura MEMU Express,Bharatpur,22:50
19109,Kota Mathura MEMU Express,Mathura,00:35
19817,Ratlam Agra Fort Express,Ratlam,09:00
19817,Ratlam Agra Fort Express,Kota,19:40
19817,Ratlam Agra Fort Express,S a w a i a M a d h o pur,22:10
19817,Ratlam Agra Fort Express,G a ngapur a Ci ty d ,23:50
19817,Ratlam Agra Fort Express,S M h a r h i aveerji d ,00:25
19817,Ratlam Agra Fort Express,Bayana a d ,02:00
19817,Ratlam Agra Fort Express,Bharatpur,04:40
2133,Bandra (T) Jabalpur Special,Bandra (T),17:15
2133,Bandra (T) Jabalpur Special,Borivali,17:48
2133,Bandra (T) Jabalpur Special,Surat,21:18
2133,Bandra (T) Jabalpur Special,Vadodara,23:08
2133,Bandra (T) Jabalpur Special,Ratlam,03:23
2133,Bandra (T) Jabalpur Special,Ujjain,05:22
2133,Bandra (T) Jabalpur Special,Ujjain,05:22
19807,Kota Sirsa Express via Loharu,Kota,23:45
19807,Kota Sirsa Express via Loharu,Sawai Madhopur,02:20
19807,Kota Sirsa Express via Loharu,Jaipur,04:55
19813,Kota Sirsa Express via Churu,Kota,23:45
19813,Kota Sirsa Express via Churu,Sawai Madhopur,02:20
19813,Kota Sirsa Express via Churu,Jaipur,04:55
12973,Indore Jaipur Express,Indore,22:20
12973,Indore Jaipur Express,Ujjain,23:45
12973,Indore Jaipur Express,Nagda,01:25
12973,Indore Jaipur Express,Kota,03:45
12973,Indore Jaipur Express,Sawai Madhopur,05:35
12973,Indore Jaipur Express,Jaipur,08:00
12979,Bandra (T) Jaipur Express,Bandra (T),17:05
12979,Bandra (T) Jaipur Express,Borivali,17:40
12979,Bandra (T) Jaipur Express,Valsad,19:40
12979,Bandra (T) Jaipur Express,Surat,20:43
12979,Bandra (T) Jaipur Express,Vadodara,22:38
12979,Bandra (T) Jaipur Express,Godhra,23:38
12979,Bandra (T) Jaipur Express,Dahod,00:25
12979,Bandra (T) Jaipur Express,Ratlam,02:15
12979,Bandra (T) Jaipur Express,Nagda,03:05
12979,Bandra (T) Jaipur Express,Kota,05:25
12979,Bandra (T) Jaipur Express,Sawai Madhopur,07:15
12979,Bandra (T) Jaipur Express,Jaipur,10:05
12995,Bandra (T) Ajmer Express,Bandra (T),17:05
12995,Bandra (T) Ajmer Express,Borivali,17:40
12995,Bandra (T) Ajmer Express,Valsad,20:00
12995,Bandra (T) Ajmer Express,Surat,21:10
12995,Bandra (T) Ajmer Express,Bharuch,21:50
12995,Bandra (T) Ajmer Express,Vadodara,22:52
12995,Bandra (T) Ajmer Express,Godhra,23:59
12995,Bandra (T) Ajmer Express,Dahod,00:49
12995,Bandra (T) Ajmer Express,Ratlam,02:40
12953,Mumbai Central Nizamuddin August Kranti Rajdhani Express,Mumbai Central,17:10
12953,Mumbai Central Nizamuddin August Kranti Rajdhani Express,Borivali,17:40
12953,Mumbai Central Nizamuddin August Kranti Rajdhani Express,Valsad,19:15
12953,Mumbai Central Nizamuddin August Kranti Rajdhani Express,Surat,20:15
12953,Mumbai Central Nizamuddin August Kranti Rajdhani Express,Bharuch,20:55
12953,Mumbai Central Nizamuddin August Kranti Rajdhani Express,Vadodara,21:54
12953,Mumbai Central Nizamuddin August Kranti Rajdhani Express,Dahod,00:28
12953,Mumbai Central Nizamuddin August Kranti Rajdhani Express,Ratlam,01:15
12953,Mumbai Central Nizamuddin August Kranti Rajdhani Express,Kota,04:15
12953,Mumbai Central Nizamuddin August Kranti Rajdhani Express,Sawai Madhopur,05:25
12953,Mumbai Central Nizamuddin August Kranti Rajdhani Express,Mathura,07:55
12953,Mumbai Central Nizamuddin August Kranti Rajdhani Express,Nizamuddin,09:43
15635,Okha Guwahati Dwarka Express,Ahmedabad,21:40
15635,Okha Guwahati Dwarka Express,Chhayapuri,23:40
15635,Okha Guwahati Dwarka Express,Ratlam,03:25
15635,Okha Guwahati Dwarka Express,Nagda,04:15
15635,Okha Guwahati Dwarka Express,Kota,06:35
15635,Okha Guwahati Dwarka Express,Sawai Madhopur,07:50
15635,Okha Guwahati Dwarka Express,Gangapur City,08:35
15635,Okha Guwahati Dwarka Express,Bayana,10:15
15635,Okha Guwahati Dwarka Express,Agra Fort,12:50
12947,Ahmedabad Rajgir Azimabad Express,Ahmedabad,21:50
12947,Ahmedabad Rajgir Azimabad Express,Chhayapuri,23:40
12947,Ahmedabad Rajgir Azimabad Express,Ratlam,03:25
12947,Ahmedabad Rajgir Azimabad Express,Nagda,04:15
12947,Ahmedabad Rajgir Azimabad Express,Kota,06:35
12947,Ahmedabad Rajgir Azimabad Express,Sawai Madhopur,07:50
12947,Ahmedabad Rajgir Azimabad Express,Gangapur City,08:35
12947,Ahmedabad Rajgir Azimabad Express,Bayana,10:15
12947,Ahmedabad Rajgir Azimabad Express,Agra Fort,12:50
12909,Bandra (T) Nizamuddin Garib Rath Express,Bandra (T),17:30
12909,Bandra (T) Nizamuddin Garib Rath Express,Borivali,17:59
12909,Bandra (T) Nizamuddin Garib Rath Express,Surat,20:55
12909,Bandra (T) Nizamuddin Garib Rath Express,Vadodara,22:29
12909,Bandra (T) Nizamuddin Garib Rath Express,Ratlam,01:53
12909,Bandra (T) Nizamuddin Garib Rath Express,Kota,04:40
12909,Bandra (T) Nizamuddin Garib Rath Express,Mathura,08:20
12909,Bandra (T) Nizamuddin Garib Rath Express,Nizamuddin,10:15
12059,Kota Nizamuddin Jan Shatabdi Express,Kota,06:10
12059,Kota Nizamuddin Jan Shatabdi Express,Sawai Madhopur,07:20
12059,Kota Nizamuddin Jan Shatabdi Express,Gangapur City,08:00
12059,Kota Nizamuddin Jan Shatabdi Express,Shri Mahaveerji,08:23
12059,Kota Nizamuddin Jan Shatabdi Express,Bayana,09:00
12059,Kota Nizamuddin Jan Shatabdi Express,Bharatpur,09:30
12059,Kota Nizamuddin Jan Shatabdi Express,Mathura,10:15
12059,Kota Nizamuddin Jan Shatabdi Express,Nizamuddin,12:10
12955,Mumbai Central Jaipur Express,Mumbai Central,19:05
12955,Mumbai Central Jaipur Express,Borivali,19:34
12955,Mumbai Central Jaipur Express,Surat,22:35
12955,Mumbai Central Jaipur Express,Vadodara,00:18
12955,Mumbai Central Jaipur Express,Dahod,02:16
12955,Mumbai Central Jaipur Express,Ratlam,04:10
12955,Mumbai Central Jaipur Express,Nagda,05:00
12955,Mumbai Central Jaipur Express,Shamgarh,06:12
12955,Mumbai Central Jaipur Express,Kota,07:55
12955,Mumbai Central Jaipur Express,Sawai Madhopur,09:45
12955,Mumbai Central Jaipur Express,Jaipur,12:00
12961,Mumbai Central Indore Avantika Express,Mumbai Central,20:55
12961,Mumbai Central Indore Avantika Express,Borivali,21:24
12961,Mumbai Central Indore Avantika Express,Valsad,23:10
12961,Mumbai Central Indore Avantika Express,Surat,00:27
12961,Mumbai Central Indore Avantika Express,Bharuch,01:12
12961,Mumbai Central Indore Avantika Express,Vadodara,02:12
12961,Mumbai Central Indore Avantika Express,Godhra,03:13
12961,Mumbai Central Indore Avantika Express,Dahod,04:03
12961,Mumbai Central Indore Avantika Express,Ratlam,05:55
12961,Mumbai Central Indore Avantika Express,Nagda,06:40
12961,Mumbai Central Indore Avantika Express,Ujjain,07:35
12961,Mumbai Central Indore Avantika Express,Indore,09:05
12431,Thiruvananthapuram Nizamuddin Rajdhani Express,Vasai Road,19:40
12431,Thiruvananthapuram Nizamuddin Rajdhani Express,Surat,22:18
12431,Thiruvananthapuram Nizamuddin Rajdhani Express,Vadodara,23:59
12431,Thiruvananthapuram Nizamuddin Rajdhani Express,Ratlam,03:50
12431,Thiruvananthapuram Nizamuddin Rajdhani Express,Kota,06:55
12431,Thiruvananthapuram Nizamuddin Rajdhani Express,Nizamuddin,12:30
12217,Kochuveli Chandigarh Kerala Sampark Kranti Express,Vasai Road,12:40
12217,Kochuveli Chandigarh Kerala Sampark Kranti Express,Surat,15:28
12217,Kochuveli Chandigarh Kerala Sampark Kranti Express,Vadodara,17:12
12217,Kochuveli Chandigarh Kerala Sampark Kranti Express,Ratlam,20:53
12217,Kochuveli Chandigarh Kerala Sampark Kranti Express,Kota,23:55
12217,Kochuveli Chandigarh Kerala Sampark Kranti Express,Nizamuddin,05:35
12217,Kochuveli Chandigarh Kerala Sampark Kranti Express,New Delhi,06:25
22659,Kochuveli Yog Nagari Rishikesh Express,Vasai Road,12:40
22659,Kochuveli Yog Nagari Rishikesh Express,Surat,15:28
22659,Kochuveli Yog Nagari Rishikesh Express,Vadodara,17:12
22659,Kochuveli Yog Nagari Rishikesh Express,Ratlam,20:53
22659,Kochuveli Yog Nagari Rishikesh Express,Kota,23:55
22659,Kochuveli Yog Nagari Rishikesh Express,Nizamuddin,06:00
5054,Bandra Gorakhpur Special,Bandra (T),21:20
5054,Bandra Gorakhpur Special,Borivali,21:50
5054,Bandra Gorakhpur Special,Valsad,23:56
5054,Bandra Gorakhpur Special,Surat,01:41
5054,Bandra Gorakhpur Special,Vadodara,03:12
5054,Bandra Gorakhpur Special,Ratlam,06:50
5054,Bandra Gorakhpur Special,Shamgarh,08:30
5054,Bandra Gorakhpur Special,Kota,10:25
5054,Bandra Gorakhpur Special,Gangapur City,12:40
5054,Bandra Gorakhpur Special,Bayana,14:00
5054,Bandra Gorakhpur Special,Agra Fort,16:25
12483,Kochuveli Amritsar Express,Vasai Road,12:40
12483,Kochuveli Amritsar Express,Surat,15:28
12483,Kochuveli Amritsar Express,Vadodara,17:12
12483,Kochuveli Amritsar Express,Ratlam,20:53
12483,Kochuveli Amritsar Express,Kota,23:55
12483,Kochuveli Amritsar Express,Nizamuddin,05:35
12483,Kochuveli Amritsar Express,New Delhi,06:25
12247,Bandra (T) Nizamuddin Yuva Express,Bandra (T),17:30
12247,Bandra (T) Nizamuddin Yuva Express,Surat,20:55
12247,Bandra (T) Nizamuddin Yuva Express,Vadodara,22:29
12247,Bandra (T) Nizamuddin Yuva Express,Ratlam,01:53
12247,Bandra (T) Nizamuddin Yuva Express,Kota,04:40
12247,Bandra (T) Nizamuddin Yuva Express,Mathura a d ,08:20
12247,Bandra (T) Nizamuddin Yuva Express,Nizamuddin,10:15
12939,Ekta n Pune Jaipur Express,Vasai Road,22:15
12939,Ekta n Pune Jaipur Express,Surat,01:31
12939,Ekta n Pune Jaipur Express,Vadodara,03:12
12939,Ekta n Pune Jaipur Express,Ratlam,06:50
12939,Ekta n Pune Jaipur Express,Kota,10:25
12939,Ekta n Pune Jaipur Express,S a w a i a M a d h o pur d ,12:30
12939,Ekta n Pune Jaipur Express,Jaipur,14:40
22909,agar Valsad Puri Express,Valsad a d ,20:15
22909,agar Valsad Puri Express,Surat,21:10
22909,agar Valsad Puri Express,Vadodara,22:52
22909,agar Valsad Puri Express,Dahod d ,00:49
22909,agar Valsad Puri Express,Ratlam,02:35
22909,agar Valsad Puri Express,Ujjain,04:15
"13238
13240",Kota Patna Express,Kota,18:10
"13238
13240",Kota Patna Express,S a w a i a M a d h o pur d ,19:40
"13238
13240",Kota Patna Express,Gangapur Citya d ,20:30
"13238
13240",Kota Patna Express,Bayana a d ,21:25
"13238
13240",Kota Patna Express,Bharatpur a d ,22:00
"13238
13240",Kota Patna Express,Mathura a d ,23:15
22917,Bandra (T) Haridwar Express,Bandra (T),12:45
22917,Bandra (T) Haridwar Express,Borivali,13:15
22917,Bandra (T) Haridwar Express,Valsad a d ,15:20
22917,Bandra (T) Haridwar Express,Surat,16:30
22917,Bandra (T) Haridwar Express,Bharuch a d ,17:11
22917,Bandra (T) Haridwar Express,Vadodara,18:45
22917,Bandra (T) Haridwar Express,Ratlam,22:45
22917,Bandra (T) Haridwar Express,Kota,02:05
22917,Bandra (T) Haridwar Express,S a w a i a M a d h o pur d ,03:20
22917,Bandra (T) Haridwar Express,Gangapur Citya d ,04:05
22917,Bandra (T) Haridwar Express,Bharatpur a d ,05:30
22917,Bandra (T) Haridwar Express,Mathura a d ,06:17
22917,Bandra (T) Haridwar Express,Faridabad d ,07:52
22917,Bandra (T) Haridwar Express,Nizamuddin,08:50
22674,Mannar gudi Bhagat ki Kothi Express,Ujjain,00:45
22674,Mannar gudi Bhagat ki Kothi Express,Nagda a d ,02:25
22674,Mannar gudi Bhagat ki Kothi Express,Kota,05:05
22674,Mannar gudi Bhagat ki Kothi Express,S a w a i a M a d h o pur d ,06:55
22674,Mannar gudi Bhagat ki Kothi Express,Jaipur,09:15
22444,Bandra (T) Kanpur Express,Bandra (T),05:10
22444,Bandra (T) Kanpur Express,Borivali,05:33
22444,Bandra (T) Kanpur Express,Surat,08:35
22444,Bandra (T) Kanpur Express,Bharuch a d ,09:24
22444,Bandra (T) Kanpur Express,Vadodara,10:50
22444,Bandra (T) Kanpur Express,Godhra a d ,12:00
22444,Bandra (T) Kanpur Express,Ratlam,14:40
22444,Bandra (T) Kanpur Express,Nagda a d ,15:45
22444,Bandra (T) Kanpur Express,Nagda a d ,15:45
22444,Bandra (T) Kanpur Express,Kota,18:20
22444,Bandra (T) Kanpur Express,S a w a i a M a d h o pur d ,19:30
22444,Bandra (T) Kanpur Express,Bharatpur a d ,21:50
22444,Bandra (T) Kanpur Express,Mathura a d ,23:55
20985,Kota Martyr Captain Tushar Mahajan Express,Kota,16:35
20985,Kota Martyr Captain Tushar Mahajan Express,S a w a i a M a d h o pur d ,17:45
20985,Kota Martyr Captain Tushar Mahajan Express,Gangapur Citya d ,18:30
20985,Kota Martyr Captain Tushar Mahajan Express,Bayana a d ,19:30
20985,Kota Martyr Captain Tushar Mahajan Express,Bharatpur a d ,20:05
20985,Kota Martyr Captain Tushar Mahajan Express,Mathura a d ,21:00
20985,Kota Martyr Captain Tushar Mahajan Express,Faridabad d ,22:25
20985,Kota Martyr Captain Tushar Mahajan Express,Nizamuddin,22:47
20985,Kota Martyr Captain Tushar Mahajan Express,New Delhi,23:30
22941,Indore Martyr Captain Tushar Mahajan Express,Indore,23:30
22941,Indore Martyr Captain Tushar Mahajan Express,Ujjain,00:45
22941,Indore Martyr Captain Tushar Mahajan Express,Nagda a d ,02:15
22941,Indore Martyr Captain Tushar Mahajan Express,Kota,04:40
22941,Indore Martyr Captain Tushar Mahajan Express,S a w a i a M a d h o pur d ,05:55
22941,Indore Martyr Captain Tushar Mahajan Express,Mathura a d ,08:20
22941,Indore Martyr Captain Tushar Mahajan Express,Delhi a Safdarjang,10:31
20931,Kochuveli Indore SF Express,Vasai Road,15:05
20931,Kochuveli Indore SF Express,Surat,18:09
20931,Kochuveli Indore SF Express,Vadodara,19:51
20931,Kochuveli Indore SF Express,Dahod d ,21:50
20931,Kochuveli Indore SF Express,Ratlam,23:35
20931,Kochuveli Indore SF Express,Nagda a d ,00:20
20931,Kochuveli Indore SF Express,Ujjain,01:25
20931,Kochuveli Indore SF Express,Indore,04:30
20915,Lingampalli Indore Humsafar Express,Vasai Road,12:05
20915,Lingampalli Indore Humsafar Express,Surat,14:48
20915,Lingampalli Indore Humsafar Express,Vadodara,16:30
20915,Lingampalli Indore Humsafar Express,Ratlam,20:20
20915,Lingampalli Indore Humsafar Express,Ujjain,22:10
20915,Lingampalli Indore Humsafar Express,Indore,00:15
19668,Mysuru Udaipur Palace Queen Humsafar Express,Vasai Road,12:40
19668,Mysuru Udaipur Palace Queen Humsafar Express,Surat,15:28
19668,Mysuru Udaipur Palace Queen Humsafar Express,Vadodara,17:12
19668,Mysuru Udaipur Palace Queen Humsafar Express,Ratlam,20:55
19103,Ratlam Kota Express,Ratlam,07:05
19103,Ratlam Kota Express,Nagda a d ,08:20
19103,Ratlam Kota Express,Shamgarh a d ,09:57
19103,Ratlam Kota Express,Kota,13:25
19819,Vadodara Kota Express,Vadodara,07:10
19819,Vadodara Kota Express,Chhayapuri,07:25
19819,Vadodara Kota Express,Godhra a d ,09:05
19819,Vadodara Kota Express,Dahod d ,10:55
19819,Vadodara Kota Express,Ratlam,14:10
19819,Vadodara Kota Express,Nagda a d ,15:30
19819,Vadodara Kota Express,Shamgarh a d ,17:40
19819,Vadodara Kota Express,Kota,21:25
22921,Bandra (T) Gorakhpur Antyodaya Express,Bandra (T),05:10
22921,Bandra (T) Gorakhpur Antyodaya Express,Borivali,05:33
22921,Bandra (T) Gorakhpur Antyodaya Express,Surat,08:35
22921,Bandra (T) Gorakhpur Antyodaya Express,Vadodara,10:50
22921,Bandra (T) Gorakhpur Antyodaya Express,Ratlam,14:40
22921,Bandra (T) Gorakhpur Antyodaya Express,Kota,18:20
22921,Bandra (T) Gorakhpur Antyodaya Express,Bharatpur,21:50
22921,Bandra (T) Gorakhpur Antyodaya Express,Mathura,23:55
12937,andhidha Howrah rbha Expre,Bharuch,18:25
12937,andhidha Howrah rbha Expre,Ahmedabad,23:15
12937,andhidha Howrah rbha Expre,Chhayapuri,01:15
12937,andhidha Howrah rbha Expre,Ratlam,05:30
12937,andhidha Howrah rbha Expre,Kota,09:10
12937,andhidha Howrah rbha Expre,Shri Mahaveerji,12:00
12937,andhidha Howrah rbha Expre,Agra Fort,15:00
22969,Okha Banaras Super Fast Express,Ahmedabad,23:15
22969,Okha Banaras Super Fast Express,Chhayapuri,01:15
22969,Okha Banaras Super Fast Express,Ratlam,05:30
22969,Okha Banaras Super Fast Express,Nagda,06:25
22969,Okha Banaras Super Fast Express,Nagda,06:25
22969,Okha Banaras Super Fast Express,Kota,09:10
22969,Okha Banaras Super Fast Express,Sawai Madhopur,10:40
22969,Okha Banaras Super Fast Express,Gangapur City,11:30
22969,Okha Banaras Super Fast Express,Agra Fort,15:00
12941,Bhavnagar Asansol Parasnath Express,Ahmedabad,23:15
12941,Bhavnagar Asansol Parasnath Express,Chhayapuri,01:15
12941,Bhavnagar Asansol Parasnath Express,Dahod,03:14
12941,Bhavnagar Asansol Parasnath Express,Ratlam,05:30
12941,Bhavnagar Asansol Parasnath Express,Nagda,06:25
12941,Bhavnagar Asansol Parasnath Express,Nagda,06:25
12941,Bhavnagar Asansol Parasnath Express,Shamgarh,07:18
12941,Bhavnagar Asansol Parasnath Express,Ramganj Mandi,08:00
12941,Bhavnagar Asansol Parasnath Express,Kota,09:10
12941,Bhavnagar Asansol Parasnath Express,Sawai Madhopur,10:40
12941,Bhavnagar Asansol Parasnath Express,Gangapur City,11:30
12941,Bhavnagar Asansol Parasnath Express,Shri Mahaveerji,12:00
12941,Bhavnagar Asansol Parasnath Express,Agra Fort,15:00
12977,Ernakulam Ajmer Marusagar Express,Vasai Road,21:05
12977,Ernakulam Ajmer Marusagar Express,Surat,00:03
12977,Ernakulam Ajmer Marusagar Express,Vadodara,01:58
12977,Ernakulam Ajmer Marusagar Express,Ratlam,05:50
12977,Ernakulam Ajmer Marusagar Express,Nagda,06:47
12977,Ernakulam Ajmer Marusagar Express,Nagda,06:47
12977,Ernakulam Ajmer Marusagar Express,Kota,09:10
12977,Ernakulam Ajmer Marusagar Express,Sawai Madhopur,11:00
12977,Ernakulam Ajmer Marusagar Express,Jaipur,13:05
12977,Ernakulam Ajmer Marusagar Express,Ajmer,15:25
22943,Daund Indore Express,Vasai Road,19:50
22943,Daund Indore Express,Surat,22:47
22943,Daund Indore Express,Vadodara,00:30
22943,Daund Indore Express,Godhra,01:53
22943,Daund Indore Express,Dahod,02:45
22943,Daund Indore Express,Ratlam,04:40
22943,Daund Indore Express,Nagda,05:30
22943,Daund Indore Express,Ujjain,06:30
22943,Daund Indore Express,Indore,08:25
12449,Madgaon Chandigarh Goa Sampark Kranti Express,Vasai Road,21:05
12449,Madgaon Chandigarh Goa Sampark Kranti Express,Surat,23:53
12449,Madgaon Chandigarh Goa Sampark Kranti Express,Vadodara,01:30
12449,Madgaon Chandigarh Goa Sampark Kranti Express,Ratlam,05:05
12449,Madgaon Chandigarh Goa Sampark Kranti Express,Kota,08:20
12449,Madgaon Chandigarh Goa Sampark Kranti Express,Nizamuddin,13:43
12449,Madgaon Chandigarh Goa Sampark Kranti Express,New Delhi,14:25
12903,Bandra (T)- Amritsar Golden Temple Mail,Bandra (T),18:45
12903,Bandra (T)- Amritsar Golden Temple Mail,Borivali,19:18
12903,Bandra (T)- Amritsar Golden Temple Mail,Surat,22:04
12903,Bandra (T)- Amritsar Golden Temple Mail,Vadodara,23:44
12903,Bandra (T)- Amritsar Golden Temple Mail,Godhra,00:51
12903,Bandra (T)- Amritsar Golden Temple Mail,Dahod,01:40
12903,Bandra (T)- Amritsar Golden Temple Mail,Ratlam,03:35
12903,Bandra (T)- Amritsar Golden Temple Mail,Nagda,04:28
12903,Bandra (T)- Amritsar Golden Temple Mail,Nagda,04:28
12903,Bandra (T)- Amritsar Golden Temple Mail,Shamgarh,05:25
12903,Bandra (T)- Amritsar Golden Temple Mail,Ramganj Mandi,06:10
12903,Bandra (T)- Amritsar Golden Temple Mail,Kota,07:15
12903,Bandra (T)- Amritsar Golden Temple Mail,Sawai Madhopur,08:30
12903,Bandra (T)- Amritsar Golden Temple Mail,Gangapur City,09:15
12903,Bandra (T)- Amritsar Golden Temple Mail,Shri Mahaveerji,09:40
12903,Bandra (T)- Amritsar Golden Temple Mail,Bayana,10:25
12903,Bandra (T)- Amritsar Golden Temple Mail,Bharatpur,10:55
12903,Bandra (T)- Amritsar Golden Temple Mail,Mathura,11:45
12903,Bandra (T)- Amritsar Golden Temple Mail,Faridabad,13:15
12903,Bandra (T)- Amritsar Golden Temple Mail,Nizamuddin,14:05
19019,Bandra (T) / Haridwar Express,Bandra (T),00:20
19019,Bandra (T) / Haridwar Express,Borivali,00:48
19019,Bandra (T) / Haridwar Express,Vasai Road,01:07
19019,Bandra (T) / Haridwar Express,Dahanu Road,02:10
19019,Bandra (T) / Haridwar Express,Valsad,03:15
19019,Bandra (T) / Haridwar Express,Surat,04:35
19019,Bandra (T) / Haridwar Express,Bharuch,05:31
19019,Bandra (T) / Haridwar Express,Vadodara,06:45
19019,Bandra (T) / Haridwar Express,Godhra,08:03
19019,Bandra (T) / Haridwar Express,Dahod,09:15
19019,Bandra (T) / Haridwar Express,Ratlam,11:55
19019,Bandra (T) / Haridwar Express,Nagda,13:10
19019,Bandra (T) / Haridwar Express,Nagda,13:10
19019,Bandra (T) / Haridwar Express,Shamgarh,14:50
19019,Bandra (T) / Haridwar Express,Ramganj Mandi,16:05
19019,Bandra (T) / Haridwar Express,Kota,17:55
19019,Bandra (T) / Haridwar Express,Sawai Madhopur,19:55
19019,Bandra (T) / Haridwar Express,Gangapur City,21:05
19019,Bandra (T) / Haridwar Express,Shri Mahaveerji,21:32
19019,Bandra (T) / Haridwar Express,Bayana,22:25
19019,Bandra (T) / Haridwar Express,Bharatpur,23:10
19019,Bandra (T) / Haridwar Express,Mathura,00:15
19019,Bandra (T) / Haridwar Express,Faridabad,01:58
19019,Bandra (T) / Haridwar Express,Nizamuddin,02:50
19037,nagar Bandra (T) Barauni Jn Avadh Express,Bandra (T),22:00
19037,nagar Bandra (T) Barauni Jn Avadh Express,Borivali,22:33
19037,nagar Bandra (T) Barauni Jn Avadh Express,Valsad,00:40
19037,nagar Bandra (T) Barauni Jn Avadh Express,Surat,02:14
19037,nagar Bandra (T) Barauni Jn Avadh Express,Vadodara,03:57
19037,nagar Bandra (T) Barauni Jn Avadh Express,Godhra,05:08
19037,nagar Bandra (T) Barauni Jn Avadh Express,Dahod,05:58
19037,nagar Bandra (T) Barauni Jn Avadh Express,Ratlam,07:55
19037,nagar Bandra (T) Barauni Jn Avadh Express,Nagda,09:10
19037,nagar Bandra (T) Barauni Jn Avadh Express,Nagda,09:10
19037,nagar Bandra (T) Barauni Jn Avadh Express,Shamgarh,10:32
19037,nagar Bandra (T) Barauni Jn Avadh Express,Ramganj Mandi,11:25
19037,nagar Bandra (T) Barauni Jn Avadh Express,Kota,12:40
19037,nagar Bandra (T) Barauni Jn Avadh Express,Sawai Madhopur,14:20
19037,nagar Bandra (T) Barauni Jn Avadh Express,Gangapur City,15:05
19037,nagar Bandra (T) Barauni Jn Avadh Express,Shri Mahaveerji,15:30
19037,nagar Bandra (T) Barauni Jn Avadh Express,Bayana,16:35
19037,nagar Bandra (T) Barauni Jn Avadh Express,Agra Fort,19:20
12917,Rajkot Nizamuddin Gujarat Sampark Kranti Express,Surat,11:00
12917,Rajkot Nizamuddin Gujarat Sampark Kranti Express,Ahmedabad,15:30
12917,Rajkot Nizamuddin Gujarat Sampark Kranti Express,Chhayapuri,17:05
12917,Rajkot Nizamuddin Gujarat Sampark Kranti Express,Godhra,18:05
12917,Rajkot Nizamuddin Gujarat Sampark Kranti Express,Dahod,18:55
12917,Rajkot Nizamuddin Gujarat Sampark Kranti Express,Ratlam,20:40
12917,Rajkot Nizamuddin Gujarat Sampark Kranti Express,Kota,23:55
12917,Rajkot Nizamuddin Gujarat Sampark Kranti Express,Mathura,03:40
12917,Rajkot Nizamuddin Gujarat Sampark Kranti Express,Nizamuddin,05:50
19053,Surat Muzaffarpur Express,Surat,07:35
19053,Surat Muzaffarpur Express,Vadodara,09:32
19053,Surat Muzaffarpur Express,Dahod,12:22
19053,Surat Muzaffarpur Express,Ratlam,14:15
19053,Surat Muzaffarpur Express,Nagda,15:05
19053,Surat Muzaffarpur Express,Ujjain,16:15
19053,Surat Muzaffarpur Express,Nagda,15:05
19053,Surat Muzaffarpur Express,Agra Fort,06:40
15667,Gandhidham Kamakhya Express,Bharuch,14:05
15667,Gandhidham Kamakhya Express,Ahmedabad,21:40
15667,Gandhidham Kamakhya Express,Chhayapuri,23:40
15667,Gandhidham Kamakhya Express,Dahod,01:28
15667,Gandhidham Kamakhya Express,Ratlam,03:25
15667,Gandhidham Kamakhya Express,Kota,06:35
15667,Gandhidham Kamakhya Express,Sawai Madhopur,07:50
15667,Gandhidham Kamakhya Express,Bayana,10:15
15667,Gandhidham Kamakhya Express,Agra Fort,12:50
9654,Bandra (T) Ajmer Special,Bandra (T),14:30
9654,Bandra (T) Ajmer Special,Borivali,15:00
9654,Bandra (T) Ajmer Special,Valsad,17:20
9654,Bandra (T) Ajmer Special,Surat,18:43
9654,Bandra (T) Ajmer Special,Vadodara,20:28
9654,Bandra (T) Ajmer Special,Godhra,21:12
9654,Bandra (T) Ajmer Special,Dahod,22:02
9654,Bandra (T) Ajmer Special,Ratlam,23:45
9654,Bandra (T) Ajmer Special,Ajmer,07:20
9724,Bandra (T) Jaipur Special,Bandra (T),09:30
9724,Bandra (T) Jaipur Special,Borivali,10:07
9724,Bandra (T) Jaipur Special,Surat,14:05
9724,Bandra (T) Jaipur Special,Vadodara,15:58
9724,Bandra (T) Jaipur Special,Ratlam,20:20
9724,Bandra (T) Jaipur Special,Jaipur,06:45
9724,Bandra (T) Jaipur Special,Ajmer,04:15
4712,Bandra (T) Bikaner Special,Bandra (T),18:20
4712,Bandra (T) Bikaner Special,Borivali,18:48
4712,Bandra (T) Bikaner Special,Valsad,21:10
4712,Bandra (T) Bikaner Special,Surat,23:20
4712,Bandra (T) Bikaner Special,Bharuch,00:24
4712,Bandra (T) Bikaner Special,Vadodara,01:20
4712,Bandra (T) Bikaner Special,Godhra,03:00
4712,Bandra (T) Bikaner Special,Ratlam,05:55
4712,Bandra (T) Bikaner Special,Nagda,06:45
4712,Bandra (T) Bikaner Special,Nagda,06:45
4712,Bandra (T) Bikaner Special,Shamgarh,07:50
4712,Bandra (T) Bikaner Special,Ramganj Mandi,08:35
4712,Bandra (T) Bikaner Special,Kota,09:40
4712,Bandra (T) Bikaner Special,Sawai Madhopur,11:50
4712,Bandra (T) Bikaner Special,Jaipur,15:00
9420,Tiruchchi- rappalli Jn. Ahmedabad Special,Vasai Road,14:35
9420,Tiruchchi- rappalli Jn. Ahmedabad Special,Valsad,16:07
9420,Tiruchchi- rappalli Jn. Ahmedabad Special,Surat,16:55
9420,Tiruchchi- rappalli Jn. Ahmedabad Special,Ahmedabad,21:15
9420,Tiruchchi- rappalli Jn. Ahmedabad Special,Vadodara,18:38
22543,Bandra(T) Lalkuan Superfast Express,Bandra (T),11:00
22543,Bandra(T) Lalkuan Superfast Express,Borivali,11:22
22543,Bandra(T) Lalkuan Superfast Express,Surat,14:24
22543,Bandra(T) Lalkuan Superfast Express,Vadodara,16:11
22543,Bandra(T) Lalkuan Superfast Express,Ratlam,21:15
22543,Bandra(T) Lalkuan Superfast Express,Kota,00:35
22543,Bandra(T) Lalkuan Superfast Express,Sawai Madhopur,01:45
22543,Bandra(T) Lalkuan Superfast Express,Bharatpur,04:10
22543,Bandra(T) Lalkuan Superfast Express,Mathura,05:00
10115,Bandra (T) Madgaon Express,Bandra (T),06:50
10115,Bandra (T) Madgaon Express,Borivali,07:15
10115,Bandra (T) Madgaon Express,Vasai Road,08:15
12911,Valsad Haridwar Express,Valsad,15:10
12911,Valsad Haridwar Express,Surat,16:15
12911,Valsad Haridwar Express,Vadodara,18:45
12911,Valsad Haridwar Express,Godhra,20:00
12911,Valsad Haridwar Express,Dahod,20:52
12911,Valsad Haridwar Express,Ratlam,22:45
12911,Valsad Haridwar Express,Kota,02:05
12911,Valsad Haridwar Express,Sawai Madhopur,03:20
12911,Valsad Haridwar Express,Bharatpur,05:30
12911,Valsad Haridwar Express,Nizamuddin,08:50
22901,Bandra (T) Udaipur City Express,Bandra (T),23:25
22901,Bandra (T) Udaipur City Express,Borivali,23:55
22901,Bandra (T) Udaipur City Express,Surat,03:00
22901,Bandra (T) Udaipur City Express,Bharuch,03:44
22901,Bandra (T) Udaipur City Express,Vadodara,04:43
22901,Bandra (T) Udaipur City Express,Dahod,06:46
22901,Bandra (T) Udaipur City Express,Ratlam,08:35
22901,Bandra (T) Udaipur City Express,Ramganj Mandi,14:40
22933,Bandra (T) Jaipur Express,Bandra (T),17:05
22933,Bandra (T) Jaipur Express,Borivali,17:40
22933,Bandra (T) Jaipur Express,Surat,20:43
22933,Bandra (T) Jaipur Express,Bharuch,21:25
22933,Bandra (T) Jaipur Express,Vadodara,22:29
22933,Bandra (T) Jaipur Express,Dahod,00:25
22933,Bandra (T) Jaipur Express,Ratlam,02:15
22933,Bandra (T) Jaipur Express,Nagda,03:05
22933,Bandra (T) Jaipur Express,Ramganj Mandi,04:35
22933,Bandra (T) Jaipur Express,Kota,05:25
22933,Bandra (T) Jaipur Express,Sawai Madhopur,07:15
22933,Bandra (T) Jaipur Express,Jaipur,10:05
19421,Rajkot Patna Express,Surat,17:00
19421,Rajkot Patna Express,Ahmedabad,21:50
19421,Rajkot Patna Express,Chhayapuri,23:40
19421,Rajkot Patna Express,Dahod,01:28
19421,Rajkot Patna Express,Ratlam,03:25
19421,Rajkot Patna Express,Nagda,04:15
19421,Rajkot Patna Express,Ujjain,05:15
12283,Ernakulam Nizamuddin Duronto Express,Vasai Road,00:10
12283,Ernakulam Nizamuddin Duronto Express,Surat,03:00
12283,Ernakulam Nizamuddin Duronto Express,Vadodara,04:40
12283,Ernakulam Nizamuddin Duronto Express,Ratlam,08:30
12283,Ernakulam Nizamuddin Duronto Express,Kota,11:50
12283,Ernakulam Nizamuddin Duronto Express,Nizamuddin,17:20
22209,Mumbai Central Hazrat Nizamuddin Duronto Express,Mumbai Central,23:10
22209,Mumbai Central Hazrat Nizamuddin Duronto Express,Vadodara,03:36
22209,Mumbai Central Hazrat Nizamuddin Duronto Express,Ratlam,07:05
22209,Mumbai Central Hazrat Nizamuddin Duronto Express,Kota,10:05
22209,Mumbai Central Hazrat Nizamuddin Duronto Express,Nizamuddin,15:50
12239,Mumbai Central Hisar Duronto Express,Mumbai Central,23:10
12239,Mumbai Central Hisar Duronto Express,Vadodara,03:36
12239,Mumbai Central Hisar Duronto Express,Ratlam,07:05
12239,Mumbai Central Hisar Duronto Express,Kota,10:05
12239,Mumbai Central Hisar Duronto Express,Sawai Madhopur,11:50
12239,Mumbai Central Hisar Duronto Express,Jaipur,13:50
12227,Mumbai Central Indore Duronto Express,Mumbai Central,23:10
12227,Mumbai Central Indore Duronto Express,Vadodara,03:36
12227,Mumbai Central Indore Duronto Express,Ratlam,07:05
12227,Mumbai Central Indore Duronto Express,Ujjain,08:45
12227,Mumbai Central Indore Duronto Express,Indore,10:20
22413,Madgaon Nizamuddin Rajdhani Express,Vasai Road,19:35
22413,Madgaon Nizamuddin Rajdhani Express,Surat,22:18
22413,Madgaon Nizamuddin Rajdhani Express,Vadodara,23:59
22413,Madgaon Nizamuddin Rajdhani Express,Ratlam,03:50
22413,Madgaon Nizamuddin Rajdhani Express,Kota,06:55
22413,Madgaon Nizamuddin Rajdhani Express,Nizamuddin,12:30
20941,Bandra (T) Ghazipur City SF Express,Bandra (T),23:25
20941,Bandra (T) Ghazipur City SF Express,Borivali,23:55
20941,Bandra (T) Ghazipur City SF Express,Valsad,02:00
20941,Bandra (T) Ghazipur City SF Express,Surat,03:00
20941,Bandra (T) Ghazipur City SF Express,Bharuch,03:43
20941,Bandra (T) Ghazipur City SF Express,Vadodara,04:42
20941,Bandra (T) Ghazipur City SF Express,Ratlam,08:30
20941,Bandra (T) Ghazipur City SF Express,Shamgarh,10:10
20941,Bandra (T) Ghazipur City SF Express,Ramganj Mandi,10:45
20941,Bandra (T) Ghazipur City SF Express,Kota,11:50
20941,Bandra (T) Ghazipur City SF Express,Sawai Madhopur,13:10
20941,Bandra (T) Ghazipur City SF Express,Gangapur City,13:55
20941,Bandra (T) Ghazipur City SF Express,Shri Mahaveerji,14:20
20941,Bandra (T) Ghazipur City SF Express,Bayana,15:30
20941,Bandra (T) Ghazipur City SF Express,Agra Fort,17:15
15560,Ahmedabad Darbhanga Antyodaya Express,Ahmedabad,21:05
15560,Ahmedabad Darbhanga Antyodaya Express,Chhayapuri,23:05
15560,Ahmedabad Darbhanga Antyodaya Express,Godhra,00:14
15560,Ahmedabad Darbhanga Antyodaya Express,Ratlam,02:55
15560,Ahmedabad Darbhanga Antyodaya Express,Nagda,03:45
20945,Ekta Nagar Nizamuddin SF Express,Ekta Nagar,23:30
20945,Ekta Nagar Nizamuddin SF Express,Vadodara,01:05
20945,Ekta Nagar Nizamuddin SF Express,Godhra,02:37
20945,Ekta Nagar Nizamuddin SF Express,Dahod,03:27
20945,Ekta Nagar Nizamuddin SF Express,Ratlam,05:05
20945,Ekta Nagar Nizamuddin SF Express,Kota,08:20
20945,Ekta Nagar Nizamuddin SF Express,Mathura,11:55
20945,Ekta Nagar Nizamuddin SF Express,Nizamuddin,05:50
12945,Veraval Banaras S/F Express,Surat,04:30
12945,Veraval Banaras S/F Express,Ahmedabad,13:45
12945,Veraval Banaras S/F Express,Chhayapuri,15:45
12945,Veraval Banaras S/F Express,Godhra,16:43
12945,Veraval Banaras S/F Express,Ratlam,19:13
12945,Veraval Banaras S/F Express,Nagda,20:30
12945,Veraval Banaras S/F Express,Nagda,20:30
12945,Veraval Banaras S/F Express,Shamgarh,21:30
12945,Veraval Banaras S/F Express,Kota,23:40
12945,Veraval Banaras S/F Express,Gangapur City,01:40
20981,Udaipur City Agra Cantt. Vande Bharat Express,Nagda,05:45
20981,Udaipur City Agra Cantt. Vande Bharat Express,Kota,09:55
20981,Udaipur City Agra Cantt. Vande Bharat Express,Sawai Madhopur,11:02
20981,Udaipur City Agra Cantt. Vande Bharat Express,Gangapur City,11:45
20981,Udaipur City Agra Cantt. Vande Bharat Express,Agra Fort,14:30
20155,Dr. Ambedkar Nagar-New Delhi SF,Nagda,18:40
20155,Dr. Ambedkar Nagar-New Delhi SF,Shamgarh,19:40
20155,Dr. Ambedkar Nagar-New Delhi SF,Ramganj Mandi,20:25
20155,Dr. Ambedkar Nagar-New Delhi SF,Kota,21:40
20155,Dr. Ambedkar Nagar-New Delhi SF,Sawai Madhopur,22:45
20155,Dr. Ambedkar Nagar-New Delhi SF,Gangapur City,23:30
20155,Dr. Ambedkar Nagar-New Delhi SF,Bayana,00:25
20155,Dr. Ambedkar Nagar-New Delhi SF,Bharatpur,01:00
20155,Dr. Ambedkar Nagar-New Delhi SF,Mathura,01:55
20155,Dr. Ambedkar Nagar-New Delhi SF,Nizamuddin,04:00
20155,Dr. Ambedkar Nagar-New Delhi SF,New Delhi,04:25
12197,Bhopal Gwalior Intercity Express,Bhopal,15:10
12197,Bhopal Gwalior Intercity Express,Bina,17:30
12197,Bhopal Gwalior Intercity Express,Guna,19:50
12197,Bhopal Gwalior Intercity Express,Shivpuri,21:20
12197,Bhopal Gwalior Intercity Express,Gwalior,23:55
11077,Pune Jam- mu Tawi Jhelum Express,Pune,17:20
11077,Pune Jam- mu Tawi Jhelum Express,Daund Chord,18:27
11077,Pune Jam- mu Tawi Jhelum Express,Ahaliyanagar,19:45
11077,Pune Jam- mu Tawi Jhelum Express,Manmad,23:15
11077,Pune Jam- mu Tawi Jhelum Express,Bhusaval,01:50
11077,Pune Jam- mu Tawi Jhelum Express,Khandwa,04:10
11077,Pune Jam- mu Tawi Jhelum Express,Itarsi,06:55
11077,Pune Jam- mu Tawi Jhelum Express,Bhopal,08:50
11077,Pune Jam- mu Tawi Jhelum Express,Bina,11:20
11077,Pune Jam- mu Tawi Jhelum Express,Bina d ,11:20
11077,Pune Jam- mu Tawi Jhelum Express,V Jh ir a a n n s g i ana Lakshmibai,13:58
11077,Pune Jam- mu Tawi Jhelum Express,Gwalior,15:26
11077,Pune Jam- mu Tawi Jhelum Express,Agra Cantt.,17:25
11077,Pune Jam- mu Tawi Jhelum Express,Mathura,18:20
11077,Pune Jam- mu Tawi Jhelum Express,Nizamuddin,20:51
11077,Pune Jam- mu Tawi Jhelum Express,New Delhi,21:35
11077,Pune Jam- mu Tawi Jhelum Express,Kurukshetra,00:30
11077,Pune Jam- mu Tawi Jhelum Express,Ambala Cantt.,01:48
11077,Pune Jam- mu Tawi Jhelum Express,Ludhiana,04:09
11077,Pune Jam- mu Tawi Jhelum Express,Jalandhar Cantt.,05:15
11077,Pune Jam- mu Tawi Jhelum Express,Jammu Tawi,09:45
12919,Dr. Ambedkar Nagar Shri Mata Vaishno Devi Katra Malwa Express,Hazur Sahib Nanded,11:50
12919,Dr. Ambedkar Nagar Shri Mata Vaishno Devi Katra Malwa Express,Indore,12:15
12919,Dr. Ambedkar Nagar Shri Mata Vaishno Devi Katra Malwa Express,Ujjain,14:00
12919,Dr. Ambedkar Nagar Shri Mata Vaishno Devi Katra Malwa Express,Bhopal,17:30
12919,Dr. Ambedkar Nagar Shri Mata Vaishno Devi Katra Malwa Express,Bina,19:35
12919,Dr. Ambedkar Nagar Shri Mata Vaishno Devi Katra Malwa Express,Bina d ,19:35
12919,Dr. Ambedkar Nagar Shri Mata Vaishno Devi Katra Malwa Express,V Jh ir a a n n s g i ana Lakshmibai,21:38
12919,Dr. Ambedkar Nagar Shri Mata Vaishno Devi Katra Malwa Express,Gwalior,22:56
12919,Dr. Ambedkar Nagar Shri Mata Vaishno Devi Katra Malwa Express,Agra Cantt.,00:45
12919,Dr. Ambedkar Nagar Shri Mata Vaishno Devi Katra Malwa Express,Mathura,01:23
12919,Dr. Ambedkar Nagar Shri Mata Vaishno Devi Katra Malwa Express,Nizamuddin,03:50
12919,Dr. Ambedkar Nagar Shri Mata Vaishno Devi Katra Malwa Express,New Delhi,04:30
12919,Dr. Ambedkar Nagar Shri Mata Vaishno Devi Katra Malwa Express,Kurukshetra,06:30
12919,Dr. Ambedkar Nagar Shri Mata Vaishno Devi Katra Malwa Express,Ambala Cantt.,07:35
12919,Dr. Ambedkar Nagar Shri Mata Vaishno Devi Katra Malwa Express,Ludhiana,09:50
12919,Dr. Ambedkar Nagar Shri Mata Vaishno Devi Katra Malwa Express,Jalandhar Cantt.,10:36
12919,Dr. Ambedkar Nagar Shri Mata Vaishno Devi Katra Malwa Express,Jammu Tawi,14:35
12919,Dr. Ambedkar Nagar Shri Mata Vaishno Devi Katra Malwa Express,S D h e r v i i M K a a t t a ra Vaishno,16:30
14317/14309,Lakshmibai Nagar Yognagri Rishikesh Ujjaini Express,LMNR,15:25
14317/14309,Lakshmibai Nagar Yognagri Rishikesh Ujjaini Express,Ujjain,17:20
14317/14309,Lakshmibai Nagar Yognagri Rishikesh Ujjaini Express,Guna,22:40
14317/14309,Lakshmibai Nagar Yognagri Rishikesh Ujjaini Express,Shivpuri,23:56
14317/14309,Lakshmibai Nagar Yognagri Rishikesh Ujjaini Express,Gwalior,03:10
14317/14309,Lakshmibai Nagar Yognagri Rishikesh Ujjaini Express,Agra Cantt.,05:55
14317/14309,Lakshmibai Nagar Yognagri Rishikesh Ujjaini Express,Mathura,06:50
14317/14309,Lakshmibai Nagar Yognagri Rishikesh Ujjaini Express,Nizamuddin,09:50
12715,Hazur Sahib Nanded Amritsar Sachkhand Express,Hazur Sahib Nanded,09:30
12715,Hazur Sahib Nanded Amritsar Sachkhand Express,Manmad,16:35
12715,Hazur Sahib Nanded Amritsar Sachkhand Express,Bhusaval,19:15
12715,Hazur Sahib Nanded Amritsar Sachkhand Express,Khandwa,21:40
12715,Hazur Sahib Nanded Amritsar Sachkhand Express,Itarsi,00:10
12715,Hazur Sahib Nanded Amritsar Sachkhand Express,Bhopal,02:40
12715,Hazur Sahib Nanded Amritsar Sachkhand Express,Bina,04:32
12715,Hazur Sahib Nanded Amritsar Sachkhand Express,Bina d ,04:32
12715,Hazur Sahib Nanded Amritsar Sachkhand Express,V Jh ir a a n n s g i ana Lakshmibai,06:28
12715,Hazur Sahib Nanded Amritsar Sachkhand Express,Gwalior,07:37
12715,Hazur Sahib Nanded Amritsar Sachkhand Express,Agra Cantt.,09:43
12715,Hazur Sahib Nanded Amritsar Sachkhand Express,Mathura,10:20
12715,Hazur Sahib Nanded Amritsar Sachkhand Express,Nizamuddin,12:37
12715,Hazur Sahib Nanded Amritsar Sachkhand Express,New Delhi,13:20
12715,Hazur Sahib Nanded Amritsar Sachkhand Express,Kurukshetra,15:11
12715,Hazur Sahib Nanded Amritsar Sachkhand Express,Ambala Cantt.,16:30
12715,Hazur Sahib Nanded Amritsar Sachkhand Express,Ludhiana,19:08
12715,Hazur Sahib Nanded Amritsar Sachkhand Express,Jalandhar City,20:20
12715,Hazur Sahib Nanded Amritsar Sachkhand Express,Amritsar,21:45
12137,Mumbai CSMT Firozpur Punjab Mail,Mumbai CSMT,19:35
12137,Mumbai CSMT Firozpur Punjab Mail,Dadar,19:50
12137,Mumbai CSMT Firozpur Punjab Mail,Manmad,00:10
12137,Mumbai CSMT Firozpur Punjab Mail,Bhusaval,02:45
12137,Mumbai CSMT Firozpur Punjab Mail,Khandwa,04:55
12137,Mumbai CSMT Firozpur Punjab Mail,Itarsi,07:40
12137,Mumbai CSMT Firozpur Punjab Mail,Bhopal,09:50
12137,Mumbai CSMT Firozpur Punjab Mail,Bina,12:05
12137,Mumbai CSMT Firozpur Punjab Mail,Bina d ,12:05
12137,Mumbai CSMT Firozpur Punjab Mail,V Jh ir a a n n s g i ana Lakshmibai,14:23
12137,Mumbai CSMT Firozpur Punjab Mail,Gwalior,15:42
12137,Mumbai CSMT Firozpur Punjab Mail,Agra Cantt.,18:05
12137,Mumbai CSMT Firozpur Punjab Mail,Mathura,18:50
12137,Mumbai CSMT Firozpur Punjab Mail,Nizamuddin,20:57
12137,Mumbai CSMT Firozpur Punjab Mail,New Delhi,21:40
12137,Mumbai CSMT Firozpur Punjab Mail,Firozpur,05:15
11057,Mumbai CSMT Amritsar Express,Mumbai CSMT,23:30
11057,Mumbai CSMT Amritsar Express,Dadar,23:40
11057,Mumbai CSMT Amritsar Express,Manmad,04:05
11057,Mumbai CSMT Amritsar Express,Bhusaval,06:50
11057,Mumbai CSMT Amritsar Express,Khandwa,09:20
11057,Mumbai CSMT Amritsar Express,Itarsi,12:35
11057,Mumbai CSMT Amritsar Express,Bhopal,15:30
11057,Mumbai CSMT Amritsar Express,Bina,17:55
11057,Mumbai CSMT Amritsar Express,Bina d ,17:55
11057,Mumbai CSMT Amritsar Express,V Jh ir a a n n s g i ana Lakshmibai,20:28
11057,Mumbai CSMT Amritsar Express,Gwalior,21:53
11057,Mumbai CSMT Amritsar Express,Agra Cantt.,23:50
11057,Mumbai CSMT Amritsar Express,Mathura,00:35
11057,Mumbai CSMT Amritsar Express,Nizamuddin,03:09
11057,Mumbai CSMT Amritsar Express,New Delhi,03:45
11057,Mumbai CSMT Amritsar Express,Kurukshetra,06:14
11057,Mumbai CSMT Amritsar Express,Ambala Cantt.,07:58
11057,Mumbai CSMT Amritsar Express,Ludhiana,12:55
11057,Mumbai CSMT Amritsar Express,Jalandhar Cantt.,14:08
11057,Mumbai CSMT Amritsar Express,Jalandhar City,14:21
11057,Mumbai CSMT Amritsar Express,Amritsar,16:15
19325,Indore Amritsar Express,Indore,20:15
19325,Indore Amritsar Express,Guna,01:35
19325,Indore Amritsar Express,Shivpuri,02:45
19325,Indore Amritsar Express,Gwalior,06:15
19325,Indore Amritsar Express,Agra Cantt.,08:20
19325,Indore Amritsar Express,Mathura,09:00
19325,Indore Amritsar Express,Nizamuddin,11:40
19325,Indore Amritsar Express,Ambala Cantt.,16:55
19325,Indore Amritsar Express,Ludhiana,19:20
19325,Indore Amritsar Express,Jalandhar City,20:35
19325,Indore Amritsar Express,Amritsar,22:05
22196,Bandra (T) Virangna Laxmibai Jhansi SF Express,Bandra (T),05:10
22196,Bandra (T) Virangna Laxmibai Jhansi SF Express,Surat,08:35
22196,Bandra (T) Virangna Laxmibai Jhansi SF Express,Vadodara,10:50
22196,Bandra (T) Virangna Laxmibai Jhansi SF Express,Ratlam,14:40
22196,Bandra (T) Virangna Laxmibai Jhansi SF Express,Nagda,15:45
22196,Bandra (T) Virangna Laxmibai Jhansi SF Express,Ujjain,16:55
22196,Bandra (T) Virangna Laxmibai Jhansi SF Express,Guna,22:10
22196,Bandra (T) Virangna Laxmibai Jhansi SF Express,Shivpuri,23:20
22196,Bandra (T) Virangna Laxmibai Jhansi SF Express,Gwalior,02:40
22196,Bandra (T) Virangna Laxmibai Jhansi SF Express,V Jh ir a a n n s g i ana Lakshmibai,05:00
22829,Bhuj Shalimar Express,Lonavla,15:15
22829,Bhuj Shalimar Express,Ahmedabad,21:40
22829,Bhuj Shalimar Express,Chhayapuri,23:40
22829,Bhuj Shalimar Express,Ratlam,03:25
22829,Bhuj Shalimar Express,Nagda,04:15
22829,Bhuj Shalimar Express,Ujjain,05:15
22829,Bhuj Shalimar Express,Bina,11:05
20847,Durg Martyr Captain Tushar Mahajan Express,V Jh ir a a n n s g i ana Lakshmibai,01:35
20847,Durg Martyr Captain Tushar Mahajan Express,Gwalior,02:36
20847,Durg Martyr Captain Tushar Mahajan Express,Agra Cantt.,04:05
20847,Durg Martyr Captain Tushar Mahajan Express,New Delhi,07:45
20847,Durg Martyr Captain Tushar Mahajan Express,Ambala Cantt.,10:50
20847,Durg Martyr Captain Tushar Mahajan Express,Ludhiana,12:45
20847,Durg Martyr Captain Tushar Mahajan Express,Jalandhar Cantt.,13:35
20847,Durg Martyr Captain Tushar Mahajan Express,Jammu Tawi,17:50
20847,Durg Martyr Captain Tushar Mahajan Express,S D h e r v i i M K a a t t a ra Vaishno,19:40
19307,Indore Una Himachal Express,Indore,05:30
19307,Indore Una Himachal Express,Ujjain,07:40
19307,Indore Una Himachal Express,Guna,12:20
19307,Indore Una Himachal Express,Shivpuri,13:45
19307,Indore Una Himachal Express,Gwalior,18:10
19307,Indore Una Himachal Express,Agra Cantt.,19:50
19307,Indore Una Himachal Express,Mathura,20:50
19307,Indore Una Himachal Express,Nizamuddin,23:20
19307,Indore Una Himachal Express,Ambala Cantt.,04:15
20155,Dr. Ambedkar Nagar-New Delhi Express,Nagda,18:40
20155,Dr. Ambedkar Nagar-New Delhi Express,Kota,21:40
20155,Dr. Ambedkar Nagar-New Delhi Express,Hazur Sahib Nanded,15:30
20155,Dr. Ambedkar Nagar-New Delhi Express,Indore,16:00
20155,Dr. Ambedkar Nagar-New Delhi Express,Ujjain,17:20
20155,Dr. Ambedkar Nagar-New Delhi Express,Mathura,01:55
20155,Dr. Ambedkar Nagar-New Delhi Express,Nizamuddin,04:00
20155,Dr. Ambedkar Nagar-New Delhi Express,New Delhi,04:25
