train_num,train_name,halt_station_name,departure_time
11003,Dadar Sawantwadi Road Tutari Express,Dadar,00:05
11003,Dadar Sawantwadi Road Tutari Express,Panvel,00:35
11003,Dadar Sawantwadi Road Tutari Express,Chiplun,05:08
11003,Dadar Sawantwadi Road Tutari Express,Ratnagiri,07:00
11003,Dadar Sawantwadi Road Tutari Express,Kudal,09:30
11003,Dadar Sawantwadi Road Tutari Express,Sawantwadi Road,10:25
12051,Mumbai CSMT Madgaon Jan Shatabdi Express,Mumbai CSMT,05:10
12051,Mumbai CSMT Madgaon Jan Shatabdi Express,Dadar,05:20
12051,Mumbai CSMT Madgaon Jan Shatabdi Express,Panvel,06:25
12051,Mumbai CSMT Madgaon Jan Shatabdi Express,Chiplun,09:02
12051,Mumbai CSMT Madgaon Jan Shatabdi Express,Ratnagiri,10:45
12051,Mumbai CSMT Madgaon Jan Shatabdi Express,Kudal,12:32
12051,Mumbai CSMT Madgaon Jan Shatabdi Express,Sawantwadi Road,12:52
12051,Mumbai CSMT Madgaon Jan Shatabdi Express,Thivim,13:22
12051,Mumbai CSMT Madgaon Jan Shatabdi Express,Madgaon,14:30
10103,Mumbai CSMT Madgaon Mandovi Express,Mumbai CSMT,07:10
10103,Mumbai CSMT Madgaon Mandovi Express,Dadar,07:25
10103,Mumbai CSMT Madgaon Mandovi Express,Panvel,08:30
10103,Mumbai CSMT Madgaon Mandovi Express,Chiplun,11:48
10103,Mumbai CSMT Madgaon Mandovi Express,Ratnagiri,13:35
10103,Mumbai CSMT Madgaon Mandovi Express,Kudal,16:06
10103,Mumbai CSMT Madgaon Mandovi Express,Sawantwadi Road,16:30
10103,Mumbai CSMT Madgaon Mandovi Express,Thivim,17:32
10103,Mumbai CSMT Madgaon Mandovi Express,Karmali,17:56
10103,Mumbai CSMT Madgaon Mandovi Express,Madgaon,19:10
12618,Nizamuddin Ernakulam Mangala Lakshadweep Express,Panvel,06:35
12618,Nizamuddin Ernakulam Mangala Lakshadweep Express,Chiplun,10:10
12618,Nizamuddin Ernakulam Mangala Lakshadweep Express,Ratnagiri,11:50
12618,Nizamuddin Ernakulam Mangala Lakshadweep Express,Thivim,14:32
12618,Nizamuddin Ernakulam Mangala Lakshadweep Express,Madgaon,16:10
12618,Nizamuddin Ernakulam Mangala Lakshadweep Express,Karwar,17:10
12618,Nizamuddin Ernakulam Mangala Lakshadweep Express,Bhatkal,18:50
12618,Nizamuddin Ernakulam Mangala Lakshadweep Express,Kundapura,19:40
12618,Nizamuddin Ernakulam Mangala Lakshadweep Express,Udupi,20:22
12618,Nizamuddin Ernakulam Mangala Lakshadweep Express,Mangaluru Jn.,22:40
12618,Nizamuddin Ernakulam Mangala Lakshadweep Express,Kasaragod,23:20
12618,Nizamuddin Ernakulam Mangala Lakshadweep Express,Kannur,00:40
12618,Nizamuddin Ernakulam Mangala Lakshadweep Express,Thalassery,01:00
12618,Nizamuddin Ernakulam Mangala Lakshadweep Express,Vadakara,01:20
12618,Nizamuddin Ernakulam Mangala Lakshadweep Express,Kozhikode,02:05
12618,Nizamuddin Ernakulam Mangala Lakshadweep Express,Tirur,02:50
12618,Nizamuddin Ernakulam Mangala Lakshadweep Express,Shoranur Jn.,04:15
12618,Nizamuddin Ernakulam Mangala Lakshadweep Express,Thrisur,05:03
12618,Nizamuddin Ernakulam Mangala Lakshadweep Express,Aluva,06:00
12618,Nizamuddin Ernakulam Mangala Lakshadweep Express,Ernakulam Jn.,07:30
16345,Lokmanya Tilak (T) Thiruvanantha- puram Netravati Express,Lokmanya Tilak (T),11:40
16345,Lokmanya Tilak (T) Thiruvanantha- puram Netravati Express,Panvel,12:40
16345,Lokmanya Tilak (T) Thiruvanantha- puram Netravati Express,Chiplun,15:52
16345,Lokmanya Tilak (T) Thiruvanantha- puram Netravati Express,Ratnagiri,17:50
16345,Lokmanya Tilak (T) Thiruvanantha- puram Netravati Express,Kudal,19:42
16345,Lokmanya Tilak (T) Thiruvanantha- puram Netravati Express,Thivim,20:42
16345,Lokmanya Tilak (T) Thiruvanantha- puram Netravati Express,Karmali,21:32
16345,Lokmanya Tilak (T) Thiruvanantha- puram Netravati Express,Madgaon,22:42
16345,Lokmanya Tilak (T) Thiruvanantha- puram Netravati Express,Canacona,23:20
16345,Lokmanya Tilak (T) Thiruvanantha- puram Netravati Express,Karwar,23:42
16345,Lokmanya Tilak (T) Thiruvanantha- puram Netravati Express,Bhatkal,01:32
16345,Lokmanya Tilak (T) Thiruvanantha- puram Netravati Express,Kundapura,02:22
16345,Lokmanya Tilak (T) Thiruvanantha- puram Netravati Express,Udupi,03:02
16345,Lokmanya Tilak (T) Thiruvanantha- puram Netravati Express,Suratkal,03:42
16345,Lokmanya Tilak (T) Thiruvanantha- puram Netravati Express,Mangaluru Jn.,04:25
16345,Lokmanya Tilak (T) Thiruvanantha- puram Netravati Express,Kasaragod,05:05
16345,Lokmanya Tilak (T) Thiruvanantha- puram Netravati Express,Kannur,06:35
16345,Lokmanya Tilak (T) Thiruvanantha- puram Netravati Express,Thalassery,06:55
16345,Lokmanya Tilak (T) Thiruvanantha- puram Netravati Express,Vadakara,07:20
16345,Lokmanya Tilak (T) Thiruvanantha- puram Netravati Express,Kozhikode,08:10
16345,Lokmanya Tilak (T) Thiruvanantha- puram Netravati Express,Tirur,08:50
16345,Lokmanya Tilak (T) Thiruvanantha- puram Netravati Express,Shoranur Jn.,10:20
16345,Lokmanya Tilak (T) Thiruvanantha- puram Netravati Express,Thrisur,11:00
16345,Lokmanya Tilak (T) Thiruvanantha- puram Netravati Express,Aluva,12:00
16345,Lokmanya Tilak (T) Thiruvanantha- puram Netravati Express,Ernakulam Jn.,12:35
16345,Lokmanya Tilak (T) Thiruvanantha- puram Netravati Express,Alappuzha,14:03
16345,Lokmanya Tilak (T) Thiruvanantha- puram Netravati Express,Kollam Jn.,16:13
16345,Lokmanya Tilak (T) Thiruvanantha- puram Netravati Express,Thiruvananthapuram,18:20
12619,Lokmanya Tilak (T) Man- galuru Central Matsyagandha Express,Lokmanya Tilak (T),15:10
12619,Lokmanya Tilak (T) Man- galuru Central Matsyagandha Express,Panvel,16:15
12619,Lokmanya Tilak (T) Man- galuru Central Matsyagandha Express,Chiplun,19:42
12619,Lokmanya Tilak (T) Man- galuru Central Matsyagandha Express,Ratnagiri,21:20
12619,Lokmanya Tilak (T) Man- galuru Central Matsyagandha Express,Kudal,23:12
12619,Lokmanya Tilak (T) Man- galuru Central Matsyagandha Express,Madgaon,01:15
12619,Lokmanya Tilak (T) Man- galuru Central Matsyagandha Express,Karwar,02:12
12619,Lokmanya Tilak (T) Man- galuru Central Matsyagandha Express,Bhatkal,04:06
12619,Lokmanya Tilak (T) Man- galuru Central Matsyagandha Express,Kundapura,04:50
12619,Lokmanya Tilak (T) Man- galuru Central Matsyagandha Express,Udupi,05:20
12619,Lokmanya Tilak (T) Man- galuru Central Matsyagandha Express,Suratkal,06:25
12619,Lokmanya Tilak (T) Man- galuru Central Matsyagandha Express,Mangaluru Jn.,07:40
16335,Gandhidham Nagercoil Express,Gandhidham,10:35
16335,Gandhidham Nagercoil Express,Samakhiyali,11:30
16335,Gandhidham Nagercoil Express,Dhrangadhra,12:52
16335,Gandhidham Nagercoil Express,Viramgam,14:07
16335,Gandhidham Nagercoil Express,Ahmedabad,15:20
16335,Gandhidham Nagercoil Express,Anand,16:43
16335,Gandhidham Nagercoil Express,Vadodara,17:22
16335,Gandhidham Nagercoil Express,Surat,19:34
16335,Gandhidham Nagercoil Express,Valsad,20:25
16335,Gandhidham Nagercoil Express,Vasai Road,22:30
16335,Gandhidham Nagercoil Express,Panvel,23:55
16335,Gandhidham Nagercoil Express,Chiplun,02:52
16335,Gandhidham Nagercoil Express,Ratnagiri,04:25
16335,Gandhidham Nagercoil Express,Sawantwadi Road,06:42
16335,Gandhidham Nagercoil Express,Madgaon,09:00
16335,Gandhidham Nagercoil Express,Canacona,09:32
16335,Gandhidham Nagercoil Express,Karwar,10:00
16335,Gandhidham Nagercoil Express,Kundapura,12:34
16335,Gandhidham Nagercoil Express,Udupi,13:02
16335,Gandhidham Nagercoil Express,Suratkal,13:52
16335,Gandhidham Nagercoil Express,Mangaluru Jn.,15:15
16335,Gandhidham Nagercoil Express,Kasaragod,15:55
16335,Gandhidham Nagercoil Express,Kannur,17:10
16335,Gandhidham Nagercoil Express,Thalassery,17:30
16335,Gandhidham Nagercoil Express,Vadakara,17:50
16335,Gandhidham Nagercoil Express,Kozhikode,18:35
16335,Gandhidham Nagercoil Express,Tirur,19:25
16335,Gandhidham Nagercoil Express,Shoranur Jn.,21:00
16335,Gandhidham Nagercoil Express,Thrisur,21:38
16335,Gandhidham Nagercoil Express,Aluva,22:30
16335,Gandhidham Nagercoil Express,Ernakulam Town,23:00
16335,Gandhidham Nagercoil Express,Kottayam,00:10
16335,Gandhidham Nagercoil Express,Kollam Jn.,02:00
16335,Gandhidham Nagercoil Express,Thiruvananthapuram,03:30
16335,Gandhidham Nagercoil Express,Nagercoil Jn.,06:15
16333,Veraval Thiruvanan- thapuram Express,Veraval,06:50
16333,Veraval Thiruvanan- thapuram Express,Rajkot,10:55
16333,Veraval Thiruvanan- thapuram Express,Surendranagar,12:52
16333,Veraval Thiruvanan- thapuram Express,Viramgam,14:07
16333,Veraval Thiruvanan- thapuram Express,Ahmedabad,15:20
16333,Veraval Thiruvanan- thapuram Express,Anand,16:43
16333,Veraval Thiruvanan- thapuram Express,Vadodara,17:22
16333,Veraval Thiruvanan- thapuram Express,Surat,19:34
16333,Veraval Thiruvanan- thapuram Express,Valsad,20:25
16333,Veraval Thiruvanan- thapuram Express,Vasai Road,22:30
16333,Veraval Thiruvanan- thapuram Express,Panvel,23:55
16333,Veraval Thiruvanan- thapuram Express,Ratnagiri,04:25
16333,Veraval Thiruvanan- thapuram Express,Kudal,06:26
16333,Veraval Thiruvanan- thapuram Express,Karmali,07:52
16333,Veraval Thiruvanan- thapuram Express,Madgaon,09:00
16333,Veraval Thiruvanan- thapuram Express,Karwar,10:00
16333,Veraval Thiruvanan- thapuram Express,Kundapura,12:34
16333,Veraval Thiruvanan- thapuram Express,Udupi,13:02
16333,Veraval Thiruvanan- thapuram Express,Mangaluru Jn.,15:15
16333,Veraval Thiruvanan- thapuram Express,Kasaragod,15:55
16333,Veraval Thiruvanan- thapuram Express,Kannur,17:10
16333,Veraval Thiruvanan- thapuram Express,Thalassery,17:30
16333,Veraval Thiruvanan- thapuram Express,Vadakara,17:50
16333,Veraval Thiruvanan- thapuram Express,Kozhikode,18:35
16333,Veraval Thiruvanan- thapuram Express,Tirur,19:25
16333,Veraval Thiruvanan- thapuram Express,Shoranur Jn.,21:00
16333,Veraval Thiruvanan- thapuram Express,Thrisur,21:38
16333,Veraval Thiruvanan- thapuram Express,Aluva,22:30
16333,Veraval Thiruvanan- thapuram Express,Ernakulam Town,23:00
16333,Veraval Thiruvanan- thapuram Express,Kottayam,00:10
16333,Veraval Thiruvanan- thapuram Express,Kollam Jn.,02:00
16333,Veraval Thiruvanan- thapuram Express,Thiruvananthapuram,04:00
16337,Okha Ernakulam Express,Okha,06:45
16337,Okha Ernakulam Express,Jamnagar,09:16
16337,Okha Ernakulam Express,Hapa,09:32
16337,Okha Ernakulam Express,Rajkot,11:05
16337,Okha Ernakulam Express,Surendranagar,12:52
16337,Okha Ernakulam Express,Viramgam,14:07
16337,Okha Ernakulam Express,Ahmedabad,15:20
16337,Okha Ernakulam Express,Anand,16:43
16337,Okha Ernakulam Express,Vadodara,17:22
16337,Okha Ernakulam Express,Surat,19:34
16337,Okha Ernakulam Express,Valsad,20:25
16337,Okha Ernakulam Express,Vasai Road,22:30
16337,Okha Ernakulam Express,Panvel,23:55
16337,Okha Ernakulam Express,Ratnagiri,04:25
16337,Okha Ernakulam Express,Thivim,07:16
16337,Okha Ernakulam Express,Madgaon,09:00
16337,Okha Ernakulam Express,Karwar,10:00
16337,Okha Ernakulam Express,Bhatkal,11:32
16337,Okha Ernakulam Express,Kundapura,12:34
16337,Okha Ernakulam Express,Udupi,13:02
16337,Okha Ernakulam Express,Suratkal,13:52
16337,Okha Ernakulam Express,Mangaluru Jn.,15:15
16337,Okha Ernakulam Express,Kasaragod,15:55
16337,Okha Ernakulam Express,Kannur,17:10
16337,Okha Ernakulam Express,Thalassery,17:30
16337,Okha Ernakulam Express,Vadakara,17:50
16337,Okha Ernakulam Express,Kozhikode,18:35
16337,Okha Ernakulam Express,Tirur,19:25
16337,Okha Ernakulam Express,Shoranur Jn.,21:00
16337,Okha Ernakulam Express,Thrisur,21:38
16337,Okha Ernakulam Express,Aluva,22:30
16337,Okha Ernakulam Express,Ernakulam Jn.,23:55
19260,Bhavnagar Kochuveli Express,Bhavnagar,10:15
19260,Bhavnagar Kochuveli Express,Ahmedabad,15:20
19260,Bhavnagar Kochuveli Express,Anand,16:43
19260,Bhavnagar Kochuveli Express,Vadodara,17:22
19260,Bhavnagar Kochuveli Express,Surat,19:34
19260,Bhavnagar Kochuveli Express,Vasai Road,22:30
19260,Bhavnagar Kochuveli Express,Panvel,23:55
19260,Bhavnagar Kochuveli Express,Chiplun,02:52
19260,Bhavnagar Kochuveli Express,Ratnagiri,04:25
19260,Bhavnagar Kochuveli Express,Thivim,07:16
19260,Bhavnagar Kochuveli Express,Madgaon,08:50
19260,Bhavnagar Kochuveli Express,Karwar,10:00
19260,Bhavnagar Kochuveli Express,Udupi,13:02
19260,Bhavnagar Kochuveli Express,Mangaluru Jn.,15:15
19260,Bhavnagar Kochuveli Express,Kasaragod,15:55
19260,Bhavnagar Kochuveli Express,Kannur,17:10
19260,Bhavnagar Kochuveli Express,Thalassery,17:30
19260,Bhavnagar Kochuveli Express,Vadakara,17:50
19260,Bhavnagar Kochuveli Express,Kozhikode,18:35
19260,Bhavnagar Kochuveli Express,Tirur,19:25
19260,Bhavnagar Kochuveli Express,Shoranur Jn.,21:00
19260,Bhavnagar Kochuveli Express,Thrisur,21:38
19260,Bhavnagar Kochuveli Express,Aluva,22:30
19260,Bhavnagar Kochuveli Express,Ernakulam Town,23:00
19260,Bhavnagar Kochuveli Express,Kottayam,00:10
19260,Bhavnagar Kochuveli Express,Kollam Jn.,02:00
19260,Bhavnagar Kochuveli Express,Thiruvanthapuram a North,03:50
16311,Sri Ganganagar Kochuveli Express,Ahmedabad,07:35
16311,Sri Ganganagar Kochuveli Express,Anand,08:55
16311,Sri Ganganagar Kochuveli Express,Vadodara,09:32
16311,Sri Ganganagar Kochuveli Express,Surat,11:22
16311,Sri Ganganagar Kochuveli Express,Vasai Road,14:10
16311,Sri Ganganagar Kochuveli Express,Panvel,15:25
16311,Sri Ganganagar Kochuveli Express,Ratnagiri,20:25
16311,Sri Ganganagar Kochuveli Express,Kudal,22:40
16311,Sri Ganganagar Kochuveli Express,Thivim,23:28
16311,Sri Ganganagar Kochuveli Express,Madgaon,00:30
16311,Sri Ganganagar Kochuveli Express,Kundapura,03:50
16311,Sri Ganganagar Kochuveli Express,Udupi,04:18
16311,Sri Ganganagar Kochuveli Express,Mangaluru Jn.,06:45
16311,Sri Ganganagar Kochuveli Express,Kasaragod,07:30
16311,Sri Ganganagar Kochuveli Express,Kannur,08:40
16311,Sri Ganganagar Kochuveli Express,Kozhikode,09:35
16311,Sri Ganganagar Kochuveli Express,Tirur,10:35
16311,Sri Ganganagar Kochuveli Express,Shoranur Jn.,11:40
16311,Sri Ganganagar Kochuveli Express,Thrisur,12:20
16311,Sri Ganganagar Kochuveli Express,Aluva,13:20
16311,Sri Ganganagar Kochuveli Express,Ernakulam Town,14:05
16311,Sri Ganganagar Kochuveli Express,Kottayam,15:40
16311,Sri Ganganagar Kochuveli Express,Kollam Jn.,17:40
16311,Sri Ganganagar Kochuveli Express,Thiruvanthapuram a North,19:10
11097,Pune Ernakulam Poorna Express,Mumbai CSMT,22:25
11097,Pune Ernakulam Poorna Express,Madgaon,13:10
11097,Pune Ernakulam Poorna Express,Karwar,14:08
11097,Pune Ernakulam Poorna Express,Bhatkal,15:54
11097,Pune Ernakulam Poorna Express,Kundapura,17:02
11097,Pune Ernakulam Poorna Express,Udupi,17:34
11097,Pune Ernakulam Poorna Express,Mangaluru Jn.,19:25
11097,Pune Ernakulam Poorna Express,Kasaragod,20:05
11097,Pune Ernakulam Poorna Express,Kannur,21:20
11097,Pune Ernakulam Poorna Express,Thalassery,21:40
11097,Pune Ernakulam Poorna Express,Kozhikode,22:40
11097,Pune Ernakulam Poorna Express,Tirur,23:15
11097,Pune Ernakulam Poorna Express,Shoranur Jn.,00:15
11097,Pune Ernakulam Poorna Express,Thrisur,00:58
11097,Pune Ernakulam Poorna Express,Aluva,01:52
11097,Pune Ernakulam Poorna Express,Ernakulam Jn.,03:15
1139,Nagpur Madgaon Special,Mumbai CSMT,15:05
1139,Nagpur Madgaon Special,Panvel,04:48
1139,Nagpur Madgaon Special,Chiplun,08:38
1139,Nagpur Madgaon Special,Ratnagiri,10:10
1139,Nagpur Madgaon Special,Kudal,12:38
1139,Nagpur Madgaon Special,Sawantwadi Road,12:58
1139,Nagpur Madgaon Special,Thivim,14:12
1139,Nagpur Madgaon Special,Karmali,15:10
1139,Nagpur Madgaon Special,Madgaon,17:45
12790,Murdesh- war-Kachegu- da Express (Via MAQ),Thivim,15:30
12790,Murdesh- war-Kachegu- da Express (Via MAQ),Bhatkal,15:44
12790,Murdesh- war-Kachegu- da Express (Via MAQ),Kundapura,16:32
12790,Murdesh- war-Kachegu- da Express (Via MAQ),Udupi,17:20
12790,Murdesh- war-Kachegu- da Express (Via MAQ),Suratkal,18:32
12790,Murdesh- war-Kachegu- da Express (Via MAQ),Mangaluru Jn.,20:05
12790,Murdesh- war-Kachegu- da Express (Via MAQ),Kasaragod,20:45
12790,Murdesh- war-Kachegu- da Express (Via MAQ),Kannur,22:10
12790,Murdesh- war-Kachegu- da Express (Via MAQ),Thalassery,22:30
12790,Murdesh- war-Kachegu- da Express (Via MAQ),Vadakara,22:50
12790,Murdesh- war-Kachegu- da Express (Via MAQ),Kozhikode,23:35
12790,Murdesh- war-Kachegu- da Express (Via MAQ),Tirur,00:10
12790,Murdesh- war-Kachegu- da Express (Via MAQ),Shoranur Jn.,01:20
12790,Murdesh- war-Kachegu- da Express (Via MAQ),Palakkad Jn.,02:20
12790,Murdesh- war-Kachegu- da Express (Via MAQ),Coimbatore Jn.,03:55
12790,Murdesh- war-Kachegu- da Express (Via MAQ),Thiruvanthapuram a North,23:40
22150,Pune Emakulam Express,Mumbai CSMT d Pune Dep.,18:45
22150,Pune Emakulam Express,Panvel,21:25
22150,Pune Emakulam Express,Chiplun,00:30
22150,Pune Emakulam Express,Ratnagiri,01:50
22150,Pune Emakulam Express,Sawantwadi Road,04:02
22150,Pune Emakulam Express,Madgaon,05:50
22150,Pune Emakulam Express,Karwar,06:50
22150,Pune Emakulam Express,Kundapura,09:08
22150,Pune Emakulam Express,Udupi,09:38
22150,Pune Emakulam Express,Mangaluru Jn.,11:20
22150,Pune Emakulam Express,Kasaragod,12:05
22150,Pune Emakulam Express,Kannur,13:20
22150,Pune Emakulam Express,Thalassery,13:40
22150,Pune Emakulam Express,Kozhikode,14:40
22150,Pune Emakulam Express,Tirur,15:20
22150,Pune Emakulam Express,Shoranur Jn.,16:15
22150,Pune Emakulam Express,Thrisur,16:55
22150,Pune Emakulam Express,Ernakulam Jn.,18:50
22629,Dadar Tirunelveli Express,Dadar d None,20:40
22629,Dadar Tirunelveli Express,Panvel,21:40
22629,Dadar Tirunelveli Express,Chiplun,01:32
22629,Dadar Tirunelveli Express,Ratnagiri,03:10
22629,Dadar Tirunelveli Express,Thivim,05:40
22629,Dadar Tirunelveli Express,Madgaon,07:10
22629,Dadar Tirunelveli Express,Karwar,08:10
22629,Dadar Tirunelveli Express,Udupi,10:42
22629,Dadar Tirunelveli Express,Mangaluru Jn.,12:10
22629,Dadar Tirunelveli Express,Kasaragod,12:50
22629,Dadar Tirunelveli Express,Kannur,14:00
22629,Dadar Tirunelveli Express,Kozhikode,15:20
22629,Dadar Tirunelveli Express,Shoranur Jn.,17:00
22629,Dadar Tirunelveli Express,Palakkad Jn.,17:40
22629,Dadar Tirunelveli Express,Coimbatore Jn.,19:35
22629,Dadar Tirunelveli Express,Tirunelveli Jn.,03:55
22908,Hapa Madgaon Express,Hapa,21:40
22908,Hapa Madgaon Express,Rajkot,23:00
22908,Hapa Madgaon Express,Surendranagar,00:37
22908,Hapa Madgaon Express,Viramgam,01:47
22908,Hapa Madgaon Express,Ahmedabad,03:00
22908,Hapa Madgaon Express,Anand,04:20
22908,Hapa Madgaon Express,Vadodara,05:01
22908,Hapa Madgaon Express,Surat,07:02
22908,Hapa Madgaon Express,Vasai Road,10:00
22908,Hapa Madgaon Express,Panvel,11:20
22908,Hapa Madgaon Express,Ratnagiri,16:05
22908,Hapa Madgaon Express,Kudal,18:42
22908,Hapa Madgaon Express,Thivim,19:30
22908,Hapa Madgaon Express,Madgaon,21:25
19578,Jamnagar Tirunelveli Express,Jamnagar,21:25
19578,Jamnagar Tirunelveli Express,Hapa,21:38
19578,Jamnagar Tirunelveli Express,Rajkot,23:00
19578,Jamnagar Tirunelveli Express,Surendranagar,00:37
19578,Jamnagar Tirunelveli Express,Ahmedabad,03:00
19578,Jamnagar Tirunelveli Express,Vadodara,05:01
19578,Jamnagar Tirunelveli Express,Surat,07:02
19578,Jamnagar Tirunelveli Express,Vasai Road,10:00
19578,Jamnagar Tirunelveli Express,Panvel,11:20
19578,Jamnagar Tirunelveli Express,Ratnagiri,16:05
19578,Jamnagar Tirunelveli Express,Madgaon,21:25
19578,Jamnagar Tirunelveli Express,Karwar,22:22
19578,Jamnagar Tirunelveli Express,Udupi,01:12
19578,Jamnagar Tirunelveli Express,Mangaluru Jn.,03:10
19578,Jamnagar Tirunelveli Express,Kasaragod,03:50
19578,Jamnagar Tirunelveli Express,Kannur,05:00
19578,Jamnagar Tirunelveli Express,Kozhikode,06:20
19578,Jamnagar Tirunelveli Express,Tirur,07:00
19578,Jamnagar Tirunelveli Express,Shoranur Jn.,08:00
19578,Jamnagar Tirunelveli Express,Thrisur,09:05
19578,Jamnagar Tirunelveli Express,Aluva,09:57
19578,Jamnagar Tirunelveli Express,Ernakulam Jn.,10:30
19578,Jamnagar Tirunelveli Express,Alappuzha,11:30
19578,Jamnagar Tirunelveli Express,Kollam Jn.,13:00
19578,Jamnagar Tirunelveli Express,Thiruvananthapuram,14:35
19578,Jamnagar Tirunelveli Express,Nagercoil Town,15:50
19578,Jamnagar Tirunelveli Express,Tirunelveli Jn.,18:20
20932,Indore Kochuveli Express,Hapa,21:40
20932,Indore Kochuveli Express,Vadodara,05:06
20932,Indore Kochuveli Express,Surat,07:02
20932,Indore Kochuveli Express,Vasai Road,10:00
20932,Indore Kochuveli Express,Panvel,11:20
20932,Indore Kochuveli Express,Chiplun,14:30
20932,Indore Kochuveli Express,Ratnagiri,16:05
20932,Indore Kochuveli Express,Kudal,18:42
20932,Indore Kochuveli Express,Thivim,19:30
20932,Indore Kochuveli Express,Madgaon,21:25
20932,Indore Kochuveli Express,Karwar,22:22
20932,Indore Kochuveli Express,Udupi,01:12
20932,Indore Kochuveli Express,Mangaluru Jn.,03:10
20932,Indore Kochuveli Express,Kasaragod,03:50
20932,Indore Kochuveli Express,Kannur,05:00
20932,Indore Kochuveli Express,Kozhikode,06:20
20932,Indore Kochuveli Express,Shoranur Jn.,08:00
20932,Indore Kochuveli Express,Thrisur,09:05
20932,Indore Kochuveli Express,Aluva,09:57
20932,Indore Kochuveli Express,Ernakulam Jn.,10:30
20932,Indore Kochuveli Express,Alappuzha,11:30
20932,Indore Kochuveli Express,Kollam Jn.,13:00
20932,Indore Kochuveli Express,Thiruvanthapuram North,14:50
22115,Lokmanya Tilak (T) Karmali AC Express,Lokmanya Tilak (T),00:50
22115,Lokmanya Tilak (T) Karmali AC Express,Panvel,01:45
22115,Lokmanya Tilak (T) Karmali AC Express,Chiplun,04:47
22115,Lokmanya Tilak (T) Karmali AC Express,Ratnagiri,06:05
22115,Lokmanya Tilak (T) Karmali AC Express,Kudal,08:18
22115,Lokmanya Tilak (T) Karmali AC Express,Karmali,10:45
22654,Nizamudin Thiruvanantha- puram Express (via Kottayam),Vadodara,18:20
22654,Nizamudin Thiruvanantha- puram Express (via Kottayam),Surat,19:58
22654,Nizamudin Thiruvanantha- puram Express (via Kottayam),Vasai Road,22:45
22654,Nizamudin Thiruvanantha- puram Express (via Kottayam),Panvel,00:15
22654,Nizamudin Thiruvanantha- puram Express (via Kottayam),Ratnagiri,05:15
22654,Nizamudin Thiruvanantha- puram Express (via Kottayam),Karmali,09:02
22654,Nizamudin Thiruvanantha- puram Express (via Kottayam),Madgaon,10:20
22654,Nizamudin Thiruvanantha- puram Express (via Kottayam),Karwar,11:17
22654,Nizamudin Thiruvanantha- puram Express (via Kottayam),Kundapura,13:30
22654,Nizamudin Thiruvanantha- puram Express (via Kottayam),Udupi,14:02
22654,Nizamudin Thiruvanantha- puram Express (via Kottayam),Mangaluru Jn.,16:10
22654,Nizamudin Thiruvanantha- puram Express (via Kottayam),Kannur,17:55
22654,Nizamudin Thiruvanantha- puram Express (via Kottayam),Kozhikode,19:15
22654,Nizamudin Thiruvanantha- puram Express (via Kottayam),Shoranur Jn.,21:20
22654,Nizamudin Thiruvanantha- puram Express (via Kottayam),Thrisur,22:00
22654,Nizamudin Thiruvanantha- puram Express (via Kottayam),Ernakulam Town,23:35
22654,Nizamudin Thiruvanantha- puram Express (via Kottayam),Kottayam,00:45
22654,Nizamudin Thiruvanantha- puram Express (via Kottayam),Kollam Jn.,02:40
22654,Nizamudin Thiruvanantha- puram Express (via Kottayam),Thiruvananthapuram,04:45
22656,Nizamudin Ernakulam Express (via Alappuzha),Vadodara,18:20
22656,Nizamudin Ernakulam Express (via Alappuzha),Surat,19:58
22656,Nizamudin Ernakulam Express (via Alappuzha),Vasai Road,22:45
22656,Nizamudin Ernakulam Express (via Alappuzha),Panvel,00:15
22656,Nizamudin Ernakulam Express (via Alappuzha),Ratnagiri,05:15
22656,Nizamudin Ernakulam Express (via Alappuzha),Karmali,09:02
22656,Nizamudin Ernakulam Express (via Alappuzha),Madgaon,10:20
22656,Nizamudin Ernakulam Express (via Alappuzha),Karwar,11:17
22656,Nizamudin Ernakulam Express (via Alappuzha),Kundapura,13:30
22656,Nizamudin Ernakulam Express (via Alappuzha),Udupi,14:02
22656,Nizamudin Ernakulam Express (via Alappuzha),Mangaluru Jn.,16:10
22656,Nizamudin Ernakulam Express (via Alappuzha),Kannur,17:55
22656,Nizamudin Ernakulam Express (via Alappuzha),Kozhikode,19:15
22656,Nizamudin Ernakulam Express (via Alappuzha),Shoranur Jn.,21:20
22656,Nizamudin Ernakulam Express (via Alappuzha),Thrisur,22:00
22656,Nizamudin Ernakulam Express (via Alappuzha),Ernakulam Jn.,00:15
12223,Lokmanya Tilak (T) Ernakulam Duronto Express,Lokmanya Tilak (T),20:45
12223,Lokmanya Tilak (T) Ernakulam Duronto Express,Panvel,21:40
12223,Lokmanya Tilak (T) Ernakulam Duronto Express,Ratnagiri,01:50
12223,Lokmanya Tilak (T) Ernakulam Duronto Express,Madgaon,05:50
12223,Lokmanya Tilak (T) Ernakulam Duronto Express,Mangaluru Jn.,11:20
12223,Lokmanya Tilak (T) Ernakulam Duronto Express,Kozhikode,14:40
12223,Lokmanya Tilak (T) Ernakulam Duronto Express,Ernakulam Jn.,18:50
20924,Gandhidham Tirunelveli Humsafar Express,Gandhidham,04:50
20924,Gandhidham Tirunelveli Humsafar Express,Ahmedabad,09:15
20924,Gandhidham Tirunelveli Humsafar Express,Vadodara,10:45
20924,Gandhidham Tirunelveli Humsafar Express,Surat,12:42
20924,Gandhidham Tirunelveli Humsafar Express,Vasai Road,15:30
20924,Gandhidham Tirunelveli Humsafar Express,Panvel,16:50
20924,Gandhidham Tirunelveli Humsafar Express,Ratnagiri,21:50
20924,Gandhidham Tirunelveli Humsafar Express,Madgaon,02:10
20924,Gandhidham Tirunelveli Humsafar Express,Karwar,03:02
20924,Gandhidham Tirunelveli Humsafar Express,Mangaluru Jn.,07:40
20924,Gandhidham Tirunelveli Humsafar Express,Kasaragod,08:20
20924,Gandhidham Tirunelveli Humsafar Express,Kannur,09:25
20924,Gandhidham Tirunelveli Humsafar Express,Kozhikode,10:40
20924,Gandhidham Tirunelveli Humsafar Express,Shoranur Jn.,12:30
20924,Gandhidham Tirunelveli Humsafar Express,Thrisur,13:13
20924,Gandhidham Tirunelveli Humsafar Express,Ernakulam Jn.,14:50
20924,Gandhidham Tirunelveli Humsafar Express,Alappuzha,16:55
20924,Gandhidham Tirunelveli Humsafar Express,Kollam Jn.,17:40
20924,Gandhidham Tirunelveli Humsafar Express,Thiruvananthapuram,19:30
20924,Gandhidham Tirunelveli Humsafar Express,Nagercoil Town,21:07
20924,Gandhidham Tirunelveli Humsafar Express,Tirunelveli Jn.,23:35
16607,Kannur Coimbatore Express,Kannur,06:00
16607,Kannur Coimbatore Express,Thalassery,06:27
16607,Kannur Coimbatore Express,Vadakara,06:49
16607,Kannur Coimbatore Express,Kozhikode,07:42
16607,Kannur Coimbatore Express,Tirur,08:34
16607,Kannur Coimbatore Express,Shoranur Jn.,09:50
16607,Kannur Coimbatore Express,Palakkad Jn.,10:45
16607,Kannur Coimbatore Express,Coimbatore Jn.,13:45
20645,Madgaon Mangalore Vande Bharat Express,Madgaon,18:10
20645,Madgaon Mangalore Vande Bharat Express,Karwar,18:57
20645,Madgaon Mangalore Vande Bharat Express,Udupi,21:14
20645,Madgaon Mangalore Vande Bharat Express,Mangaluru Jn.,22:45
2198,Jabalpur Coimbatore Weekly Special,Hapa,23:50
2198,Jabalpur Coimbatore Weekly Special,Panvel,15:36
2198,Jabalpur Coimbatore Weekly Special,Chiplun,18:30
2198,Jabalpur Coimbatore Weekly Special,Ratnagiri,20:25
2198,Jabalpur Coimbatore Weekly Special,Kudal,22:40
2198,Jabalpur Coimbatore Weekly Special,Thivim,23:18
2198,Jabalpur Coimbatore Weekly Special,Madgaon,00:25
2198,Jabalpur Coimbatore Weekly Special,Karwar,01:12
2198,Jabalpur Coimbatore Weekly Special,Kundapura,03:34
2198,Jabalpur Coimbatore Weekly Special,Udupi,04:18
2198,Jabalpur Coimbatore Weekly Special,Mangaluru Jn.,06:45
2198,Jabalpur Coimbatore Weekly Special,Kasaragod,07:30
2198,Jabalpur Coimbatore Weekly Special,Kannur,08:40
2198,Jabalpur Coimbatore Weekly Special,Vadakara,09:16
2198,Jabalpur Coimbatore Weekly Special,Kozhikode,09:55
2198,Jabalpur Coimbatore Weekly Special,Tirur,10:20
2198,Jabalpur Coimbatore Weekly Special,Shoranur Jn.,11:30
2198,Jabalpur Coimbatore Weekly Special,Palakkad Jn.,12:40
2198,Jabalpur Coimbatore Weekly Special,Coimbatore Jn.,14:30
22414,Nizamuddin Madgaon Rajdhani Express,Vadodara,17:37
22414,Nizamuddin Madgaon Rajdhani Express,Surat,19:17
22414,Nizamuddin Madgaon Rajdhani Express,Vasai Road,21:45
22414,Nizamuddin Madgaon Rajdhani Express,Panvel,23:00
22414,Nizamuddin Madgaon Rajdhani Express,Ratnagiri,03:10
22414,Nizamuddin Madgaon Rajdhani Express,Kudal,04:52
22414,Nizamuddin Madgaon Rajdhani Express,Thivim,05:40
22414,Nizamuddin Madgaon Rajdhani Express,Madgaon,07:20
12978,Ajmer Ernakulam Marusagar Express,Vadodara,23:29
12978,Ajmer Ernakulam Marusagar Express,Surat,01:15
12978,Ajmer Ernakulam Marusagar Express,Vasai Road,04:05
12978,Ajmer Ernakulam Marusagar Express,Panvel,05:25
12978,Ajmer Ernakulam Marusagar Express,Ratnagiri,10:10
12978,Ajmer Ernakulam Marusagar Express,Thivim,12:52
12978,Ajmer Ernakulam Marusagar Express,Madgaon,14:30
12978,Ajmer Ernakulam Marusagar Express,Karwar,15:22
12978,Ajmer Ernakulam Marusagar Express,Bhatkal,16:54
12978,Ajmer Ernakulam Marusagar Express,Kundapura,18:02
12978,Ajmer Ernakulam Marusagar Express,Udupi,18:46
12978,Ajmer Ernakulam Marusagar Express,Mangaluru Jn.,20:40
12978,Ajmer Ernakulam Marusagar Express,Kasaragod,21:20
12978,Ajmer Ernakulam Marusagar Express,Kannur,22:35
12978,Ajmer Ernakulam Marusagar Express,Kozhikode,23:50
12978,Ajmer Ernakulam Marusagar Express,Tirur,00:25
12978,Ajmer Ernakulam Marusagar Express,Shoranur Jn.,01:20
12978,Ajmer Ernakulam Marusagar Express,Thrisur,01:58
12978,Ajmer Ernakulam Marusagar Express,Aluva,02:58
12978,Ajmer Ernakulam Marusagar Express,Ernakulam Jn.,04:20
12432,Nizamuddin Thiruvanan- thapuram Rajdhani Express,Vadodara,17:37
12432,Nizamuddin Thiruvanan- thapuram Rajdhani Express,Surat,19:17
12432,Nizamuddin Thiruvanan- thapuram Rajdhani Express,Vasai Road,21:45
12432,Nizamuddin Thiruvanan- thapuram Rajdhani Express,Panvel,23:00
12432,Nizamuddin Thiruvanan- thapuram Rajdhani Express,Ratnagiri,03:10
12432,Nizamuddin Thiruvanan- thapuram Rajdhani Express,Madgaon,07:15
12432,Nizamuddin Thiruvanan- thapuram Rajdhani Express,Karwar,08:10
12432,Nizamuddin Thiruvanan- thapuram Rajdhani Express,Udupi,10:42
12432,Nizamuddin Thiruvanan- thapuram Rajdhani Express,Mangaluru Jn.,12:10
12432,Nizamuddin Thiruvanan- thapuram Rajdhani Express,Kasaragod,12:50
12432,Nizamuddin Thiruvanan- thapuram Rajdhani Express,Kannur,14:00
12432,Nizamuddin Thiruvanan- thapuram Rajdhani Express,Kozhikode,15:20
12432,Nizamuddin Thiruvanan- thapuram Rajdhani Express,Shoranur Jn.,17:00
12432,Nizamuddin Thiruvanan- thapuram Rajdhani Express,Thrisur,17:50
12432,Nizamuddin Thiruvanan- thapuram Rajdhani Express,Ernakulam Jn.,19:20
12432,Nizamuddin Thiruvanan- thapuram Rajdhani Express,Alappuzha,20:35
12432,Nizamuddin Thiruvanan- thapuram Rajdhani Express,Kollam Jn.,21:55
12432,Nizamuddin Thiruvanan- thapuram Rajdhani Express,Thiruvananthapuram Central,23:35
12218,Chandigarh Kochuveli Kerala Sam- park Kranti Express,Vadodara,01:23
12218,Chandigarh Kochuveli Kerala Sam- park Kranti Express,Surat,03:02
12218,Chandigarh Kochuveli Kerala Sam- park Kranti Express,Vasai Road,05:55
12218,Chandigarh Kochuveli Kerala Sam- park Kranti Express,Panvel,07:30
12218,Chandigarh Kochuveli Kerala Sam- park Kranti Express,Ratnagiri,12:30
12218,Chandigarh Kochuveli Kerala Sam- park Kranti Express,Madgaon,17:20
12218,Chandigarh Kochuveli Kerala Sam- park Kranti Express,Udupi,21:20
12218,Chandigarh Kochuveli Kerala Sam- park Kranti Express,Mangaluru Jn.,23:50
12218,Chandigarh Kochuveli Kerala Sam- park Kranti Express,Kasaragod,00:35
12218,Chandigarh Kochuveli Kerala Sam- park Kranti Express,Kannur,01:55
12218,Chandigarh Kochuveli Kerala Sam- park Kranti Express,Kozhikode,03:15
12218,Chandigarh Kochuveli Kerala Sam- park Kranti Express,Tirur,03:53
12218,Chandigarh Kochuveli Kerala Sam- park Kranti Express,Shoranur Jn.,05:00
12218,Chandigarh Kochuveli Kerala Sam- park Kranti Express,Thrisur,06:25
12218,Chandigarh Kochuveli Kerala Sam- park Kranti Express,Ernakulam Jn.,08:00
12218,Chandigarh Kochuveli Kerala Sam- park Kranti Express,Alappuzha,09:30
12218,Chandigarh Kochuveli Kerala Sam- park Kranti Express,Kollam Jn.,10:55
12218,Chandigarh Kochuveli Kerala Sam- park Kranti Express,Thiruvanthapuram North,12:30
12450,Chandigarh Madgaon Goa Sampark Kranti Express,Vadodara,18:30
12450,Chandigarh Madgaon Goa Sampark Kranti Express,Surat,20:11
12450,Chandigarh Madgaon Goa Sampark Kranti Express,Vasai Road,23:00
12450,Chandigarh Madgaon Goa Sampark Kranti Express,Panvel,00:35
12450,Chandigarh Madgaon Goa Sampark Kranti Express,Ratnagiri,05:35
12450,Chandigarh Madgaon Goa Sampark Kranti Express,Thivim,09:06
12450,Chandigarh Madgaon Goa Sampark Kranti Express,Karmali,09:32
12450,Chandigarh Madgaon Goa Sampark Kranti Express,Madgaon,11:15
20910,Porbandar Thiruvanan- thapuram Express,Porbandar,18:55
20910,Porbandar Thiruvanan- thapuram Express,Jamnagar,21:07
20910,Porbandar Thiruvanan- thapuram Express,Hapa,21:23
20910,Porbandar Thiruvanan- thapuram Express,Rajkot,23:00
20910,Porbandar Thiruvanan- thapuram Express,Surendranagar,00:39
20910,Porbandar Thiruvanan- thapuram Express,Viramgam,01:47
20910,Porbandar Thiruvanan- thapuram Express,Ahmedabad,03:00
20910,Porbandar Thiruvanan- thapuram Express,Anand d ,04:20
20910,Porbandar Thiruvanan- thapuram Express,Vadodara,05:01
20910,Porbandar Thiruvanan- thapuram Express,Surat,07:02
20910,Porbandar Thiruvanan- thapuram Express,Vasai Road,10:00
20910,Porbandar Thiruvanan- thapuram Express,Panvel,11:20
20910,Porbandar Thiruvanan- thapuram Express,Ratnagiri,16:05
20910,Porbandar Thiruvanan- thapuram Express,Madgaon,21:25
20910,Porbandar Thiruvanan- thapuram Express,Karwar,22:22
20910,Porbandar Thiruvanan- thapuram Express,Udupi,01:12
20910,Porbandar Thiruvanan- thapuram Express,Mangaluru Jn.,03:10
20910,Porbandar Thiruvanan- thapuram Express,Kasaragod,03:50
20910,Porbandar Thiruvanan- thapuram Express,Kannur,05:00
20910,Porbandar Thiruvanan- thapuram Express,Kozhikode,06:20
20910,Porbandar Thiruvanan- thapuram Express,Tirur,07:00
20910,Porbandar Thiruvanan- thapuram Express,Shoranur Jn.,08:00
20910,Porbandar Thiruvanan- thapuram Express,Thrisur,09:05
20910,Porbandar Thiruvanan- thapuram Express,Ernakulam Jn.,10:30
20910,Porbandar Thiruvanan- thapuram Express,Alappuzha,11:30
20910,Porbandar Thiruvanan- thapuram Express,Kollam Jn.,13:00
20910,Porbandar Thiruvanan- thapuram Express,Thiruvananthapuram Central,15:00
22660,Yog Nagari Rishikesh Kochuveli Express,Vadodara,01:23
22660,Yog Nagari Rishikesh Kochuveli Express,Surat,03:05
22660,Yog Nagari Rishikesh Kochuveli Express,Vasai Road,05:55
22660,Yog Nagari Rishikesh Kochuveli Express,Panvel,07:30
22660,Yog Nagari Rishikesh Kochuveli Express,Ratnagiri,12:30
22660,Yog Nagari Rishikesh Kochuveli Express,Madgaon,17:20
22660,Yog Nagari Rishikesh Kochuveli Express,Udupi,21:20
22660,Yog Nagari Rishikesh Kochuveli Express,Mangaluru Jn.,23:50
22660,Yog Nagari Rishikesh Kochuveli Express,Kasaragod,00:35
22660,Yog Nagari Rishikesh Kochuveli Express,Kannur,01:55
22660,Yog Nagari Rishikesh Kochuveli Express,Kozhikode,03:15
22660,Yog Nagari Rishikesh Kochuveli Express,Shoranur Jn.,05:00
22660,Yog Nagari Rishikesh Kochuveli Express,Thrisur,06:25
22660,Yog Nagari Rishikesh Kochuveli Express,Ernakulam Jn.,08:00
22660,Yog Nagari Rishikesh Kochuveli Express,Alappuzha,09:30
22660,Yog Nagari Rishikesh Kochuveli Express,Kollam Jn.,10:55
22660,Yog Nagari Rishikesh Kochuveli Express,Thiruvanthapuram North,12:30
12484,Amritsar Kochuveli Express,Vadodara,01:23
12484,Amritsar Kochuveli Express,Surat,03:05
12484,Amritsar Kochuveli Express,Vasai Road,05:55
12484,Amritsar Kochuveli Express,Panvel,07:30
12484,Amritsar Kochuveli Express,Chiplun,11:02
12484,Amritsar Kochuveli Express,Ratnagiri,12:30
12484,Amritsar Kochuveli Express,Madgaon,17:20
12484,Amritsar Kochuveli Express,Udupi,21:20
12484,Amritsar Kochuveli Express,Mangaluru Jn.,23:50
12484,Amritsar Kochuveli Express,Kasaragod,00:35
12484,Amritsar Kochuveli Express,Kannur,01:55
12484,Amritsar Kochuveli Express,Kozhikode,03:15
12484,Amritsar Kochuveli Express,Shoranur Jn.,05:00
12484,Amritsar Kochuveli Express,Thrisur,06:25
12484,Amritsar Kochuveli Express,Ernakulam Jn.,08:00
12484,Amritsar Kochuveli Express,Alappuzha,09:30
12484,Amritsar Kochuveli Express,Kollam Jn.,10:55
12484,Amritsar Kochuveli Express,Thiruvanthapuram North,12:30
10215,Madgaon Ernakulam Express,Madgaon,19:30
10215,Madgaon Ernakulam Express,Karwar,20:38
10215,Madgaon Ernakulam Express,Bhatkal,21:48
10215,Madgaon Ernakulam Express,Udupi,22:52
10215,Madgaon Ernakulam Express,Mangaluru Jn.,00:40
10215,Madgaon Ernakulam Express,Kasaragod,01:20
10215,Madgaon Ernakulam Express,Kannur,02:35
10215,Madgaon Ernakulam Express,Kozhikode,03:45
10215,Madgaon Ernakulam Express,Tirur,04:20
10215,Madgaon Ernakulam Express,Shoranur Jn.,05:30
10215,Madgaon Ernakulam Express,Thrisur,06:25
10215,Madgaon Ernakulam Express,Aluva,07:37
10215,Madgaon Ernakulam Express,Ernakulam Jn.,08:30
20111,Mumbai CSMT Madgaon Konkan Kanya Express,Mumbai CSMT,23:02
20111,Mumbai CSMT Madgaon Konkan Kanya Express,Dadar,23:16
20111,Mumbai CSMT Madgaon Konkan Kanya Express,Panvel,00:25
20111,Mumbai CSMT Madgaon Konkan Kanya Express,Chiplun,03:32
20111,Mumbai CSMT Madgaon Konkan Kanya Express,Ratnagiri,05:05
20111,Mumbai CSMT Madgaon Konkan Kanya Express,Kudal,07:14
20111,Mumbai CSMT Madgaon Konkan Kanya Express,Sawantwadi Road,07:34
20111,Mumbai CSMT Madgaon Konkan Kanya Express,Thivim,08:12
20111,Mumbai CSMT Madgaon Konkan Kanya Express,Karmali,08:34
20111,Mumbai CSMT Madgaon Konkan Kanya Express,Madgaon,09:45
12201,Lokmany Tilak (T) Kochuvel Garib Rath Express,Lokmanya Tilak (T),16:45
12201,Lokmany Tilak (T) Kochuvel Garib Rath Express,Panvel,17:45
12201,Lokmany Tilak (T) Kochuvel Garib Rath Express,Ratnagiri,22:35
12201,Lokmany Tilak (T) Kochuvel Garib Rath Express,Madgaon,03:10
12201,Lokmany Tilak (T) Kochuvel Garib Rath Express,Karwar,04:02
12201,Lokmany Tilak (T) Kochuvel Garib Rath Express,Udupi,06:32
12201,Lokmany Tilak (T) Kochuvel Garib Rath Express,Mangaluru Jn.,08:10
12201,Lokmany Tilak (T) Kochuvel Garib Rath Express,Kasaragod,08:50
12201,Lokmany Tilak (T) Kochuvel Garib Rath Express,Kannur,10:00
12201,Lokmany Tilak (T) Kochuvel Garib Rath Express,Kozhikode,11:20
12201,Lokmany Tilak (T) Kochuvel Garib Rath Express,Tirur,12:00
12201,Lokmany Tilak (T) Kochuvel Garib Rath Express,Shoranur Jn.,13:05
12201,Lokmany Tilak (T) Kochuvel Garib Rath Express,Thrisur,13:43
12201,Lokmany Tilak (T) Kochuvel Garib Rath Express,Ernakulam Town d ,15:00
12201,Lokmany Tilak (T) Kochuvel Garib Rath Express,Kottayam,16:25
12201,Lokmany Tilak (T) Kochuvel Garib Rath Express,Kollam Jn.,18:15
12201,Lokmany Tilak (T) Kochuvel Garib Rath Express,Thiruvanthapuram North,20:25
22113,Lokmany Tilak (T) Kochuve Express,Lokmanya Tilak (T),16:45
22113,Lokmany Tilak (T) Kochuve Express,Panvel,17:45
22113,Lokmany Tilak (T) Kochuve Express,Chiplun,21:20
22113,Lokmany Tilak (T) Kochuve Express,Ratnagiri,22:35
22113,Lokmany Tilak (T) Kochuve Express,Madgaon,03:10
22113,Lokmany Tilak (T) Kochuve Express,Karwar,04:02
22113,Lokmany Tilak (T) Kochuve Express,Bhatkal,05:22
22113,Lokmany Tilak (T) Kochuve Express,Kundapura,06:12
22113,Lokmany Tilak (T) Kochuve Express,Udupi,06:32
22113,Lokmany Tilak (T) Kochuve Express,Mangaluru Jn.,08:10
22113,Lokmany Tilak (T) Kochuve Express,Kasaragod,08:50
22113,Lokmany Tilak (T) Kochuve Express,Kannur,10:00
22113,Lokmany Tilak (T) Kochuve Express,Thalassery d ,10:20
22113,Lokmany Tilak (T) Kochuve Express,Kozhikode,11:20
22113,Lokmany Tilak (T) Kochuve Express,Tirur,12:00
22113,Lokmany Tilak (T) Kochuve Express,Shoranur Jn.,13:05
22113,Lokmany Tilak (T) Kochuve Express,Thrisur,13:43
22113,Lokmany Tilak (T) Kochuve Express,Ernakulam Town d ,15:00
22113,Lokmany Tilak (T) Kochuve Express,Kottayam,16:25
22113,Lokmany Tilak (T) Kochuve Express,Kollam Jn.,18:15
22113,Lokmany Tilak (T) Kochuve Express,Thiruvanthapuram North,20:25
12742,Patna Vasco Da Gama Express,Vadodara,14:05
12742,Patna Vasco Da Gama Express,Panvel,17:10
12742,Patna Vasco Da Gama Express,Chiplun,21:12
12742,Patna Vasco Da Gama Express,Ratnagiri,22:35
12742,Patna Vasco Da Gama Express,Sawantwadi Road,01:02
12742,Patna Vasco Da Gama Express,Thivim,01:32
12742,Patna Vasco Da Gama Express,Madgaon,03:10
12742,Patna Vasco Da Gama Express,Vasco-de-Gama,04:35
12133,Mumbai CSMT Mangalore Jn. Express,Mumbai CSMT,21:54
12133,Mumbai CSMT Mangalore Jn. Express,Panvel,23:18
12133,Mumbai CSMT Mangalore Jn. Express,Ratnagiri,03:30
12133,Mumbai CSMT Mangalore Jn. Express,Karmali,06:30
12133,Mumbai CSMT Mangalore Jn. Express,Madgaon,07:40
12133,Mumbai CSMT Mangalore Jn. Express,Karwar,08:38
12133,Mumbai CSMT Mangalore Jn. Express,Bhatkal,10:14
12133,Mumbai CSMT Mangalore Jn. Express,Kundapura,10:58
12133,Mumbai CSMT Mangalore Jn. Express,Udupi,11:28
12133,Mumbai CSMT Mangalore Jn. Express,Suratkal,12:04
12133,Mumbai CSMT Mangalore Jn. Express,Mangaluru Jn.,13:05
16516,Karwar Yesvantpur Express,Karwar,05:30
16516,Karwar Yesvantpur Express,Bhatkal,07:08
16516,Karwar Yesvantpur Express,Kundapura,08:16
16516,Karwar Yesvantpur Express,Udupi,08:40
16516,Karwar Yesvantpur Express,Suratkal,09:42
16516,Karwar Yesvantpur Express,Mangaluru Jn.,11:30
16516,Karwar Yesvantpur Express,Hassan,17:05
16516,Karwar Yesvantpur Express,Yesvantpur,20:50
22475,Hisar Coimbatore AC Express,Ahmedabad,07:35
22475,Hisar Coimbatore AC Express,Anand,08:55
22475,Hisar Coimbatore AC Express,Vadodara,09:32
22475,Hisar Coimbatore AC Express,Surat,11:22
22475,Hisar Coimbatore AC Express,Vasai Road,14:10
22475,Hisar Coimbatore AC Express,Panvel,15:25
22475,Hisar Coimbatore AC Express,Chiplun,18:42
22475,Hisar Coimbatore AC Express,Ratnagiri,20:25
22475,Hisar Coimbatore AC Express,Thivim,23:28
22475,Hisar Coimbatore AC Express,Madgaon,00:35
22475,Hisar Coimbatore AC Express,Karwar,01:30
22475,Hisar Coimbatore AC Express,Bhatkal,03:02
22475,Hisar Coimbatore AC Express,Udupi,04:18
22475,Hisar Coimbatore AC Express,Mangaluru Jn.,06:45
22475,Hisar Coimbatore AC Express,Kannur,08:40
22475,Hisar Coimbatore AC Express,Kozhikode,09:55
22475,Hisar Coimbatore AC Express,Shoranur Jn.,11:30
22475,Hisar Coimbatore AC Express,Palakkad Jn.,12:40
22475,Hisar Coimbatore AC Express,Coimbatore Jn,14:30
22634,Nizamuddin Thiruvananthapuram Express,Vadodara,10:57
22634,Nizamuddin Thiruvananthapuram Express,Surat,12:42
22634,Nizamuddin Thiruvananthapuram Express,Vasai Road,15:30
22634,Nizamuddin Thiruvananthapuram Express,Panvel,16:50
22634,Nizamuddin Thiruvananthapuram Express,Chiplun,20:20
22634,Nizamuddin Thiruvananthapuram Express,Ratnagiri,21:50
22634,Nizamuddin Thiruvananthapuram Express,Madgaon,02:10
22634,Nizamuddin Thiruvananthapuram Express,Karwar,03:02
22634,Nizamuddin Thiruvananthapuram Express,Udupi,06:02
22634,Nizamuddin Thiruvananthapuram Express,Mangaluru Jn.,07:40
22634,Nizamuddin Thiruvananthapuram Express,Kasaragod,08:20
22634,Nizamuddin Thiruvananthapuram Express,Kannur,09:25
22634,Nizamuddin Thiruvananthapuram Express,Kozhikode,10:40
22634,Nizamuddin Thiruvananthapuram Express,Shoranur Jn.,12:30
22634,Nizamuddin Thiruvananthapuram Express,Thrisur,13:13
22634,Nizamuddin Thiruvananthapuram Express,Aluva,14:15
22634,Nizamuddin Thiruvananthapuram Express,Ernakulam Jn.,14:50
22634,Nizamuddin Thiruvananthapuram Express,Alappuzha,15:55
22634,Nizamuddin Thiruvananthapuram Express,Kollam Jn.,17:40
22634,Nizamuddin Thiruvananthapuram Express,Thiruvananthapuram,19:35
16596,Karwar KSR Bengaluru Express (via Padil),Karwar,18:00
16596,Karwar KSR Bengaluru Express (via Padil),Bhatkal,19:46
16596,Karwar KSR Bengaluru Express (via Padil),Kundapura,20:30
16596,Karwar KSR Bengaluru Express (via Padil),Udupi,21:04
16596,Karwar KSR Bengaluru Express (via Padil),Suratkal,21:56
16596,Karwar KSR Bengaluru Express (via Padil),Hassan,03:55
16596,Karwar KSR Bengaluru Express (via Padil),Yesvantpur,06:25
16596,Karwar KSR Bengaluru Express (via Padil),KSR Bengaluru,07:15
12284,Nizamuddin Ernakulam Duronto Express,Vadodara,09:32
12284,Nizamuddin Ernakulam Duronto Express,Surat,11:20
12284,Nizamuddin Ernakulam Duronto Express,Vasai Road,14:10
12284,Nizamuddin Ernakulam Duronto Express,Panvel,15:25
12284,Nizamuddin Ernakulam Duronto Express,Ratnagiri,20:25
12284,Nizamuddin Ernakulam Duronto Express,Madgaon,00:35
12284,Nizamuddin Ernakulam Duronto Express,Mangaluru Jn.,06:45
12284,Nizamuddin Ernakulam Duronto Express,Kozhikode,09:55
12284,Nizamuddin Ernakulam Duronto Express,Ernakulam Jn.,14:30
22119,Mumbai CSMT Madgaon Tejas Express,Mumbai CSMT,05:50
22119,Mumbai CSMT Madgaon Tejas Express,Dadar,06:02
22119,Mumbai CSMT Madgaon Tejas Express,Panvel,06:50
22119,Mumbai CSMT Madgaon Tejas Express,Chiplun,09:32
22119,Mumbai CSMT Madgaon Tejas Express,Ratnagiri,11:15
22119,Mumbai CSMT Madgaon Tejas Express,Kudal,13:12
22119,Mumbai CSMT Madgaon Tejas Express,Karmali,14:12
22119,Mumbai CSMT Madgaon Tejas Express,Madgaon,15:00
11099,Lokmanya Tilak (T) Madgaon Express,Lokmanya Tilak (T),00:45
11099,Lokmanya Tilak (T) Madgaon Express,Panvel,01:45
11099,Lokmanya Tilak (T) Madgaon Express,Chiplun,04:50
11099,Lokmanya Tilak (T) Madgaon Express,Ratnagiri,06:05
11099,Lokmanya Tilak (T) Madgaon Express,Sawantwadi Road,08:40
11099,Lokmanya Tilak (T) Madgaon Express,Thivim,09:26
11099,Lokmanya Tilak (T) Madgaon Express,Karmali,09:48
11099,Lokmanya Tilak (T) Madgaon Express,Madgaon,11:55
16356,Mangaluru Jn. Kochuveli Antyodaya Express,Mangaluru Jn.,20:10
16356,Mangaluru Jn. Kochuveli Antyodaya Express,Kasaragod,20:48
16356,Mangaluru Jn. Kochuveli Antyodaya Express,Kannur,22:00
16356,Mangaluru Jn. Kochuveli Antyodaya Express,Kozhikode,23:20
16356,Mangaluru Jn. Kochuveli Antyodaya Express,Tirur,00:05
16356,Mangaluru Jn. Kochuveli Antyodaya Express,Shoranur Jn.,01:20
16356,Mangaluru Jn. Kochuveli Antyodaya Express,Thrisur,01:58
16356,Mangaluru Jn. Kochuveli Antyodaya Express,Ernakulam Jn.,03:28
16356,Mangaluru Jn. Kochuveli Antyodaya Express,Alappuzha,04:32
16356,Mangaluru Jn. Kochuveli Antyodaya Express,Kollam Jn.,06:13
16356,Mangaluru Jn. Kochuveli Antyodaya Express,Thiruvanthapuram a North,08:00
10105,Diva- Sawantwadi Road Express,Vasai Road,06:25
10105,Diva- Sawantwadi Road Express,Panvel,07:00
10105,Diva- Sawantwadi Road Express,Chiplun,11:35
10105,Diva- Sawantwadi Road Express,Ratnagiri,14:10
10105,Diva- Sawantwadi Road Express,Kudal,17:11
10105,Diva- Sawantwadi Road Express,Sawantwadi Road,18:30
10107,Madgaon Mangaluru Central Express,Madgaon,04:00
10107,Madgaon Mangaluru Central Express,Canacona,04:31
10107,Madgaon Mangaluru Central Express,Karwar,05:01
10107,Madgaon Mangaluru Central Express,Bhatkal,06:53
10107,Madgaon Mangaluru Central Express,Kundapura,07:57
10107,Madgaon Mangaluru Central Express,Udupi,08:31
10107,Madgaon Mangaluru Central Express,Suratkal,09:41
10107,Madgaon Mangaluru Central Express,Mangaluru Jn.,10:40
10107,Madgaon Mangaluru Central Express,Mangaluru Central,11:15
20633,Kasaragod Thiruvananthapuram Vande Bharat Express,Kasaragod,14:30
20633,Kasaragod Thiruvananthapuram Vande Bharat Express,Kannur,15:30
20633,Kasaragod Thiruvananthapuram Vande Bharat Express,Kozhikode,16:30
20633,Kasaragod Thiruvananthapuram Vande Bharat Express,Shoranur Jn.,17:30
20633,Kasaragod Thiruvananthapuram Vande Bharat Express,Thrisur,18:13
20633,Kasaragod Thiruvananthapuram Vande Bharat Express,Ernakulam Town,19:20
20633,Kasaragod Thiruvananthapuram Vande Bharat Express,Kottayam,20:13
20633,Kasaragod Thiruvananthapuram Vande Bharat Express,Kollam Jn.,21:36
20633,Kasaragod Thiruvananthapuram Vande Bharat Express,Thiruvananthapuram,22:40
22229,CSMT Madgaon Vande Bharat Express,Mumbai CSMT,05:25
22229,CSMT Madgaon Vande Bharat Express,Dadar,05:34
22229,CSMT Madgaon Vande Bharat Express,Panvel,06:27
22229,CSMT Madgaon Vande Bharat Express,Ratnagiri,09:50
22229,CSMT Madgaon Vande Bharat Express,Thivim,12:05
22229,CSMT Madgaon Vande Bharat Express,Madgaon,13:10
16586,Murdeshwar SMVB Express (via MAQ),Vasco-de-Gama,14:10
16586,Murdeshwar SMVB Express (via MAQ),Bhatkal,14:24
16586,Murdeshwar SMVB Express (via MAQ),Kundapura,15:10
16586,Murdeshwar SMVB Express (via MAQ),Udupi,15:50
16586,Murdeshwar SMVB Express (via MAQ),Suratkal,16:52
16586,Murdeshwar SMVB Express (via MAQ),Mangaluru Central,18:35
16586,Murdeshwar SMVB Express (via MAQ),Hassan,00:40
16586,Murdeshwar SMVB Express (via MAQ),Mysuru,03:45
16586,Murdeshwar SMVB Express (via MAQ),Yesvantpur,07:15
10115,Bandra (T) Madgaon Express,Ahmedabad,06:50
10115,Bandra (T) Madgaon Express,Vasai Road,08:10
10115,Bandra (T) Madgaon Express,Panvel,09:45
10115,Bandra (T) Madgaon Express,Chiplun,13:27
10115,Bandra (T) Madgaon Express,Ratnagiri,15:40
10115,Bandra (T) Madgaon Express,Sawantwadi Road,19:32
10115,Bandra (T) Madgaon Express,Thivim,20:32
10115,Bandra (T) Madgaon Express,Karmali,21:02
10115,Bandra (T) Madgaon Express,Madgaon,22:40
22413,Madgaon Nizamuddin Rajdhani Express,Madgaon,10:00
22413,Madgaon Nizamuddin Rajdhani Express,Thivim,10:46
22413,Madgaon Nizamuddin Rajdhani Express,Kudal,11:30
22413,Madgaon Nizamuddin Rajdhani Express,Ratnagiri,14:00
22413,Madgaon Nizamuddin Rajdhani Express,Panvel,17:55
22413,Madgaon Nizamuddin Rajdhani Express,Vasai Road,19:35
22413,Madgaon Nizamuddin Rajdhani Express,Surat,22:18
22413,Madgaon Nizamuddin Rajdhani Express,Vadodara,23:59
11004,Sawant- wadi Road Dadar Tutari Express,Sawantwadi Road,20:00
11004,Sawant- wadi Road Dadar Tutari Express,Kudal,20:16
11004,Sawant- wadi Road Dadar Tutari Express,Ratnagiri,23:10
11004,Sawant- wadi Road Dadar Tutari Express,Chiplun,00:24
11004,Sawant- wadi Road Dadar Tutari Express,Panvel,04:30
11004,Sawant- wadi Road Dadar Tutari Express,Dadar,06:40
12617,Ernakulam Nizamuddin Mangala Lakshadweep Express,Ernakulam Jn.,13:25
12617,Ernakulam Nizamuddin Mangala Lakshadweep Express,Aluva,13:47
12617,Ernakulam Nizamuddin Mangala Lakshadweep Express,Thrisur,14:37
12617,Ernakulam Nizamuddin Mangala Lakshadweep Express,Shoranur Jn.,15:25
12617,Ernakulam Nizamuddin Mangala Lakshadweep Express,Tirur,16:25
12617,Ernakulam Nizamuddin Mangala Lakshadweep Express,Kozhikode,17:15
12617,Ernakulam Nizamuddin Mangala Lakshadweep Express,Vadakara,17:55
12617,Ernakulam Nizamuddin Mangala Lakshadweep Express,Thalassery,18:15
12617,Ernakulam Nizamuddin Mangala Lakshadweep Express,Kannur,18:42
12617,Ernakulam Nizamuddin Mangala Lakshadweep Express,Kasaragod,20:10
12617,Ernakulam Nizamuddin Mangala Lakshadweep Express,Mangaluru Jn.,21:30
12617,Ernakulam Nizamuddin Mangala Lakshadweep Express,Udupi,23:06
12617,Ernakulam Nizamuddin Mangala Lakshadweep Express,Kundapura,23:36
12617,Ernakulam Nizamuddin Mangala Lakshadweep Express,Bhatkal,00:14
12617,Ernakulam Nizamuddin Mangala Lakshadweep Express,Karwar,01:38
12617,Ernakulam Nizamuddin Mangala Lakshadweep Express,Madgaon,03:10
12617,Ernakulam Nizamuddin Mangala Lakshadweep Express,Thivim,04:02
12617,Ernakulam Nizamuddin Mangala Lakshadweep Express,Ratnagiri,07:45
12617,Ernakulam Nizamuddin Mangala Lakshadweep Express,Chiplun,09:04
12617,Ernakulam Nizamuddin Mangala Lakshadweep Express,Panvel,12:30
16346,Thiruvanan- thapuram Lokmanya Tilak (T) Netravati Express,Thiruvananthapuram,09:15
16346,Thiruvanan- thapuram Lokmanya Tilak (T) Netravati Express,Kollam Jn.,10:25
16346,Thiruvanan- thapuram Lokmanya Tilak (T) Netravati Express,Alappuzha,12:10
16346,Thiruvanan- thapuram Lokmanya Tilak (T) Netravati Express,Ernakulam Jn.,13:50
16346,Thiruvanan- thapuram Lokmanya Tilak (T) Netravati Express,Aluva,14:15
16346,Thiruvanan- thapuram Lokmanya Tilak (T) Netravati Express,Thrisur,15:15
16346,Thiruvanan- thapuram Lokmanya Tilak (T) Netravati Express,Shoranur Jn.,16:25
16346,Thiruvanan- thapuram Lokmanya Tilak (T) Netravati Express,Tirur,17:15
16346,Thiruvanan- thapuram Lokmanya Tilak (T) Netravati Express,Kozhikode,18:05
16346,Thiruvanan- thapuram Lokmanya Tilak (T) Netravati Express,Vadakara,18:40
16346,Thiruvanan- thapuram Lokmanya Tilak (T) Netravati Express,Thalassery,19:00
16346,Thiruvanan- thapuram Lokmanya Tilak (T) Netravati Express,Kannur,19:35
16346,Thiruvanan- thapuram Lokmanya Tilak (T) Netravati Express,Kasaragod,21:10
16346,Thiruvanan- thapuram Lokmanya Tilak (T) Netravati Express,Mangaluru Jn.,22:50
16346,Thiruvanan- thapuram Lokmanya Tilak (T) Netravati Express,Suratkal,23:32
16346,Thiruvanan- thapuram Lokmanya Tilak (T) Netravati Express,Udupi,00:22
16346,Thiruvanan- thapuram Lokmanya Tilak (T) Netravati Express,Kundapura,00:50
16346,Thiruvanan- thapuram Lokmanya Tilak (T) Netravati Express,Bhatkal,01:42
16346,Thiruvanan- thapuram Lokmanya Tilak (T) Netravati Express,Karwar,03:22
16346,Thiruvanan- thapuram Lokmanya Tilak (T) Netravati Express,Canacona,03:54
16346,Thiruvanan- thapuram Lokmanya Tilak (T) Netravati Express,Madgaon,04:45
16346,Thiruvanan- thapuram Lokmanya Tilak (T) Netravati Express,Karmali,05:18
16346,Thiruvanan- thapuram Lokmanya Tilak (T) Netravati Express,Thivim,05:40
16346,Thiruvanan- thapuram Lokmanya Tilak (T) Netravati Express,Kudal,07:14
16346,Thiruvanan- thapuram Lokmanya Tilak (T) Netravati Express,Ratnagiri,09:15
16346,Thiruvanan- thapuram Lokmanya Tilak (T) Netravati Express,Chiplun,11:40
16346,Thiruvanan- thapuram Lokmanya Tilak (T) Netravati Express,Panvel,14:55
16346,Thiruvanan- thapuram Lokmanya Tilak (T) Netravati Express,Lokmanya Tilak (T),17:05
10216,Ernakulam Madgaon Express,Ernakulam Jn.,10:40
10216,Ernakulam Madgaon Express,Aluva,11:04
10216,Ernakulam Madgaon Express,Thrisur,12:05
10216,Ernakulam Madgaon Express,Shoranur Jn.,13:00
10216,Ernakulam Madgaon Express,Tirur,13:40
10216,Ernakulam Madgaon Express,Kozhikode,14:25
10216,Ernakulam Madgaon Express,Kannur,15:40
10216,Ernakulam Madgaon Express,Kasaragod,16:45
10216,Ernakulam Madgaon Express,Mangaluru Jn.,18:00
10216,Ernakulam Madgaon Express,Udupi,19:40
10216,Ernakulam Madgaon Express,Bhatkal,20:52
10216,Ernakulam Madgaon Express,Karwar,22:02
10216,Ernakulam Madgaon Express,Madgaon,23:55
16334,Thiruvanan- thapuram Veraval Express,Thiruvananthapuram,15:45
16334,Thiruvanan- thapuram Veraval Express,Kollam Jn.,16:45
16334,Thiruvanan- thapuram Veraval Express,Kottayam,18:35
16334,Thiruvanan- thapuram Veraval Express,Ernakulam Town,20:20
16334,Thiruvanan- thapuram Veraval Express,Aluva,20:47
16334,Thiruvanan- thapuram Veraval Express,Thrisur,21:48
16334,Thiruvanan- thapuram Veraval Express,Shoranur Jn.,22:40
16334,Thiruvanan- thapuram Veraval Express,Tirur,23:25
16334,Thiruvanan- thapuram Veraval Express,Kozhikode,00:10
16334,Thiruvanan- thapuram Veraval Express,Thalassery,01:10
16334,Thiruvanan- thapuram Veraval Express,Kannur,01:40
16334,Thiruvanan- thapuram Veraval Express,Kasaragod,02:50
16334,Thiruvanan- thapuram Veraval Express,Mangaluru Jn.,04:10
16334,Thiruvanan- thapuram Veraval Express,Udupi,05:52
16334,Thiruvanan- thapuram Veraval Express,Kundapura,06:22
16334,Thiruvanan- thapuram Veraval Express,Karwar,09:12
16334,Thiruvanan- thapuram Veraval Express,Madgaon,10:35
16334,Thiruvanan- thapuram Veraval Express,Karmali,11:12
16334,Thiruvanan- thapuram Veraval Express,Kudal,12:14
16334,Thiruvanan- thapuram Veraval Express,Ratnagiri,16:05
16334,Thiruvanan- thapuram Veraval Express,Panvel,21:05
16334,Thiruvanan- thapuram Veraval Express,Vasai Road,23:05
16334,Thiruvanan- thapuram Veraval Express,Valsad,01:15
16334,Thiruvanan- thapuram Veraval Express,Surat,02:50
16334,Thiruvanan- thapuram Veraval Express,Vadodara,04:46
16334,Thiruvanan- thapuram Veraval Express,Anand d ,05:23
16334,Thiruvanan- thapuram Veraval Express,Ahmedabad,06:50
16334,Thiruvanan- thapuram Veraval Express,Viramgam,07:57
16334,Thiruvanan- thapuram Veraval Express,Surendranagar,09:10
16334,Thiruvanan- thapuram Veraval Express,Rajkot,11:10
16334,Thiruvanan- thapuram Veraval Express,Veraval,15:35
16336,Nagercoil Gandhi- dham Express,Nagercoil Jn,14:45
16336,Nagercoil Gandhi- dham Express,Thiruvananthapuram,16:15
16336,Nagercoil Gandhi- dham Express,Kollam Jn.,17:15
16336,Nagercoil Gandhi- dham Express,Kottayam,18:45
16336,Nagercoil Gandhi- dham Express,Ernakulam Town,20:20
16336,Nagercoil Gandhi- dham Express,Aluva,20:47
16336,Nagercoil Gandhi- dham Express,Thrisur,21:48
16336,Nagercoil Gandhi- dham Express,Shoranur Jn.,22:40
16336,Nagercoil Gandhi- dham Express,Tirur,23:25
16336,Nagercoil Gandhi- dham Express,Kozhikode,00:10
16336,Nagercoil Gandhi- dham Express,Vadakara,00:50
16336,Nagercoil Gandhi- dham Express,Thalassery,01:10
16336,Nagercoil Gandhi- dham Express,Kannur,01:40
16336,Nagercoil Gandhi- dham Express,Kasaragod,02:50
16336,Nagercoil Gandhi- dham Express,Mangaluru Jn.,04:10
16336,Nagercoil Gandhi- dham Express,Suratkal,04:52
16336,Nagercoil Gandhi- dham Express,Udupi,05:52
16336,Nagercoil Gandhi- dham Express,Kundapura,06:22
16336,Nagercoil Gandhi- dham Express,Karwar,09:12
16336,Nagercoil Gandhi- dham Express,Canacona,10:10
16336,Nagercoil Gandhi- dham Express,Madgaon,11:00
16336,Nagercoil Gandhi- dham Express,Sawantwadi Road,12:18
16336,Nagercoil Gandhi- dham Express,Ratnagiri,16:05
16336,Nagercoil Gandhi- dham Express,Chiplun,17:20
16336,Nagercoil Gandhi- dham Express,Panvel,21:05
16336,Nagercoil Gandhi- dham Express,Vasai Road,23:05
16336,Nagercoil Gandhi- dham Express,Valsad,01:15
16336,Nagercoil Gandhi- dham Express,Surat,02:50
16336,Nagercoil Gandhi- dham Express,Vadodara,04:46
16336,Nagercoil Gandhi- dham Express,Anand d ,05:23
16336,Nagercoil Gandhi- dham Express,Ahmedabad,06:50
16336,Nagercoil Gandhi- dham Express,Viramgam,07:57
16336,Nagercoil Gandhi- dham Express,Samakhiyali,10:47
16336,Nagercoil Gandhi- dham Express,Gandhidham,12:00
16338,Ernakulam Okha Express,Ernakulam Jn.,20:25
16338,Ernakulam Okha Express,Aluva,20:50
16338,Ernakulam Okha Express,Thrisur,21:48
16338,Ernakulam Okha Express,Shoranur Jn.,22:40
16338,Ernakulam Okha Express,Tirur,23:25
16338,Ernakulam Okha Express,Kozhikode,00:10
16338,Ernakulam Okha Express,Vadakara,00:50
16338,Ernakulam Okha Express,Thalassery,01:10
16338,Ernakulam Okha Express,Kannur,01:40
16338,Ernakulam Okha Express,Kasaragod,02:50
16338,Ernakulam Okha Express,Mangaluru Jn.,04:10
16338,Ernakulam Okha Express,Suratkal,04:52
16338,Ernakulam Okha Express,Udupi,05:52
16338,Ernakulam Okha Express,Kundapura,06:22
16338,Ernakulam Okha Express,Bhatkal,07:24
16338,Ernakulam Okha Express,Karwar,09:38
16338,Ernakulam Okha Express,Madgaon,11:30
16338,Ernakulam Okha Express,Thivim,12:22
16338,Ernakulam Okha Express,Ratnagiri,16:05
16338,Ernakulam Okha Express,Panvel,21:05
16338,Ernakulam Okha Express,Vasai Road,23:05
16338,Ernakulam Okha Express,Valsad,01:15
16338,Ernakulam Okha Express,Surat,02:50
16338,Ernakulam Okha Express,Vadodara,04:46
16338,Ernakulam Okha Express,Anand d ,05:23
16338,Ernakulam Okha Express,Ahmedabad,06:50
16338,Ernakulam Okha Express,Viramgam,07:57
16338,Ernakulam Okha Express,Surendranagar,09:10
16338,Ernakulam Okha Express,Rajkot,11:10
16338,Ernakulam Okha Express,Hapa,12:36
16338,Ernakulam Okha Express,Jamnagar,12:59
16338,Ernakulam Okha Express,Okha,16:30
19259,Kochuveli Bhavnagar Express,Thiruvanthapuram North,15:45
19259,Kochuveli Bhavnagar Express,Kollam Jn.,16:45
19259,Kochuveli Bhavnagar Express,Kottayam,18:35
19259,Kochuveli Bhavnagar Express,Ernakulam Town,20:20
19259,Kochuveli Bhavnagar Express,Aluva,20:47
19259,Kochuveli Bhavnagar Express,Thrisur,21:48
19259,Kochuveli Bhavnagar Express,Shoranur Jn.,22:40
19259,Kochuveli Bhavnagar Express,Tirur,23:25
19259,Kochuveli Bhavnagar Express,Kozhikode,00:10
19259,Kochuveli Bhavnagar Express,Thalassery,01:10
19259,Kochuveli Bhavnagar Express,Kannur,01:40
19259,Kochuveli Bhavnagar Express,Kasaragod,02:50
19259,Kochuveli Bhavnagar Express,Mangaluru Jn.,04:10
19259,Kochuveli Bhavnagar Express,Udupi,05:32
19259,Kochuveli Bhavnagar Express,Karwar,09:12
19259,Kochuveli Bhavnagar Express,Madgaon,11:00
19259,Kochuveli Bhavnagar Express,Thivim,11:30
19259,Kochuveli Bhavnagar Express,Ratnagiri,16:05
19259,Kochuveli Bhavnagar Express,Chiplun,17:20
19259,Kochuveli Bhavnagar Express,Panvel,21:05
19259,Kochuveli Bhavnagar Express,Vasai Road,23:05
19259,Kochuveli Bhavnagar Express,Surat,02:50
19259,Kochuveli Bhavnagar Express,Vadodara,04:46
19259,Kochuveli Bhavnagar Express,Anand d ,05:23
19259,Kochuveli Bhavnagar Express,Ahmedabad,06:50
19259,Kochuveli Bhavnagar Express,Bhavnagar,12:25
16312,Kochuveli Sri Ganga- nagar Express,Thiruvanthapuram North,15:45
16312,Kochuveli Sri Ganga- nagar Express,Kollam Jn.,16:45
16312,Kochuveli Sri Ganga- nagar Express,Kottayam,18:35
16312,Kochuveli Sri Ganga- nagar Express,Ernakulam Town,20:20
16312,Kochuveli Sri Ganga- nagar Express,Aluva,20:47
16312,Kochuveli Sri Ganga- nagar Express,Thrisur,21:48
16312,Kochuveli Sri Ganga- nagar Express,Shoranur Jn.,22:45
16312,Kochuveli Sri Ganga- nagar Express,Tirur,23:30
16312,Kochuveli Sri Ganga- nagar Express,Kozhikode,00:15
16312,Kochuveli Sri Ganga- nagar Express,Kannur,01:40
16312,Kochuveli Sri Ganga- nagar Express,Kasaragod,02:50
16312,Kochuveli Sri Ganga- nagar Express,Mangaluru Jn.,04:10
16312,Kochuveli Sri Ganga- nagar Express,Udupi,05:52
16312,Kochuveli Sri Ganga- nagar Express,Kundapura,06:22
16312,Kochuveli Sri Ganga- nagar Express,Madgaon,10:40
16312,Kochuveli Sri Ganga- nagar Express,Thivim,11:30
16312,Kochuveli Sri Ganga- nagar Express,Kudal,12:14
16312,Kochuveli Sri Ganga- nagar Express,Ratnagiri,16:05
16312,Kochuveli Sri Ganga- nagar Express,Panvel,21:05
16312,Kochuveli Sri Ganga- nagar Express,Vasai Road,23:05
16312,Kochuveli Sri Ganga- nagar Express,Surat,02:50
16312,Kochuveli Sri Ganga- nagar Express,Vadodara,04:46
16312,Kochuveli Sri Ganga- nagar Express,Ahmedabad,06:50
12977,Ernakulam Ajmer Marusagar Express,Ernakulam Jn.,20:25
12977,Ernakulam Ajmer Marusagar Express,Aluva,20:47
12977,Ernakulam Ajmer Marusagar Express,Thrisur,21:48
12977,Ernakulam Ajmer Marusagar Express,Shoranur Jn.,22:50
12977,Ernakulam Ajmer Marusagar Express,Tirur,23:30
12977,Ernakulam Ajmer Marusagar Express,Kozhikode,00:15
12977,Ernakulam Ajmer Marusagar Express,Kannur,01:40
12977,Ernakulam Ajmer Marusagar Express,Kasaragod,02:50
12977,Ernakulam Ajmer Marusagar Express,Mangaluru Jn.,04:25
12977,Ernakulam Ajmer Marusagar Express,Udupi,05:32
12977,Ernakulam Ajmer Marusagar Express,Kundapura,06:22
12977,Ernakulam Ajmer Marusagar Express,Bhatkal,07:24
12977,Ernakulam Ajmer Marusagar Express,Karwar,09:12
12977,Ernakulam Ajmer Marusagar Express,Madgaon,10:40
12977,Ernakulam Ajmer Marusagar Express,Thivim,11:30
12977,Ernakulam Ajmer Marusagar Express,Ratnagiri,15:15
12977,Ernakulam Ajmer Marusagar Express,Panvel,19:40
12977,Ernakulam Ajmer Marusagar Express,Vasai Road,21:05
12977,Ernakulam Ajmer Marusagar Express,Surat,00:03
12977,Ernakulam Ajmer Marusagar Express,Vadodara,01:58
22633,Thiruvanan- thapuram Nizammudin Express,Thiruvananthapuram,14:40
22633,Thiruvanan- thapuram Nizammudin Express,Kollam Jn.,15:38
22633,Thiruvanan- thapuram Nizammudin Express,Alappuzha,17:00
22633,Thiruvanan- thapuram Nizammudin Express,Ernakulam Jn.,18:30
22633,Thiruvanan- thapuram Nizammudin Express,Aluva,19:16
22633,Thiruvanan- thapuram Nizammudin Express,Thrisur,20:07
22633,Thiruvanan- thapuram Nizammudin Express,Shoranur Jn.,21:00
22633,Thiruvanan- thapuram Nizammudin Express,Kozhikode,22:20
22633,Thiruvanan- thapuram Nizammudin Express,Kannur,23:40
22633,Thiruvanan- thapuram Nizammudin Express,Kasaragod,00:45
22633,Thiruvanan- thapuram Nizammudin Express,Mangaluru Jn.,01:55
22633,Thiruvanan- thapuram Nizammudin Express,Udupi,03:42
22633,Thiruvanan- thapuram Nizammudin Express,Karwar,06:42
22633,Thiruvanan- thapuram Nizammudin Express,Madgaon,08:25
22633,Thiruvanan- thapuram Nizammudin Express,Ratnagiri,13:45
22633,Thiruvanan- thapuram Nizammudin Express,Chiplun,14:52
22633,Thiruvanan- thapuram Nizammudin Express,Panvel,17:55
22633,Thiruvanan- thapuram Nizammudin Express,Vasai Road,19:35
22633,Thiruvanan- thapuram Nizammudin Express,Surat,22:18
22633,Thiruvanan- thapuram Nizammudin Express,Vadodara,23:59
19577,Tirunelveli Jamnagar Express,Tirunelveli Jn.,08:10
19577,Tirunelveli Jamnagar Express,Nagercoil Town,09:27
19577,Tirunelveli Jamnagar Express,Thiruvananthapuram,11:05
19577,Tirunelveli Jamnagar Express,Kollam Jn.,12:08
19577,Tirunelveli Jamnagar Express,Alappuzha,13:27
19577,Tirunelveli Jamnagar Express,Ernakulam Jn.,14:20
19577,Tirunelveli Jamnagar Express,Aluva,14:42
19577,Tirunelveli Jamnagar Express,Thrisur,15:40
19577,Tirunelveli Jamnagar Express,Shoranur Jn.,17:05
19577,Tirunelveli Jamnagar Express,Tirur,17:35
19577,Tirunelveli Jamnagar Express,Kozhikode,18:25
19577,Tirunelveli Jamnagar Express,Kannur,19:50
19577,Tirunelveli Jamnagar Express,Kasaragod,20:50
19577,Tirunelveli Jamnagar Express,Mangaluru Jn.,22:00
19577,Tirunelveli Jamnagar Express,Udupi,23:38
19577,Tirunelveli Jamnagar Express,Karwar,02:02
19577,Tirunelveli Jamnagar Express,Madgaon,04:00
19577,Tirunelveli Jamnagar Express,Ratnagiri,08:20
19577,Tirunelveli Jamnagar Express,Panvel,13:15
19577,Tirunelveli Jamnagar Express,Vasai Road,15:15
19577,Tirunelveli Jamnagar Express,Surat,18:33
19577,Tirunelveli Jamnagar Express,Vadodara,20:44
19577,Tirunelveli Jamnagar Express,Ahmedabad,22:45
19577,Tirunelveli Jamnagar Express,Surendranagar,00:55
19577,Tirunelveli Jamnagar Express,Rajkot,02:51
19577,Tirunelveli Jamnagar Express,Hapa,03:53
19577,Tirunelveli Jamnagar Express,Jamnagar,04:25
2197,Coimbatore Jabalpur Weekly Special,Coimbatore Jn.,17:05
2197,Coimbatore Jabalpur Weekly Special,Palakkad Jn.,18:15
2197,Coimbatore Jabalpur Weekly Special,Shoranur Jn.,19:30
2197,Coimbatore Jabalpur Weekly Special,Tirur,20:20
2197,Coimbatore Jabalpur Weekly Special,Kozhikode,21:25
2197,Coimbatore Jabalpur Weekly Special,Vadakara,22:06
2197,Coimbatore Jabalpur Weekly Special,Kannur,23:00
2197,Coimbatore Jabalpur Weekly Special,Kasaragod,00:05
2197,Coimbatore Jabalpur Weekly Special,Mangaluru Jn.,01:20
2197,Coimbatore Jabalpur Weekly Special,Udupi,03:02
2197,Coimbatore Jabalpur Weekly Special,Kundapura,03:28
2197,Coimbatore Jabalpur Weekly Special,Karwar,05:28
2197,Coimbatore Jabalpur Weekly Special,Madgaon,06:50
2197,Coimbatore Jabalpur Weekly Special,Thivim,07:48
2197,Coimbatore Jabalpur Weekly Special,Kudal,09:30
2197,Coimbatore Jabalpur Weekly Special,Ratnagiri,12:30
2197,Coimbatore Jabalpur Weekly Special,Chiplun,13:34
2197,Coimbatore Jabalpur Weekly Special,Panvel,16:53
2197,Coimbatore Jabalpur Weekly Special,Okha,08:45
20923,Tirunelveli Gandhidham Humsafar Express,Tirunelveli Jn.,08:10
20923,Tirunelveli Gandhidham Humsafar Express,Nagercoil Town,09:27
20923,Tirunelveli Gandhidham Humsafar Express,Thiruvananthapuram,11:05
20923,Tirunelveli Gandhidham Humsafar Express,Kollam Jn.,12:08
20923,Tirunelveli Gandhidham Humsafar Express,Ernakulam Jn.,14:20
20923,Tirunelveli Gandhidham Humsafar Express,Thrisur,15:40
20923,Tirunelveli Gandhidham Humsafar Express,Shoranur Jn.,17:05
20923,Tirunelveli Gandhidham Humsafar Express,Kozhikode,18:25
20923,Tirunelveli Gandhidham Humsafar Express,Kannur,19:50
20923,Tirunelveli Gandhidham Humsafar Express,Kasaragod,20:50
20923,Tirunelveli Gandhidham Humsafar Express,Mangaluru Jn.,22:00
20923,Tirunelveli Gandhidham Humsafar Express,Karwar,02:02
20923,Tirunelveli Gandhidham Humsafar Express,Madgaon,04:00
20923,Tirunelveli Gandhidham Humsafar Express,Ratnagiri,08:20
20923,Tirunelveli Gandhidham Humsafar Express,Panvel,13:15
20923,Tirunelveli Gandhidham Humsafar Express,Vasai Road,15:05
20923,Tirunelveli Gandhidham Humsafar Express,Surat,18:09
20923,Tirunelveli Gandhidham Humsafar Express,Vadodara,19:47
20923,Tirunelveli Gandhidham Humsafar Express,Ahmedabad,21:45
20923,Tirunelveli Gandhidham Humsafar Express,Gandhidham,02:35
20931,Kochuveli Indore Express,Thiruvanthapuram North,11:15
20931,Kochuveli Indore Express,Kollam Jn.,12:08
20931,Kochuveli Indore Express,Alappuzha,13:27
20931,Kochuveli Indore Express,Ernakulam Jn.,14:20
20931,Kochuveli Indore Express,Aluva,14:42
20931,Kochuveli Indore Express,Thrisur,15:40
20931,Kochuveli Indore Express,Shoranur Jn.,17:05
20931,Kochuveli Indore Express,Kozhikode,18:25
20931,Kochuveli Indore Express,Kannur,19:50
20931,Kochuveli Indore Express,Kasaragod,20:50
20931,Kochuveli Indore Express,Mangaluru Jn.,22:00
20931,Kochuveli Indore Express,Udupi,23:38
20931,Kochuveli Indore Express,Karwar,02:02
20931,Kochuveli Indore Express,Madgaon,04:00
20931,Kochuveli Indore Express,Thivim,04:48
20931,Kochuveli Indore Express,Kudal,05:46
20931,Kochuveli Indore Express,Ratnagiri,08:20
20931,Kochuveli Indore Express,Chiplun,09:52
20931,Kochuveli Indore Express,Panvel,13:15
20931,Kochuveli Indore Express,Vasai Road,15:15
20931,Kochuveli Indore Express,Surat,18:09
20931,Kochuveli Indore Express,Vadodara,19:51
10104,Madgaon Mumbai CSMT Mandovi Express,Madgaon,09:15
10104,Madgaon Mumbai CSMT Mandovi Express,Karmali,09:46
10104,Madgaon Mumbai CSMT Mandovi Express,Thivim,10:08
10104,Madgaon Mumbai CSMT Mandovi Express,Sawantwadi Road,10:42
10104,Madgaon Mumbai CSMT Mandovi Express,Kudal,11:04
10104,Madgaon Mumbai CSMT Mandovi Express,Ratnagiri,14:30
10104,Madgaon Mumbai CSMT Mandovi Express,Chiplun,15:36
10104,Madgaon Mumbai CSMT Mandovi Express,Panvel,19:00
10104,Madgaon Mumbai CSMT Mandovi Express,Dadar,21:10
10104,Madgaon Mumbai CSMT Mandovi Express,Mumbai CSMT,21:45
12431,Thiruvanan- thapuram Nizamuddin Rajdhani Express,Thiruvananthapuram,19:15
12431,Thiruvanan- thapuram Nizamuddin Rajdhani Express,Kollam Jn.,20:13
12431,Thiruvanan- thapuram Nizamuddin Rajdhani Express,Alappuzha,21:35
12431,Thiruvanan- thapuram Nizamuddin Rajdhani Express,Ernakulam Jn.,22:35
12431,Thiruvanan- thapuram Nizamuddin Rajdhani Express,Thrisur,23:50
12431,Thiruvanan- thapuram Nizamuddin Rajdhani Express,Shoranur Jn.,00:50
12431,Thiruvanan- thapuram Nizamuddin Rajdhani Express,Kozhikode,02:00
12431,Thiruvanan- thapuram Nizamuddin Rajdhani Express,Kannur,03:15
12431,Thiruvanan- thapuram Nizamuddin Rajdhani Express,Kasaragod,04:15
12431,Thiruvanan- thapuram Nizamuddin Rajdhani Express,Mangaluru Jn.,05:25
12431,Thiruvanan- thapuram Nizamuddin Rajdhani Express,Udupi,06:42
12431,Thiruvanan- thapuram Nizamuddin Rajdhani Express,Karwar,09:02
12431,Thiruvanan- thapuram Nizamuddin Rajdhani Express,Madgaon,10:10
12431,Thiruvanan- thapuram Nizamuddin Rajdhani Express,Ratnagiri,14:00
12431,Thiruvanan- thapuram Nizamuddin Rajdhani Express,Panvel,17:55
12431,Thiruvanan- thapuram Nizamuddin Rajdhani Express,Vasai Road,19:40
12431,Thiruvanan- thapuram Nizamuddin Rajdhani Express,Surat,22:18
12431,Thiruvanan- thapuram Nizamuddin Rajdhani Express,Vadodara,23:59
12449,Madgaon Chandigarh Goa Sampark Kranti Express,Madgaon,11:20
12449,Madgaon Chandigarh Goa Sampark Kranti Express,Karmali,11:50
12449,Madgaon Chandigarh Goa Sampark Kranti Express,Thivim,12:06
12449,Madgaon Chandigarh Goa Sampark Kranti Express,Ratnagiri,15:15
12449,Madgaon Chandigarh Goa Sampark Kranti Express,Panvel,19:40
12449,Madgaon Chandigarh Goa Sampark Kranti Express,Vasai Road,21:05
12449,Madgaon Chandigarh Goa Sampark Kranti Express,Surat,23:53
12449,Madgaon Chandigarh Goa Sampark Kranti Express,Vadodara,01:30
22149,Ernakulam Pune Express,Ernakulam Jn.,05:15
22149,Ernakulam Pune Express,Thrisur,06:20
22149,Ernakulam Pune Express,Shoranur Jn.,07:15
22149,Ernakulam Pune Express,Tirur,07:55
22149,Ernakulam Pune Express,Kozhikode,08:35
22149,Ernakulam Pune Express,Thalassery d ,09:30
22149,Ernakulam Pune Express,Kannur,10:00
22149,Ernakulam Pune Express,Kasaragod,11:00
22149,Ernakulam Pune Express,Mangaluru Jn.,12:10
22149,Ernakulam Pune Express,Udupi,13:40
22149,Ernakulam Pune Express,Kundapura,14:08
22149,Ernakulam Pune Express,Karwar,16:00
22149,Ernakulam Pune Express,Madgaon,17:10
22149,Ernakulam Pune Express,Sawantwadi Road,18:22
22149,Ernakulam Pune Express,Ratnagiri,21:20
22149,Ernakulam Pune Express,Chiplun,22:40
22149,Ernakulam Pune Express,Panvel,02:30
22149,Ernakulam Pune Express,Lokmanya Tilak (T),05:50
22114,Kochuveli Lokmanya Tilak (T) Express,Thiruvanthapuram North,00:55
22114,Kochuveli Lokmanya Tilak (T) Express,Kollam Jn.,01:55
22114,Kochuveli Lokmanya Tilak (T) Express,Kottayam,03:38
22114,Kochuveli Lokmanya Tilak (T) Express,Ernakulam Town,05:10
22114,Kochuveli Lokmanya Tilak (T) Express,Thrisur,06:20
22114,Kochuveli Lokmanya Tilak (T) Express,Shoranur Jn.,07:15
22114,Kochuveli Lokmanya Tilak (T) Express,Tirur,07:55
22114,Kochuveli Lokmanya Tilak (T) Express,Kozhikode,08:35
22114,Kochuveli Lokmanya Tilak (T) Express,Thalassery d ,09:30
22114,Kochuveli Lokmanya Tilak (T) Express,Kannur,10:00
22114,Kochuveli Lokmanya Tilak (T) Express,Kasaragod,11:00
22114,Kochuveli Lokmanya Tilak (T) Express,Mangaluru Jn.,12:10
22114,Kochuveli Lokmanya Tilak (T) Express,Udupi,13:40
22114,Kochuveli Lokmanya Tilak (T) Express,Kundapura,14:08
22114,Kochuveli Lokmanya Tilak (T) Express,Bhatkal,14:38
22114,Kochuveli Lokmanya Tilak (T) Express,Karwar,16:00
22114,Kochuveli Lokmanya Tilak (T) Express,Madgaon,17:10
22114,Kochuveli Lokmanya Tilak (T) Express,Ratnagiri,21:20
22114,Kochuveli Lokmanya Tilak (T) Express,Chiplun,22:40
22114,Kochuveli Lokmanya Tilak (T) Express,Panvel,02:05
22114,Kochuveli Lokmanya Tilak (T) Express,Lokmanya Tilak (T),04:00
22653,Thiruvanan- thapuram Nizamuddin Express (via) Kottayam,Thiruvananthapuram,00:50
22653,Thiruvanan- thapuram Nizamuddin Express (via) Kottayam,Kollam Jn.,01:55
22653,Thiruvanan- thapuram Nizamuddin Express (via) Kottayam,Kottayam,03:38
22653,Thiruvanan- thapuram Nizamuddin Express (via) Kottayam,Ernakulam Town,05:10
22653,Thiruvanan- thapuram Nizamuddin Express (via) Kottayam,Thrisur,06:20
22653,Thiruvanan- thapuram Nizamuddin Express (via) Kottayam,Shoranur Jn.,07:15
22653,Thiruvanan- thapuram Nizamuddin Express (via) Kottayam,Kozhikode,08:35
22653,Thiruvanan- thapuram Nizamuddin Express (via) Kottayam,Kannur,10:00
22653,Thiruvanan- thapuram Nizamuddin Express (via) Kottayam,Mangaluru Jn.,12:10
22653,Thiruvanan- thapuram Nizamuddin Express (via) Kottayam,Udupi,13:40
22653,Thiruvanan- thapuram Nizamuddin Express (via) Kottayam,Kundapura,14:08
22653,Thiruvanan- thapuram Nizamuddin Express (via) Kottayam,Karwar,16:00
22653,Thiruvanan- thapuram Nizamuddin Express (via) Kottayam,Madgaon,17:10
22653,Thiruvanan- thapuram Nizamuddin Express (via) Kottayam,Karmali,17:46
22653,Thiruvanan- thapuram Nizamuddin Express (via) Kottayam,Ratnagiri,21:20
22653,Thiruvanan- thapuram Nizamuddin Express (via) Kottayam,Panvel,02:40
22653,Thiruvanan- thapuram Nizamuddin Express (via) Kottayam,Vasai Road,04:45
22653,Thiruvanan- thapuram Nizamuddin Express (via) Kottayam,Surat,07:35
22653,Thiruvanan- thapuram Nizamuddin Express (via) Kottayam,Vadodara,09:20
22655,Ernakulam Nizamuddin Express (via) Alappuzha,Ernakulam Jn.,05:15
22655,Ernakulam Nizamuddin Express (via) Alappuzha,Thrisur,06:20
22655,Ernakulam Nizamuddin Express (via) Alappuzha,Shoranur Jn.,07:15
22655,Ernakulam Nizamuddin Express (via) Alappuzha,Kozhikode,08:35
22655,Ernakulam Nizamuddin Express (via) Alappuzha,Kannur,10:00
22655,Ernakulam Nizamuddin Express (via) Alappuzha,Mangaluru Jn.,12:10
22655,Ernakulam Nizamuddin Express (via) Alappuzha,Udupi,13:40
22655,Ernakulam Nizamuddin Express (via) Alappuzha,Kundapura,14:08
22655,Ernakulam Nizamuddin Express (via) Alappuzha,Karwar,16:00
22655,Ernakulam Nizamuddin Express (via) Alappuzha,Madgaon,17:10
22655,Ernakulam Nizamuddin Express (via) Alappuzha,Karmali,17:46
22655,Ernakulam Nizamuddin Express (via) Alappuzha,Ratnagiri,21:20
22655,Ernakulam Nizamuddin Express (via) Alappuzha,Panvel,02:40
22655,Ernakulam Nizamuddin Express (via) Alappuzha,Vasai Road,04:45
22655,Ernakulam Nizamuddin Express (via) Alappuzha,Surat,07:35
22655,Ernakulam Nizamuddin Express (via) Alappuzha,Vadodara,09:20
22476,Coimbatore Hisar AC Express,Coimbatore Jn.,14:55
22476,Coimbatore Hisar AC Express,Palakkad Jn.,16:10
22476,Coimbatore Hisar AC Express,Shoranur Jn.,17:05
22476,Coimbatore Hisar AC Express,Kozhikode,18:25
22476,Coimbatore Hisar AC Express,Kannur,19:50
22476,Coimbatore Hisar AC Express,Mangaluru Jn.,22:00
22476,Coimbatore Hisar AC Express,Udupi,23:38
22476,Coimbatore Hisar AC Express,Bhatkal,00:26
22476,Coimbatore Hisar AC Express,Karwar,02:02
22476,Coimbatore Hisar AC Express,Madgaon,04:00
22476,Coimbatore Hisar AC Express,Thivim,04:48
22476,Coimbatore Hisar AC Express,Ratnagiri,08:20
22476,Coimbatore Hisar AC Express,Chiplun,09:52
22476,Coimbatore Hisar AC Express,Panvel,13:15
22476,Coimbatore Hisar AC Express,Vasai Road,15:05
22476,Coimbatore Hisar AC Express,Surat,17:57
22476,Coimbatore Hisar AC Express,Vadodara,19:38
22476,Coimbatore Hisar AC Express,Anand d ,20:09
22476,Coimbatore Hisar AC Express,Ahmedabad,21:35
22630,Tirunelveli Dadar Express,Tirunelveli Jn.,07:20
22630,Tirunelveli Dadar Express,Coimbatore Jn.,15:00
22630,Tirunelveli Dadar Express,Palakkad Jn.,16:10
22630,Tirunelveli Dadar Express,Shoranur Jn.,17:05
22630,Tirunelveli Dadar Express,Kozhikode,18:25
22630,Tirunelveli Dadar Express,Kannur,19:50
22630,Tirunelveli Dadar Express,Kasaragod,20:50
22630,Tirunelveli Dadar Express,Mangaluru Jn.,22:00
22630,Tirunelveli Dadar Express,Udupi,23:38
22630,Tirunelveli Dadar Express,Karwar,02:02
22630,Tirunelveli Dadar Express,Madgaon,04:00
22630,Tirunelveli Dadar Express,Thivim,04:48
22630,Tirunelveli Dadar Express,Ratnagiri,08:20
22630,Tirunelveli Dadar Express,Chiplun,09:20
22630,Tirunelveli Dadar Express,Panvel,13:15
22630,Tirunelveli Dadar Express,Dadar,15:10
16608,Coimbatore Kannur Express,Coimbatore Jn.,13:50
16608,Coimbatore Kannur Express,Palakkad Jn.,15:10
16608,Coimbatore Kannur Express,Shoranur Jn.,16:20
16608,Coimbatore Kannur Express,Tirur,17:20
16608,Coimbatore Kannur Express,Kozhikode,18:15
16608,Coimbatore Kannur Express,Vadakara d ,19:08
16608,Coimbatore Kannur Express,Thalassery d ,19:30
16608,Coimbatore Kannur Express,Kannur,20:55
20646,Mangalore Madgaon Vande Bharat Express,Kannur,08:30
20646,Mangalore Madgaon Vande Bharat Express,Udupi,09:50
20646,Mangalore Madgaon Vande Bharat Express,Karwar,12:10
20646,Mangalore Madgaon Vande Bharat Express,Madgaon,13:10
20909,Thiruvanan- thapuram Porbandar Express,Thiruvananthapuram,11:15
20909,Thiruvanan- thapuram Porbandar Express,Kollam Jn.,12:08
20909,Thiruvanan- thapuram Porbandar Express,Alappuzha,13:27
20909,Thiruvanan- thapuram Porbandar Express,Ernakulam Jn.,14:20
20909,Thiruvanan- thapuram Porbandar Express,Thrisur,15:40
20909,Thiruvanan- thapuram Porbandar Express,Shoranur Jn.,17:05
20909,Thiruvanan- thapuram Porbandar Express,Tirur,17:35
20909,Thiruvanan- thapuram Porbandar Express,Kozhikode,18:25
20909,Thiruvanan- thapuram Porbandar Express,Kannur,19:50
20909,Thiruvanan- thapuram Porbandar Express,Kasaragod,20:50
20909,Thiruvanan- thapuram Porbandar Express,Mangaluru Jn.,22:00
20909,Thiruvanan- thapuram Porbandar Express,Udupi,23:38
20909,Thiruvanan- thapuram Porbandar Express,Karwar,02:02
20909,Thiruvanan- thapuram Porbandar Express,Madgaon,04:00
20909,Thiruvanan- thapuram Porbandar Express,Ratnagiri,08:20
20909,Thiruvanan- thapuram Porbandar Express,Panvel,13:15
20909,Thiruvanan- thapuram Porbandar Express,Vasai Road,15:20
20909,Thiruvanan- thapuram Porbandar Express,Surat,18:33
20909,Thiruvanan- thapuram Porbandar Express,Vadodara,20:44
20909,Thiruvanan- thapuram Porbandar Express,Anand,21:34
20909,Thiruvanan- thapuram Porbandar Express,Ahmedabad,22:45
20909,Thiruvanan- thapuram Porbandar Express,Viramgam,23:47
20909,Thiruvanan- thapuram Porbandar Express,Surendranagar,00:55
20909,Thiruvanan- thapuram Porbandar Express,Rajkot,02:51
20909,Thiruvanan- thapuram Porbandar Express,Hapa,03:53
20909,Thiruvanan- thapuram Porbandar Express,Porbandar,07:15
12741,Vasco- da- Gama Patliputra Express,Vasco-de-Gama,19:00
12741,Vasco- da- Gama Patliputra Express,Madgaon,20:05
12741,Vasco- da- Gama Patliputra Express,Thivim,21:17
12741,Vasco- da- Gama Patliputra Express,Sawantwadi Road,21:52
12741,Vasco- da- Gama Patliputra Express,Ratnagiri,00:40
12741,Vasco- da- Gama Patliputra Express,Chiplun,02:22
12741,Vasco- da- Gama Patliputra Express,Panvel,06:10
12741,Vasco- da- Gama Patliputra Express,Ahmedabad,10:10
12052,Madgaon Mumbai CSMT Jan Shatabdi Express,Madgaon,15:05
12052,Madgaon Mumbai CSMT Jan Shatabdi Express,Thivim,15:52
12052,Madgaon Mumbai CSMT Jan Shatabdi Express,Sawantwadi Road,16:24
12052,Madgaon Mumbai CSMT Jan Shatabdi Express,Kudal,16:42
12052,Madgaon Mumbai CSMT Jan Shatabdi Express,Ratnagiri,18:35
12052,Madgaon Mumbai CSMT Jan Shatabdi Express,Chiplun,19:48
12052,Madgaon Mumbai CSMT Jan Shatabdi Express,Panvel,22:00
12052,Madgaon Mumbai CSMT Jan Shatabdi Express,Dadar,23:10
12052,Madgaon Mumbai CSMT Jan Shatabdi Express,Mumbai CSMT,00:10
11098,Ernakulam Pune Poorna Express,Ernakulam Jn.,18:50
11098,Ernakulam Pune Poorna Express,Ernakulam Town,18:30
11098,Ernakulam Pune Poorna Express,Aluva,19:16
11098,Ernakulam Pune Poorna Express,Thrisur,20:07
11098,Ernakulam Pune Poorna Express,Shoranur Jn.,21:00
11098,Ernakulam Pune Poorna Express,Tirur,21:40
11098,Ernakulam Pune Poorna Express,Kozhikode,22:20
11098,Ernakulam Pune Poorna Express,Thalassery,23:10
11098,Ernakulam Pune Poorna Express,Kannur,23:40
11098,Ernakulam Pune Poorna Express,Kasaragod,00:55
11098,Ernakulam Pune Poorna Express,Mangaluru Jn.,02:00
11098,Ernakulam Pune Poorna Express,Udupi,03:42
11098,Ernakulam Pune Poorna Express,Kundapura,04:10
11098,Ernakulam Pune Poorna Express,Bhatkal,05:04
11098,Ernakulam Pune Poorna Express,Karwar,07:12
11098,Ernakulam Pune Poorna Express,Madgaon,09:55
11098,Ernakulam Pune Poorna Express,Karmali,23:30
12134,Mangaluru Jn. Mumbai CSMT Express,Mangaluru Jn.,14:00
12134,Mangaluru Jn. Mumbai CSMT Express,Suratkal,14:35
12134,Mangaluru Jn. Mumbai CSMT Express,Udupi,15:18
12134,Mangaluru Jn. Mumbai CSMT Express,Kundapura,15:42
12134,Mangaluru Jn. Mumbai CSMT Express,Bhatkal,16:28
12134,Mangaluru Jn. Mumbai CSMT Express,Karwar,17:50
12134,Mangaluru Jn. Mumbai CSMT Express,Madgaon,18:50
12134,Mangaluru Jn. Mumbai CSMT Express,Karmali,19:32
12134,Mangaluru Jn. Mumbai CSMT Express,Ratnagiri,22:35
12134,Mangaluru Jn. Mumbai CSMT Express,Panvel,02:50
12134,Mangaluru Jn. Mumbai CSMT Express,Mumbai CSMT,04:45
20112,Madgaon Mumbai CSMT Konkan Kanya Express,Madgaon,19:00
20112,Madgaon Mumbai CSMT Konkan Kanya Express,Karmali,19:40
20112,Madgaon Mumbai CSMT Konkan Kanya Express,Thivim,20:02
20112,Madgaon Mumbai CSMT Konkan Kanya Express,Sawantwadi Road,20:38
20112,Madgaon Mumbai CSMT Konkan Kanya Express,Kudal,21:00
20112,Madgaon Mumbai CSMT Konkan Kanya Express,Ratnagiri,23:35
20112,Madgaon Mumbai CSMT Konkan Kanya Express,Chiplun,00:52
20112,Madgaon Mumbai CSMT Konkan Kanya Express,Panvel,03:45
20112,Madgaon Mumbai CSMT Konkan Kanya Express,Dadar,05:15
20112,Madgaon Mumbai CSMT Konkan Kanya Express,Mumbai CSMT,05:40
12620,Mangaluru Central Lok- manya Tilak (T) Matsya- gandha Express,Mangaluru Central,14:20
12620,Mangaluru Central Lok- manya Tilak (T) Matsya- gandha Express,Suratkal,15:12
12620,Mangaluru Central Lok- manya Tilak (T) Matsya- gandha Express,Udupi,15:50
12620,Mangaluru Central Lok- manya Tilak (T) Matsya- gandha Express,Kundapura,16:16
12620,Mangaluru Central Lok- manya Tilak (T) Matsya- gandha Express,Bhatkal,16:58
12620,Mangaluru Central Lok- manya Tilak (T) Matsya- gandha Express,Karwar,18:48
12620,Mangaluru Central Lok- manya Tilak (T) Matsya- gandha Express,Madgaon,20:10
12620,Mangaluru Central Lok- manya Tilak (T) Matsya- gandha Express,Kudal,21:40
12620,Mangaluru Central Lok- manya Tilak (T) Matsya- gandha Express,Ratnagiri,00:10
12620,Mangaluru Central Lok- manya Tilak (T) Matsya- gandha Express,Chiplun,01:20
12620,Mangaluru Central Lok- manya Tilak (T) Matsya- gandha Express,Panvel,04:50
12620,Mangaluru Central Lok- manya Tilak (T) Matsya- gandha Express,Lokmanya Tilak (T),06:35
12202,Kochuveli Lokmanya Tilak (T) Garib Rath Express,Thiruvanthapuram North,09:10
12202,Kochuveli Lokmanya Tilak (T) Garib Rath Express,Kollam Jn.,10:08
12202,Kochuveli Lokmanya Tilak (T) Garib Rath Express,Kottayam,11:48
12202,Kochuveli Lokmanya Tilak (T) Garib Rath Express,Ernakulam Town,12:55
12202,Kochuveli Lokmanya Tilak (T) Garib Rath Express,Thrisur,14:12
12202,Kochuveli Lokmanya Tilak (T) Garib Rath Express,Shoranur Jn.,15:10
12202,Kochuveli Lokmanya Tilak (T) Garib Rath Express,Tirur,15:50
12202,Kochuveli Lokmanya Tilak (T) Garib Rath Express,Kozhikode,16:30
12202,Kochuveli Lokmanya Tilak (T) Garib Rath Express,Kannur,17:55
12202,Kochuveli Lokmanya Tilak (T) Garib Rath Express,Kasaragod,19:05
12202,Kochuveli Lokmanya Tilak (T) Garib Rath Express,Mangaluru Jn.,20:10
12202,Kochuveli Lokmanya Tilak (T) Garib Rath Express,Udupi,21:40
12202,Kochuveli Lokmanya Tilak (T) Garib Rath Express,Karwar,23:45
12202,Kochuveli Lokmanya Tilak (T) Garib Rath Express,Madgaon,01:15
12202,Kochuveli Lokmanya Tilak (T) Garib Rath Express,Ratnagiri,04:55
12202,Kochuveli Lokmanya Tilak (T) Garib Rath Express,Panvel,09:45
12202,Kochuveli Lokmanya Tilak (T) Garib Rath Express,Lokmanya Tilak (T),11:45
22659,Kochuveli Yog Nagari Rishikesh Express,Thiruvanthapuram North,09:10
22659,Kochuveli Yog Nagari Rishikesh Express,Kollam Jn.,10:08
22659,Kochuveli Yog Nagari Rishikesh Express,Alappuzha,11:23
22659,Kochuveli Yog Nagari Rishikesh Express,Ernakulam Jn.,12:55
22659,Kochuveli Yog Nagari Rishikesh Express,Thrisur,14:12
22659,Kochuveli Yog Nagari Rishikesh Express,Shoranur Jn.,15:10
22659,Kochuveli Yog Nagari Rishikesh Express,Kozhikode,16:30
22659,Kochuveli Yog Nagari Rishikesh Express,Kannur,17:55
22659,Kochuveli Yog Nagari Rishikesh Express,Kasaragod,19:05
22659,Kochuveli Yog Nagari Rishikesh Express,Mangaluru Jn.,20:10
22659,Kochuveli Yog Nagari Rishikesh Express,Udupi,21:22
22659,Kochuveli Yog Nagari Rishikesh Express,Madgaon,01:15
22659,Kochuveli Yog Nagari Rishikesh Express,Ratnagiri,04:55
22659,Kochuveli Yog Nagari Rishikesh Express,Panvel,10:35
22659,Kochuveli Yog Nagari Rishikesh Express,Vasai Road,12:40
22659,Kochuveli Yog Nagari Rishikesh Express,Surat,15:28
22659,Kochuveli Yog Nagari Rishikesh Express,Vadodara,17:12
12483,Kochuveli Amritsar Express,Thiruvanthapuram North,09:10
12483,Kochuveli Amritsar Express,Kollam Jn.,10:08
12483,Kochuveli Amritsar Express,Alappuzha,11:23
12483,Kochuveli Amritsar Express,Ernakulam Jn.,12:55
12483,Kochuveli Amritsar Express,Thrisur,14:12
12483,Kochuveli Amritsar Express,Shoranur Jn.,15:10
12483,Kochuveli Amritsar Express,Kozhikode,16:30
12483,Kochuveli Amritsar Express,Kannur,17:55
12483,Kochuveli Amritsar Express,Kasaragod,19:05
12483,Kochuveli Amritsar Express,Mangaluru Jn.,20:10
12483,Kochuveli Amritsar Express,Udupi,21:22
12483,Kochuveli Amritsar Express,Madgaon,01:15
12483,Kochuveli Amritsar Express,Ratnagiri,04:55
12483,Kochuveli Amritsar Express,Chiplun,06:12
12483,Kochuveli Amritsar Express,Panvel,10:35
12483,Kochuveli Amritsar Express,Vasai Road,12:40
12483,Kochuveli Amritsar Express,Surat,15:28
12483,Kochuveli Amritsar Express,Vadodara,17:12
12217,Kochuveli Chandigarh Kerala Sampark Kranti Express,Thiruvanthapuram North,09:10
12217,Kochuveli Chandigarh Kerala Sampark Kranti Express,Kollam Jn.,10:08
12217,Kochuveli Chandigarh Kerala Sampark Kranti Express,Alappuzha,11:23
12217,Kochuveli Chandigarh Kerala Sampark Kranti Express,Ernakulam Jn.,12:55
12217,Kochuveli Chandigarh Kerala Sampark Kranti Express,Thrisur,14:12
12217,Kochuveli Chandigarh Kerala Sampark Kranti Express,Shoranur Jn.,15:10
12217,Kochuveli Chandigarh Kerala Sampark Kranti Express,Tirur,15:50
12217,Kochuveli Chandigarh Kerala Sampark Kranti Express,Kozhikode,16:30
12217,Kochuveli Chandigarh Kerala Sampark Kranti Express,Kannur,17:55
12217,Kochuveli Chandigarh Kerala Sampark Kranti Express,Kasaragod,19:05
12217,Kochuveli Chandigarh Kerala Sampark Kranti Express,Mangaluru Jn.,20:10
12217,Kochuveli Chandigarh Kerala Sampark Kranti Express,Udupi,21:22
12217,Kochuveli Chandigarh Kerala Sampark Kranti Express,Madgaon,01:15
12217,Kochuveli Chandigarh Kerala Sampark Kranti Express,Ratnagiri,04:55
12217,Kochuveli Chandigarh Kerala Sampark Kranti Express,Panvel,10:35
12217,Kochuveli Chandigarh Kerala Sampark Kranti Express,Vasai Road,12:40
12217,Kochuveli Chandigarh Kerala Sampark Kranti Express,Surat,15:28
12217,Kochuveli Chandigarh Kerala Sampark Kranti Express,Vadodara,17:12
16515,Yesvantpur Karwar Express,Yesvantpur,07:00
16515,Yesvantpur Karwar Express,Hassan,10:15
16515,Yesvantpur Karwar Express,Mangaluru Jn.,16:45
16515,Yesvantpur Karwar Express,Suratkal,17:32
16515,Yesvantpur Karwar Express,Udupi,18:02
16515,Yesvantpur Karwar Express,Kundapura,18:32
16515,Yesvantpur Karwar Express,Bhatkal,19:30
16515,Yesvantpur Karwar Express,Karwar,22:45
16595,KSR Bengaluru Mangaluru Central Karwar Express (via Padil),KSR Bengaluru,18:50
16595,KSR Bengaluru Mangaluru Central Karwar Express (via Padil),Yesvantpur,19:02
16595,KSR Bengaluru Mangaluru Central Karwar Express (via Padil),Hassan,21:40
16595,KSR Bengaluru Mangaluru Central Karwar Express (via Padil),Suratkal,03:37
16595,KSR Bengaluru Mangaluru Central Karwar Express (via Padil),Udupi,04:18
16595,KSR Bengaluru Mangaluru Central Karwar Express (via Padil),Kundapura,05:07
16595,KSR Bengaluru Mangaluru Central Karwar Express (via Padil),Bhatkal,05:50
16595,KSR Bengaluru Mangaluru Central Karwar Express (via Padil),Karwar,08:25
12283,Ernakulam Nizamuddin Duronto Express,Ernakulam Jn.,23:25
12283,Ernakulam Nizamuddin Duronto Express,Kozhikode,02:40
12283,Ernakulam Nizamuddin Duronto Express,Mangaluru Jn.,06:05
12283,Ernakulam Nizamuddin Duronto Express,Madgaon,12:00
12283,Ernakulam Nizamuddin Duronto Express,Ratnagiri,17:15
12283,Ernakulam Nizamuddin Duronto Express,Panvel,21:40
12283,Ernakulam Nizamuddin Duronto Express,Vasai Road,00:10
12283,Ernakulam Nizamuddin Duronto Express,Surat,03:00
12283,Ernakulam Nizamuddin Duronto Express,Vadodara,04:40
22907,Madgaon Hapa Express,Madgaon,10:40
22907,Madgaon Hapa Express,Thivim,11:24
22907,Madgaon Hapa Express,Kudal,12:32
22907,Madgaon Hapa Express,Ratnagiri,15:15
22907,Madgaon Hapa Express,Panvel,19:40
22907,Madgaon Hapa Express,Vasai Road,21:05
22907,Madgaon Hapa Express,Surat,00:03
22907,Madgaon Hapa Express,Vadodara,01:53
22907,Madgaon Hapa Express,Anand,02:29
22907,Madgaon Hapa Express,Ahmedabad,03:50
22907,Madgaon Hapa Express,Viramgam,04:54
22907,Madgaon Hapa Express,Surendranagar,06:08
22907,Madgaon Hapa Express,Rajkot,08:12
22907,Madgaon Hapa Express,Hapa,09:35
22116,Karmali Lokmanya Tilak (T) AC Express,Karmali,14:30
22116,Karmali Lokmanya Tilak (T) AC Express,Kudal,15:52
22116,Karmali Lokmanya Tilak (T) AC Express,Ratnagiri,19:00
22116,Karmali Lokmanya Tilak (T) AC Express,Chiplun,20:12
22116,Karmali Lokmanya Tilak (T) AC Express,Panvel,22:27
22116,Karmali Lokmanya Tilak (T) AC Express,Lokmanya Tilak (T),00:10
12224,Ernakulam Lokmanya Tilak (T) Duronto Express,Ernakulam Jn.,21:30
12224,Ernakulam Lokmanya Tilak (T) Duronto Express,Kozhikode,00:45
12224,Ernakulam Lokmanya Tilak (T) Duronto Express,Mangaluru Jn.,04:00
12224,Ernakulam Lokmanya Tilak (T) Duronto Express,Madgaon,08:50
12224,Ernakulam Lokmanya Tilak (T) Duronto Express,Ratnagiri,12:30
12224,Ernakulam Lokmanya Tilak (T) Duronto Express,Panvel,17:05
12224,Ernakulam Lokmanya Tilak (T) Duronto Express,Lokmanya Tilak (T),19:00
22120,Madgaon Mumbai CSMT Tejas Express,Madgaon,15:35
22120,Madgaon Mumbai CSMT Tejas Express,Karmali,16:07
22120,Madgaon Mumbai CSMT Tejas Express,Kudal,17:04
22120,Madgaon Mumbai CSMT Tejas Express,Ratnagiri,19:00
22120,Madgaon Mumbai CSMT Tejas Express,Chiplun,20:12
22120,Madgaon Mumbai CSMT Tejas Express,Panvel,22:27
22120,Madgaon Mumbai CSMT Tejas Express,Dadar,23:32
22120,Madgaon Mumbai CSMT Tejas Express,Mumbai CSMT,00:30
11100,Madgaon Lokmanya Tilak (T) Express,Madgaon,12:30
11100,Madgaon Lokmanya Tilak (T) Express,Karmali,13:04
11100,Madgaon Lokmanya Tilak (T) Express,Thivim,13:38
11100,Madgaon Lokmanya Tilak (T) Express,Sawantwadi Road,14:24
11100,Madgaon Lokmanya Tilak (T) Express,Ratnagiri,17:15
11100,Madgaon Lokmanya Tilak (T) Express,Chiplun,18:24
11100,Madgaon Lokmanya Tilak (T) Express,Panvel,21:40
11100,Madgaon Lokmanya Tilak (T) Express,Lokmanya Tilak (T),23:45
10106,Sawantwadi Road Diva Express,Sawantwadi Road,08:25
10106,Sawantwadi Road Diva Express,Kudal,08:48
10106,Sawantwadi Road Diva Express,Ratnagiri,12:15
10106,Sawantwadi Road Diva Express,Chiplun,13:47
10106,Sawantwadi Road Diva Express,Panvel,18:50
10106,Sawantwadi Road Diva Express,Lokmanya Tilak (T),20:10
10108,Mangaluru Central Madgaon Express,Mangaluru Central,15:30
10108,Mangaluru Central Madgaon Express,Mangaluru Jn.,15:42
10108,Mangaluru Central Madgaon Express,Suratkal,16:34
10108,Mangaluru Central Madgaon Express,Udupi,17:11
10108,Mangaluru Central Madgaon Express,Kundapura,17:41
10108,Mangaluru Central Madgaon Express,Bhatkal,18:23
10108,Mangaluru Central Madgaon Express,Karwar,20:16
10108,Mangaluru Central Madgaon Express,Canacona,20:51
10108,Mangaluru Central Madgaon Express,Madgaon,22:20
16355,Kochuveli Mangaluru Jn. Antyodaya Express,Thiruvanthapuram d North,21:25
16355,Kochuveli Mangaluru Jn. Antyodaya Express,Kollam Jn.,22:25
16355,Kochuveli Mangaluru Jn. Antyodaya Express,Alappuzha,23:50
16355,Kochuveli Mangaluru Jn. Antyodaya Express,Ernakulam Jn.,00:45
16355,Kochuveli Mangaluru Jn. Antyodaya Express,Thrisur,02:05
16355,Kochuveli Mangaluru Jn. Antyodaya Express,Shoranur Jn.,03:05
16355,Kochuveli Mangaluru Jn. Antyodaya Express,Tirur,03:45
16355,Kochuveli Mangaluru Jn. Antyodaya Express,Kozhikode,04:30
16355,Kochuveli Mangaluru Jn. Antyodaya Express,Kannur,06:10
16355,Kochuveli Mangaluru Jn. Antyodaya Express,Kasaragod,07:30
16355,Kochuveli Mangaluru Jn. Antyodaya Express,Mangaluru Jn.,09:15
20634,Thiruvananthapu- ram Kasaragod Vande Bharat Express,Thiruvananthapuram,05:15
20634,Thiruvananthapu- ram Kasaragod Vande Bharat Express,Kollam Jn.,06:05
20634,Thiruvananthapu- ram Kasaragod Vande Bharat Express,Kottayam,07:27
20634,Thiruvananthapu- ram Kasaragod Vande Bharat Express,Ernakulam Town,08:28
20634,Thiruvananthapu- ram Kasaragod Vande Bharat Express,Thrisur,09:33
20634,Thiruvananthapu- ram Kasaragod Vande Bharat Express,Shoranur Jn.,10:04
20634,Thiruvananthapu- ram Kasaragod Vande Bharat Express,Kozhikode,11:05
20634,Thiruvananthapu- ram Kasaragod Vande Bharat Express,Kannur,12:05
20634,Thiruvananthapu- ram Kasaragod Vande Bharat Express,Kasaragod,13:20
22230,Madgaon CSMT Vande Bharat Express,Madgaon,14:40
22230,Madgaon CSMT Vande Bharat Express,Thivim,15:22
22230,Madgaon CSMT Vande Bharat Express,Ratnagiri,17:40
22230,Madgaon CSMT Vande Bharat Express,Panvel,20:50
22230,Madgaon CSMT Vande Bharat Express,Dadar,22:07
22230,Madgaon CSMT Vande Bharat Express,Mumbai CSMT,22:30
16585,SMVB Murdeshwar Express (via MAQ),Kasaragod,19:45
16585,SMVB Murdeshwar Express (via MAQ),Mysuru,23:40
16585,SMVB Murdeshwar Express (via MAQ),Hassan,02:05
16585,SMVB Murdeshwar Express (via MAQ),Mangaluru Central,08:40
16585,SMVB Murdeshwar Express (via MAQ),Suratkal,09:50
16585,SMVB Murdeshwar Express (via MAQ),Udupi,10:42
16585,SMVB Murdeshwar Express (via MAQ),Kundapura,11:16
16585,SMVB Murdeshwar Express (via MAQ),Bhatkal,12:02
16585,SMVB Murdeshwar Express (via MAQ),Karwar,12:55
1140,Madgaon Nagpur Special,Madgaon,20:00
1140,Madgaon Nagpur Special,Karmali,20:34
1140,Madgaon Nagpur Special,Thivim,20:56
1140,Madgaon Nagpur Special,Sawantwadi Road,21:50
1140,Madgaon Nagpur Special,Kudal,22:12
1140,Madgaon Nagpur Special,Ratnagiri,00:35
1140,Madgaon Nagpur Special,Chiplun,02:02
1140,Madgaon Nagpur Special,Panvel,06:23
1140,Madgaon Nagpur Special,Vadodara,21:30
10116,Madgaon Bandra (T) Express,Madgaon,07:40
10116,Madgaon Bandra (T) Express,Karmali,08:12
10116,Madgaon Bandra (T) Express,Thivim,08:34
10116,Madgaon Bandra (T) Express,Sawantwadi Road,09:02
10116,Madgaon Bandra (T) Express,Ratnagiri,13:25
10116,Madgaon Bandra (T) Express,Chiplun,15:22
10116,Madgaon Bandra (T) Express,Panvel,20:00
10116,Madgaon Bandra (T) Express,Vasai Road,22:15
10116,Madgaon Bandra (T) Express,Vadodara,23:40
12789,Kacheguda Murdeshwar Express (via MAQ),Nagercoil Jn.,06:05
12789,Kacheguda Murdeshwar Express (via MAQ),Shoranur Jn.,03:30
12789,Kacheguda Murdeshwar Express (via MAQ),Tirur,04:10
12789,Kacheguda Murdeshwar Express (via MAQ),Kozhikode,04:55
12789,Kacheguda Murdeshwar Express (via MAQ),Vadakara,05:30
12789,Kacheguda Murdeshwar Express (via MAQ),Thalassery,05:50
12789,Kacheguda Murdeshwar Express (via MAQ),Kannur,06:20
12789,Kacheguda Murdeshwar Express (via MAQ),Kasaragod,07:45
12789,Kacheguda Murdeshwar Express (via MAQ),Mangaluru Central,09:40
12789,Kacheguda Murdeshwar Express (via MAQ),Suratkal,10:34
12789,Kacheguda Murdeshwar Express (via MAQ),Udupi,11:42
12789,Kacheguda Murdeshwar Express (via MAQ),Kundapura,12:12
12789,Kacheguda Murdeshwar Express (via MAQ),Bhatkal,13:42
12789,Kacheguda Murdeshwar Express (via MAQ),Karwar,14:05
22113,Lokmanya Tilak (T) Kochuveli Express,Lokmanya Tilak (T),16:45
22113,Lokmanya Tilak (T) Kochuveli Express,Panvel,17:55
22113,Lokmanya Tilak (T) Kochuveli Express,Chiplun,21:32
22113,Lokmanya Tilak (T) Kochuveli Express,Ratnagiri,23:35
22113,Lokmanya Tilak (T) Kochuveli Express,Madgaon,04:10
22113,Lokmanya Tilak (T) Kochuveli Express,Karwar,05:04
22113,Lokmanya Tilak (T) Kochuveli Express,Bhatkal,07:04
22113,Lokmanya Tilak (T) Kochuveli Express,Kundapura,08:22
22113,Lokmanya Tilak (T) Kochuveli Express,Udupi,08:52
22113,Lokmanya Tilak (T) Kochuveli Express,Mangaluru Jn.,10:30
22113,Lokmanya Tilak (T) Kochuveli Express,Kasaragod,11:10
22113,Lokmanya Tilak (T) Kochuveli Express,Kannur,12:20
22113,Lokmanya Tilak (T) Kochuveli Express,Thalassery,12:40
22113,Lokmanya Tilak (T) Kochuveli Express,Kozhikode,13:55
22113,Lokmanya Tilak (T) Kochuveli Express,Tirur,14:30
22113,Lokmanya Tilak (T) Kochuveli Express,Shoranur Jn.,15:35
22113,Lokmanya Tilak (T) Kochuveli Express,Thrisur,16:20
22113,Lokmanya Tilak (T) Kochuveli Express,Ernakulam Town,17:45
22113,Lokmanya Tilak (T) Kochuveli Express,Kottayam,18:58
22113,Lokmanya Tilak (T) Kochuveli Express,Kollam Jn.,21:00
22113,Lokmanya Tilak (T) Kochuveli Express,Thiruvanthapuram North,22:45
12051,Mumbai CSMT Madgaon Jan Shatabdi Express,Mumbai CSMT,05:10
12051,Mumbai CSMT Madgaon Jan Shatabdi Express,Dadar,05:20
12051,Mumbai CSMT Madgaon Jan Shatabdi Express,Panvel,06:25
12051,Mumbai CSMT Madgaon Jan Shatabdi Express,Chiplun,10:02
12051,Mumbai CSMT Madgaon Jan Shatabdi Express,Ratnagiri,11:25
12051,Mumbai CSMT Madgaon Jan Shatabdi Express,Kudal,14:22
12051,Mumbai CSMT Madgaon Jan Shatabdi Express,Sawantwadi Road,14:44
12051,Mumbai CSMT Madgaon Jan Shatabdi Express,Thivim,15:02
12051,Mumbai CSMT Madgaon Jan Shatabdi Express,Madgaon,16:40
10103,Mumbai CSMT Madgon Mandovi Express,Mumbai CSMT,07:10
10103,Mumbai CSMT Madgon Mandovi Express,Dadar,07:25
10103,Mumbai CSMT Madgon Mandovi Express,Panvel,08:35
10103,Mumbai CSMT Madgon Mandovi Express,Chiplun,12:30
10103,Mumbai CSMT Madgon Mandovi Express,Ratnagiri,14:50
10103,Mumbai CSMT Madgon Mandovi Express,Kudal,18:16
10103,Mumbai CSMT Madgon Mandovi Express,Sawantwadi Road,19:02
10103,Mumbai CSMT Madgon Mandovi Express,Thivim,19:48
10103,Mumbai CSMT Madgon Mandovi Express,Karmali,20:22
10103,Mumbai CSMT Madgon Mandovi Express,Madgaon,21:55
22656,Nizamud- din Ernakulam Express,Vadodara,18:20
22656,Nizamud- din Ernakulam Express,Surat,19:58
22656,Nizamud- din Ernakulam Express,Vasai Road,22:45
22656,Nizamud- din Ernakulam Express,Panvel,00:31
22656,Nizamud- din Ernakulam Express,Ratnagiri,06:55
22656,Nizamud- din Ernakulam Express,Karmali,11:02
22656,Nizamud- din Ernakulam Express,Madgaon,12:40
22656,Nizamud- din Ernakulam Express,Karwar,13:30
22656,Nizamud- din Ernakulam Express,Kundapura,16:02
22656,Nizamud- din Ernakulam Express,Udupi,16:32
22656,Nizamud- din Ernakulam Express,Mangaluru Jn.,18:20
22656,Nizamud- din Ernakulam Express,Kannur,19:45
22656,Nizamud- din Ernakulam Express,Kozhikode,21:10
22656,Nizamud- din Ernakulam Express,Shoranur Jn.,23:20
22656,Nizamud- din Ernakulam Express,Thrisur,00:20
22656,Nizamud- din Ernakulam Express,Ernakulam Jn d ,02:35
22654,Nizamud- din Thiruva- nanthatu- puram (via Kottayam),Vadodara,18:20
22654,Nizamud- din Thiruva- nanthatu- puram (via Kottayam),Surat,19:58
22654,Nizamud- din Thiruva- nanthatu- puram (via Kottayam),Vasai Road,22:45
22654,Nizamud- din Thiruva- nanthatu- puram (via Kottayam),Panvel,00:31
22654,Nizamud- din Thiruva- nanthatu- puram (via Kottayam),Ratnagiri,06:55
22654,Nizamud- din Thiruva- nanthatu- puram (via Kottayam),Karmali,11:02
22654,Nizamud- din Thiruva- nanthatu- puram (via Kottayam),Madgaon,12:40
22654,Nizamud- din Thiruva- nanthatu- puram (via Kottayam),Karwar,13:30
22654,Nizamud- din Thiruva- nanthatu- puram (via Kottayam),Kundapura,16:02
22654,Nizamud- din Thiruva- nanthatu- puram (via Kottayam),Udupi,16:32
22654,Nizamud- din Thiruva- nanthatu- puram (via Kottayam),Mangaluru Jn.,18:20
22654,Nizamud- din Thiruva- nanthatu- puram (via Kottayam),Kannur,19:45
22654,Nizamud- din Thiruva- nanthatu- puram (via Kottayam),Kozhikode,21:10
22654,Nizamud- din Thiruva- nanthatu- puram (via Kottayam),Shoranur Jn.,23:20
22654,Nizamud- din Thiruva- nanthatu- puram (via Kottayam),Thrisur,00:20
22654,Nizamud- din Thiruva- nanthatu- puram (via Kottayam),Ernakulam Town,01:50
22654,Nizamud- din Thiruva- nanthatu- puram (via Kottayam),Kottayam,02:58
22654,Nizamud- din Thiruva- nanthatu- puram (via Kottayam),Kollam Jn.,04:50
22654,Nizamud- din Thiruva- nanthatu- puram (via Kottayam),Thiruvananthapuram Central d ,06:40
12618,Nizamuddin Ernakulam Mangala Lakshad- weep Express,Panvel,06:35
12618,Nizamuddin Ernakulam Mangala Lakshad- weep Express,Chiplun,11:02
12618,Nizamuddin Ernakulam Mangala Lakshad- weep Express,Ratnagiri,12:45
12618,Nizamuddin Ernakulam Mangala Lakshad- weep Express,Thivim,16:32
12618,Nizamuddin Ernakulam Mangala Lakshad- weep Express,Madgaon,18:00
12618,Nizamuddin Ernakulam Mangala Lakshad- weep Express,Karwar,19:02
12618,Nizamuddin Ernakulam Mangala Lakshad- weep Express,Bhatkal,20:50
12618,Nizamuddin Ernakulam Mangala Lakshad- weep Express,Kundapura,21:42
12618,Nizamuddin Ernakulam Mangala Lakshad- weep Express,Udupi,22:15
12618,Nizamuddin Ernakulam Mangala Lakshad- weep Express,Mangaluru Jn.,23:40
12618,Nizamuddin Ernakulam Mangala Lakshad- weep Express,Kasaragod,00:35
12618,Nizamuddin Ernakulam Mangala Lakshad- weep Express,Kannur,02:10
12618,Nizamuddin Ernakulam Mangala Lakshad- weep Express,Thalassery,02:30
12618,Nizamuddin Ernakulam Mangala Lakshad- weep Express,Vadakara d ,02:50
12618,Nizamuddin Ernakulam Mangala Lakshad- weep Express,Kozhikode,03:35
12618,Nizamuddin Ernakulam Mangala Lakshad- weep Express,Tirur,04:30
12618,Nizamuddin Ernakulam Mangala Lakshad- weep Express,Shoranur Jn.,05:30
12618,Nizamuddin Ernakulam Mangala Lakshad- weep Express,Thrisur,06:13
12618,Nizamuddin Ernakulam Mangala Lakshad- weep Express,Aluva d ,07:03
12618,Nizamuddin Ernakulam Mangala Lakshad- weep Express,Ernakulam Jn d ,08:00
16345,Lokmanya Tilak (T) Thiruvanan- thapuram Netravati Express,Lokmanya Tilak (T),11:40
16345,Lokmanya Tilak (T) Thiruvanan- thapuram Netravati Express,Panvel,12:50
16345,Lokmanya Tilak (T) Thiruvanan- thapuram Netravati Express,Chiplun,16:22
16345,Lokmanya Tilak (T) Thiruvanan- thapuram Netravati Express,Ratnagiri,18:35
16345,Lokmanya Tilak (T) Thiruvanan- thapuram Netravati Express,Kudal,20:58
16345,Lokmanya Tilak (T) Thiruvanan- thapuram Netravati Express,Thivim,21:42
16345,Lokmanya Tilak (T) Thiruvanan- thapuram Netravati Express,Karmali,22:07
16345,Lokmanya Tilak (T) Thiruvanan- thapuram Netravati Express,Madgaon,23:55
16345,Lokmanya Tilak (T) Thiruvanan- thapuram Netravati Express,Canacona,00:27
16345,Lokmanya Tilak (T) Thiruvanan- thapuram Netravati Express,Karwar,01:02
16345,Lokmanya Tilak (T) Thiruvanan- thapuram Netravati Express,Bhatkal,02:44
16345,Lokmanya Tilak (T) Thiruvanan- thapuram Netravati Express,Kundapura,03:32
16345,Lokmanya Tilak (T) Thiruvanan- thapuram Netravati Express,Udupi,04:02
16345,Lokmanya Tilak (T) Thiruvanan- thapuram Netravati Express,Suratkal,05:04
16345,Lokmanya Tilak (T) Thiruvanan- thapuram Netravati Express,Mangaluru Jn.,05:50
16345,Lokmanya Tilak (T) Thiruvanan- thapuram Netravati Express,Kasaragod,06:35
16345,Lokmanya Tilak (T) Thiruvanan- thapuram Netravati Express,Kannur,08:10
16345,Lokmanya Tilak (T) Thiruvanan- thapuram Netravati Express,Thalassery,08:30
16345,Lokmanya Tilak (T) Thiruvanan- thapuram Netravati Express,Vadakara d ,09:00
16345,Lokmanya Tilak (T) Thiruvanan- thapuram Netravati Express,Kozhikode,09:45
16345,Lokmanya Tilak (T) Thiruvanan- thapuram Netravati Express,Tirur,10:30
16345,Lokmanya Tilak (T) Thiruvanan- thapuram Netravati Express,Shoranur Jn.,12:05
16345,Lokmanya Tilak (T) Thiruvanan- thapuram Netravati Express,Thrisur,12:53
16345,Lokmanya Tilak (T) Thiruvanan- thapuram Netravati Express,Aluva d ,13:50
16345,Lokmanya Tilak (T) Thiruvanan- thapuram Netravati Express,Ernakulam Jn d ,14:20
16345,Lokmanya Tilak (T) Thiruvanan- thapuram Netravati Express,Alappuzha,15:35
16345,Lokmanya Tilak (T) Thiruvanan- thapuram Netravati Express,Kollam Jn.,17:40
16345,Lokmanya Tilak (T) Thiruvanan- thapuram Netravati Express,Thiruvananthapuram Central d ,19:35
12619,Lokmanya Tilak (T) Mangaluru Central Mat- syagandha Express,Lokmanya Tilak (T),15:20
12619,Lokmanya Tilak (T) Mangaluru Central Mat- syagandha Express,Panvel,16:25
12619,Lokmanya Tilak (T) Mangaluru Central Mat- syagandha Express,Chiplun,20:02
12619,Lokmanya Tilak (T) Mangaluru Central Mat- syagandha Express,Ratnagiri,21:35
12619,Lokmanya Tilak (T) Mangaluru Central Mat- syagandha Express,Kudal,23:50
12619,Lokmanya Tilak (T) Mangaluru Central Mat- syagandha Express,Madgaon,02:35
12619,Lokmanya Tilak (T) Mangaluru Central Mat- syagandha Express,Karwar,03:38
12619,Lokmanya Tilak (T) Mangaluru Central Mat- syagandha Express,Bhatkal,05:52
12619,Lokmanya Tilak (T) Mangaluru Central Mat- syagandha Express,Kundapura,07:02
12619,Lokmanya Tilak (T) Mangaluru Central Mat- syagandha Express,Udupi,07:32
12619,Lokmanya Tilak (T) Mangaluru Central Mat- syagandha Express,Suratkal,08:34
12619,Lokmanya Tilak (T) Mangaluru Central Mat- syagandha Express,Mangaluru Central a ,10:20
16335,Gandhi- dham Nagercoil Express,Gandhidham,10:35
16335,Gandhi- dham Nagercoil Express,Samakhiyali,11:30
16335,Gandhi- dham Nagercoil Express,Dhrangadhra,12:50
16335,Gandhi- dham Nagercoil Express,Viramgam,14:07
16335,Gandhi- dham Nagercoil Express,Ahmedabad,15:20
16335,Gandhi- dham Nagercoil Express,Anand,16:43
16335,Gandhi- dham Nagercoil Express,Vadodara,17:22
16335,Gandhi- dham Nagercoil Express,Surat,19:34
16335,Gandhi- dham Nagercoil Express,Valsad,20:25
16335,Gandhi- dham Nagercoil Express,Vasai Road,22:30
16335,Gandhi- dham Nagercoil Express,Panvel,00:05
16335,Gandhi- dham Nagercoil Express,Chiplun,03:30
16335,Gandhi- dham Nagercoil Express,Ratnagiri,05:15
16335,Gandhi- dham Nagercoil Express,Sawantwadi Road,08:20
16335,Gandhi- dham Nagercoil Express,Madgaon,10:50
16335,Gandhi- dham Nagercoil Express,Canacona,11:20
16335,Gandhi- dham Nagercoil Express,Karwar,11:52
16335,Gandhi- dham Nagercoil Express,Kundapura,14:42
16335,Gandhi- dham Nagercoil Express,Udupi,15:32
16335,Gandhi- dham Nagercoil Express,Suratkal,16:14
16335,Gandhi- dham Nagercoil Express,Mangaluru Jn.,18:00
16335,Gandhi- dham Nagercoil Express,Kasaragod,18:40
16335,Gandhi- dham Nagercoil Express,Kannur,20:05
16335,Gandhi- dham Nagercoil Express,Thalassery,20:25
16335,Gandhi- dham Nagercoil Express,Vadakara d ,20:55
16335,Gandhi- dham Nagercoil Express,Kozhikode,21:40
16335,Gandhi- dham Nagercoil Express,Tirur,22:35
16335,Gandhi- dham Nagercoil Express,Shoranur Jn.,23:55
16335,Gandhi- dham Nagercoil Express,Thrisur,00:48
16335,Gandhi- dham Nagercoil Express,Aluva d ,01:40
16335,Gandhi- dham Nagercoil Express,Ernakulam Town,02:10
16335,Gandhi- dham Nagercoil Express,Kottayam,03:18
16335,Gandhi- dham Nagercoil Express,Kollam Jn.,05:20
16335,Gandhi- dham Nagercoil Express,Thiruvananthapuram Central d ,07:00
16335,Gandhi- dham Nagercoil Express,Nagercoil Jn a ,09:40
16333,Veraval Thiruva- nantha- puram Express,Veraval,06:50
16333,Veraval Thiruva- nantha- puram Express,Rajkot,10:55
16333,Veraval Thiruva- nantha- puram Express,Surendranagar,12:52
16333,Veraval Thiruva- nantha- puram Express,Viramgam,14:07
16333,Veraval Thiruva- nantha- puram Express,Ahmedabad,15:20
16333,Veraval Thiruva- nantha- puram Express,Anand,16:43
16333,Veraval Thiruva- nantha- puram Express,Vadodara,17:22
16333,Veraval Thiruva- nantha- puram Express,Surat,19:34
16333,Veraval Thiruva- nantha- puram Express,Valsad,20:25
16333,Veraval Thiruva- nantha- puram Express,Vasai Road,22:30
16333,Veraval Thiruva- nantha- puram Express,Panvel,00:05
16333,Veraval Thiruva- nantha- puram Express,Ratnagiri,05:15
16333,Veraval Thiruva- nantha- puram Express,Kudal,08:02
16333,Veraval Thiruva- nantha- puram Express,Karmali,09:40
16333,Veraval Thiruva- nantha- puram Express,Madgaon,10:50
16333,Veraval Thiruva- nantha- puram Express,Karwar,11:52
16333,Veraval Thiruva- nantha- puram Express,Kundapura,14:42
16333,Veraval Thiruva- nantha- puram Express,Udupi,15:32
16333,Veraval Thiruva- nantha- puram Express,Mangaluru Jn.,18:00
16333,Veraval Thiruva- nantha- puram Express,Kasaragod,18:40
16333,Veraval Thiruva- nantha- puram Express,Kannur,20:05
16333,Veraval Thiruva- nantha- puram Express,Thalassery,20:25
16333,Veraval Thiruva- nantha- puram Express,Vadakara d ,20:55
16333,Veraval Thiruva- nantha- puram Express,Kozhikode,21:40
16333,Veraval Thiruva- nantha- puram Express,Tirur,22:35
16333,Veraval Thiruva- nantha- puram Express,Shoranur Jn.,23:55
16333,Veraval Thiruva- nantha- puram Express,Thrisur,00:48
16333,Veraval Thiruva- nantha- puram Express,Aluva d ,01:40
16333,Veraval Thiruva- nantha- puram Express,Ernakulam Town,02:10
16333,Veraval Thiruva- nantha- puram Express,Kottayam,03:18
16333,Veraval Thiruva- nantha- puram Express,Kollam Jn.,05:20
16333,Veraval Thiruva- nantha- puram Express,Thiruvananthapuram Central d ,07:15
16337,Okha Ernakulam Express,Okha,06:45
16337,Okha Ernakulam Express,Hapa,09:32
16337,Okha Ernakulam Express,Rajkot,11:05
16337,Okha Ernakulam Express,Surendranagar,12:52
16337,Okha Ernakulam Express,Viramgam,14:07
16337,Okha Ernakulam Express,Ahmedabad,15:20
16337,Okha Ernakulam Express,Anand,16:43
16337,Okha Ernakulam Express,Vadodara,17:22
16337,Okha Ernakulam Express,Surat,19:34
16337,Okha Ernakulam Express,Valsad,20:25
16337,Okha Ernakulam Express,Vasai Road,22:30
16337,Okha Ernakulam Express,Panvel,00:05
16337,Okha Ernakulam Express,Ratnagiri,05:15
16337,Okha Ernakulam Express,Thivim,09:02
16337,Okha Ernakulam Express,Madgaon,10:50
16337,Okha Ernakulam Express,Karwar,11:52
16337,Okha Ernakulam Express,Bhatkal,13:58
16337,Okha Ernakulam Express,Kundapura,14:42
16337,Okha Ernakulam Express,Udupi,15:32
16337,Okha Ernakulam Express,Suratkal,16:14
16337,Okha Ernakulam Express,Mangaluru Jn.,18:00
16337,Okha Ernakulam Express,Kasaragod,18:40
16337,Okha Ernakulam Express,Kannur,20:05
16337,Okha Ernakulam Express,Thalassery,20:25
16337,Okha Ernakulam Express,Vadakara d ,20:55
16337,Okha Ernakulam Express,Kozhikode,21:40
16337,Okha Ernakulam Express,Tirur,22:35
16337,Okha Ernakulam Express,Shoranur Jn.,23:55
16337,Okha Ernakulam Express,Thrisur,00:48
16337,Okha Ernakulam Express,Aluva d ,01:40
16337,Okha Ernakulam Express,Ernakulam Jn d ,02:50
16311,Sri Ganga- nagar Kochuveli Express,Ahmedabad,07:35
16311,Sri Ganga- nagar Kochuveli Express,Anand,08:55
16311,Sri Ganga- nagar Kochuveli Express,Vadodara,09:32
16311,Sri Ganga- nagar Kochuveli Express,Surat,11:22
16311,Sri Ganga- nagar Kochuveli Express,Vasai Road,14:10
16311,Sri Ganga- nagar Kochuveli Express,Panvel,15:35
16311,Sri Ganga- nagar Kochuveli Express,Ratnagiri,20:35
16311,Sri Ganga- nagar Kochuveli Express,Kudal,23:02
16311,Sri Ganga- nagar Kochuveli Express,Thivim,23:52
16311,Sri Ganga- nagar Kochuveli Express,Madgaon,01:55
16311,Sri Ganga- nagar Kochuveli Express,Kundapura,05:50
16311,Sri Ganga- nagar Kochuveli Express,Udupi,06:46
16311,Sri Ganga- nagar Kochuveli Express,Mangaluru Jn.,09:20
16311,Sri Ganga- nagar Kochuveli Express,Kasaragod,10:05
16311,Sri Ganga- nagar Kochuveli Express,Kannur,11:30
16311,Sri Ganga- nagar Kochuveli Express,Kozhikode,12:55
16311,Sri Ganga- nagar Kochuveli Express,Tirur,13:30
16311,Sri Ganga- nagar Kochuveli Express,Shoranur Jn.,15:05
16311,Sri Ganga- nagar Kochuveli Express,Thrisur,16:20
16311,Sri Ganga- nagar Kochuveli Express,Aluva d ,17:05
16311,Sri Ganga- nagar Kochuveli Express,Ernakulam Town,17:45
16311,Sri Ganga- nagar Kochuveli Express,Kottayam,18:58
16311,Sri Ganga- nagar Kochuveli Express,Kollam Jn.,21:00
16311,Sri Ganga- nagar Kochuveli Express,Thiruvanthapuram North,22:45
19260,Bhavnagar Kochuveli Express,Bhavnagar,10:15
19260,Bhavnagar Kochuveli Express,Ahmedabad,15:20
19260,Bhavnagar Kochuveli Express,Anand,16:43
19260,Bhavnagar Kochuveli Express,Vadodara,17:22
19260,Bhavnagar Kochuveli Express,Surat,19:34
19260,Bhavnagar Kochuveli Express,Vasai Road,22:30
19260,Bhavnagar Kochuveli Express,Panvel,00:05
19260,Bhavnagar Kochuveli Express,Chiplun,03:30
19260,Bhavnagar Kochuveli Express,Ratnagiri,05:15
19260,Bhavnagar Kochuveli Express,Thivim,09:02
19260,Bhavnagar Kochuveli Express,Madgaon,10:50
19260,Bhavnagar Kochuveli Express,Karwar,11:52
19260,Bhavnagar Kochuveli Express,Udupi,15:32
19260,Bhavnagar Kochuveli Express,Mangaluru Jn.,18:00
19260,Bhavnagar Kochuveli Express,Kasaragod,18:40
19260,Bhavnagar Kochuveli Express,Kannur,20:05
19260,Bhavnagar Kochuveli Express,Thalassery,20:25
19260,Bhavnagar Kochuveli Express,Vadakara d ,20:55
19260,Bhavnagar Kochuveli Express,Kozhikode,21:40
19260,Bhavnagar Kochuveli Express,Tirur,22:35
19260,Bhavnagar Kochuveli Express,Shoranur Jn.,23:55
19260,Bhavnagar Kochuveli Express,Thrisur,00:48
19260,Bhavnagar Kochuveli Express,Aluva d ,01:40
19260,Bhavnagar Kochuveli Express,Ernakulam Town,02:10
19260,Bhavnagar Kochuveli Express,Kottayam,03:18
19260,Bhavnagar Kochuveli Express,Kollam Jn.,05:20
19260,Bhavnagar Kochuveli Express,Thiruvanthapuram North,07:10
22634,Nizamudin Thiruva- nantha- puram Express,Vadodara,10:57
22634,Nizamudin Thiruva- nantha- puram Express,Surat,12:42
22634,Nizamudin Thiruva- nantha- puram Express,Vasai Road,15:30
22634,Nizamudin Thiruva- nantha- puram Express,Panvel,17:00
22634,Nizamudin Thiruva- nantha- puram Express,Chiplun,20:24
22634,Nizamudin Thiruva- nantha- puram Express,Ratnagiri,22:10
22634,Nizamudin Thiruva- nantha- puram Express,Madgaon,03:20
22634,Nizamudin Thiruva- nantha- puram Express,Karwar,04:20
22634,Nizamudin Thiruva- nantha- puram Express,Udupi,08:02
22634,Nizamudin Thiruva- nantha- puram Express,Mangaluru Jn.,09:50
22634,Nizamudin Thiruva- nantha- puram Express,Kasaragod,10:30
22634,Nizamudin Thiruva- nantha- puram Express,Kannur,11:50
22634,Nizamudin Thiruva- nantha- puram Express,Kozhikode,13:15
22634,Nizamudin Thiruva- nantha- puram Express,Shoranur Jn.,15:05
22634,Nizamudin Thiruva- nantha- puram Express,Thrisur,16:00
22634,Nizamudin Thiruva- nantha- puram Express,Aluva d ,17:00
22634,Nizamudin Thiruva- nantha- puram Express,Ernakulam Jn d ,18:15
22634,Nizamudin Thiruva- nantha- puram Express,Alappuzha,19:35
22634,Nizamudin Thiruva- nantha- puram Express,Kollam Jn.,21:45
22634,Nizamudin Thiruva- nantha- puram Express,Thiruvananthapuram Central d ,23:20
12978,Ajmer Ernakulam Marusagar Express,Vadodara,23:29
12978,Ajmer Ernakulam Marusagar Express,Surat,01:15
12978,Ajmer Ernakulam Marusagar Express,Vasai Road,04:05
12978,Ajmer Ernakulam Marusagar Express,Panvel,05:40
12978,Ajmer Ernakulam Marusagar Express,Ratnagiri,10:45
12978,Ajmer Ernakulam Marusagar Express,Thivim,14:22
12978,Ajmer Ernakulam Marusagar Express,Madgaon,16:00
12978,Ajmer Ernakulam Marusagar Express,Karwar,16:52
12978,Ajmer Ernakulam Marusagar Express,Bhatkal,18:32
12978,Ajmer Ernakulam Marusagar Express,Kundapura,19:20
12978,Ajmer Ernakulam Marusagar Express,Udupi,19:58
12978,Ajmer Ernakulam Marusagar Express,Mangaluru Jn.,21:50
12978,Ajmer Ernakulam Marusagar Express,Kasaragod,22:35
12978,Ajmer Ernakulam Marusagar Express,Kannur,23:45
12978,Ajmer Ernakulam Marusagar Express,Kozhikode,01:00
12978,Ajmer Ernakulam Marusagar Express,Tirur,01:40
12978,Ajmer Ernakulam Marusagar Express,Shoranur Jn.,02:45
12978,Ajmer Ernakulam Marusagar Express,Thrisur,03:33
12978,Ajmer Ernakulam Marusagar Express,Aluva,04:25
12978,Ajmer Ernakulam Marusagar Express,Ernakulam Jn.,05:45
16516,Karwar Yesvantpur Express,Karwar,05:30
16516,Karwar Yesvantpur Express,Bhatkal,07:08
16516,Karwar Yesvantpur Express,Kundapura,08:16
16516,Karwar Yesvantpur Express,Udupi,08:40
16516,Karwar Yesvantpur Express,Suratkal,09:42
16516,Karwar Yesvantpur Express,Mangaluru Jn.,11:30
16516,Karwar Yesvantpur Express,Hassan,17:05
16516,Karwar Yesvantpur Express,Yesvantpur,20:50
11003,Dadar Sawantwadi Road Tutari Express,Dadar,00:05
11003,Dadar Sawantwadi Road Tutari Express,Panvel,01:15
11003,Dadar Sawantwadi Road Tutari Express,Chiplun,05:42
11003,Dadar Sawantwadi Road Tutari Express,Ratnagiri,09:05
11003,Dadar Sawantwadi Road Tutari Express,Kudal,11:54
11003,Dadar Sawantwadi Road Tutari Express,Sawantwadi Road,12:50
22908,Hapa Madgaon Express,Hapa,21:40
22908,Hapa Madgaon Express,Rajkot,23:00
22908,Hapa Madgaon Express,Surendranagar,00:39
22908,Hapa Madgaon Express,Viramgam,01:47
22908,Hapa Madgaon Express,Ahmedabad,03:00
22908,Hapa Madgaon Express,Anand,04:20
22908,Hapa Madgaon Express,Vadodara,05:01
22908,Hapa Madgaon Express,Surat,07:02
22908,Hapa Madgaon Express,Vasai Road,10:00
22908,Hapa Madgaon Express,Panvel,11:30
22908,Hapa Madgaon Express,Ratnagiri,17:00
22908,Hapa Madgaon Express,Kudal,19:52
22908,Hapa Madgaon Express,Thivim,21:12
22908,Hapa Madgaon Express,Madgaon,22:50
22119,Mumbai CSMT Karmali Tejas Express,Mumbai CSMT,05:50
22119,Mumbai CSMT Karmali Tejas Express,Dadar,06:02
22119,Mumbai CSMT Karmali Tejas Express,Panvel,07:00
22119,Mumbai CSMT Karmali Tejas Express,Chiplun,10:27
22119,Mumbai CSMT Karmali Tejas Express,Ratnagiri,12:05
22119,Mumbai CSMT Karmali Tejas Express,Kudal,15:02
22119,Mumbai CSMT Karmali Tejas Express,Karmali,16:22
22119,Mumbai CSMT Karmali Tejas Express,Madgaon,17:20
12223,Lokmanya Tilak (T) Ernakulam AC Duronto Express,Lokmanya Tilak (T),20:45
12223,Lokmanya Tilak (T) Ernakulam AC Duronto Express,Panvel,21:46
12223,Lokmanya Tilak (T) Ernakulam AC Duronto Express,Ratnagiri,02:25
12223,Lokmanya Tilak (T) Ernakulam AC Duronto Express,Madgaon,06:30
12223,Lokmanya Tilak (T) Ernakulam AC Duronto Express,Mangaluru Jn.,12:20
12223,Lokmanya Tilak (T) Ernakulam AC Duronto Express,Kozhikode,15:20
12223,Lokmanya Tilak (T) Ernakulam AC Duronto Express,Ernakulam Jn.,19:40
11099,Lokmanya Tilak (T) Madgaon Express,Lokmanya Tilak (T),00:45
11099,Lokmanya Tilak (T) Madgaon Express,Panvel,01:55
11099,Lokmanya Tilak (T) Madgaon Express,Chiplun,05:10
11099,Lokmanya Tilak (T) Madgaon Express,Ratnagiri,08:25
11099,Lokmanya Tilak (T) Madgaon Express,Sawantwadi Road,11:52
11099,Lokmanya Tilak (T) Madgaon Express,Thivim,13:02
11099,Lokmanya Tilak (T) Madgaon Express,Karmali,13:24
11099,Lokmanya Tilak (T) Madgaon Express,Madgaon,14:40
16596,Karwar KSR Bengaluru Express (via Padil),Karwar,18:00
16596,Karwar KSR Bengaluru Express (via Padil),Bhatkal,19:46
16596,Karwar KSR Bengaluru Express (via Padil),Kundapura,20:36
16596,Karwar KSR Bengaluru Express (via Padil),Udupi,21:08
16596,Karwar KSR Bengaluru Express (via Padil),Suratkal,21:56
16596,Karwar KSR Bengaluru Express (via Padil),Hassan,03:55
16596,Karwar KSR Bengaluru Express (via Padil),Yesvantpur,06:25
16596,Karwar KSR Bengaluru Express (via Padil),Kasaragod,07:15
16586,Murdeshwar SMVB Express (via MAQ),Madgaon,14:25
16586,Murdeshwar SMVB Express (via MAQ),Bhatkal,14:40
16586,Murdeshwar SMVB Express (via MAQ),Kundapura,15:32
16586,Murdeshwar SMVB Express (via MAQ),Udupi,16:02
16586,Murdeshwar SMVB Express (via MAQ),Suratkal,16:52
16586,Murdeshwar SMVB Express (via MAQ),Mangaluru Central,18:35
16586,Murdeshwar SMVB Express (via MAQ),Hassan,00:40
16586,Murdeshwar SMVB Express (via MAQ),Yesvantpur,06:35
16586,Murdeshwar SMVB Express (via MAQ),Kasaragod,07:15
20645,Madgaon Mangaluru Vande Bharat Express,Madgaon,17:35
20645,Madgaon Mangaluru Vande Bharat Express,Karwar,18:22
20645,Madgaon Mangaluru Vande Bharat Express,Udupi,21:14
20645,Madgaon Mangaluru Vande Bharat Express,Mangaluru Central,22:45
2198,Jabalpur Coimbatore Weekly Special,Gandhidham,23:50
2198,Jabalpur Coimbatore Weekly Special,Panvel,15:25
2198,Jabalpur Coimbatore Weekly Special,Chiplun,18:54
2198,Jabalpur Coimbatore Weekly Special,Ratnagiri,20:40
2198,Jabalpur Coimbatore Weekly Special,Kudal,23:22
2198,Jabalpur Coimbatore Weekly Special,Thivim,00:32
2198,Jabalpur Coimbatore Weekly Special,Madgaon,01:45
2198,Jabalpur Coimbatore Weekly Special,Karwar,02:52
2198,Jabalpur Coimbatore Weekly Special,Kundapura,05:52
2198,Jabalpur Coimbatore Weekly Special,Udupi,06:52
2198,Jabalpur Coimbatore Weekly Special,Mangaluru Jn.,09:30
2198,Jabalpur Coimbatore Weekly Special,Kasaragod,10:15
2198,Jabalpur Coimbatore Weekly Special,Kannur,11:40
2198,Jabalpur Coimbatore Weekly Special,Vadakara d ,12:16
2198,Jabalpur Coimbatore Weekly Special,Kozhikode,13:05
2198,Jabalpur Coimbatore Weekly Special,Tirur,13:40
2198,Jabalpur Coimbatore Weekly Special,Shoranur Jn.,14:30
2198,Jabalpur Coimbatore Weekly Special,Coimbatore,17:10
10115,Bandra (T) Madgaon Express,Gandhidham,06:50
10115,Bandra (T) Madgaon Express,Vasai Road,08:10
10115,Bandra (T) Madgaon Express,Panvel,09:57
10115,Bandra (T) Madgaon Express,Chiplun,13:27
10115,Bandra (T) Madgaon Express,Ratnagiri,16:10
10115,Bandra (T) Madgaon Express,Sawantwadi Road,19:32
10115,Bandra (T) Madgaon Express,Thivim,20:32
10115,Bandra (T) Madgaon Express,Karmali,21:02
10115,Bandra (T) Madgaon Express,Madgaon,22:40
1139,Nagpur Madgaon Special,Gandhidham,15:05
1139,Nagpur Madgaon Special,Panvel,05:40
1139,Nagpur Madgaon Special,Chiplun,08:48
1139,Nagpur Madgaon Special,Ratnagiri,10:40
1139,Nagpur Madgaon Special,Kudal,13:22
1139,Nagpur Madgaon Special,Sawantwadi Road,13:42
1139,Nagpur Madgaon Special,Thivim,14:42
1139,Nagpur Madgaon Special,Karmali,15:12
1139,Nagpur Madgaon Special,Madgaon,17:45
12432,Nizamuddin Thiruvanantha- puram Rajdhani Express,Vadodara,17:37
12432,Nizamuddin Thiruvanantha- puram Rajdhani Express,Surat,19:17
12432,Nizamuddin Thiruvanantha- puram Rajdhani Express,Vasai Road,21:45
12432,Nizamuddin Thiruvanantha- puram Rajdhani Express,Panvel,23:10
12432,Nizamuddin Thiruvanantha- puram Rajdhani Express,Ratnagiri,03:55
12432,Nizamuddin Thiruvanantha- puram Rajdhani Express,Madgaon,08:35
12432,Nizamuddin Thiruvanantha- puram Rajdhani Express,Karwar,09:28
12432,Nizamuddin Thiruvanantha- puram Rajdhani Express,Udupi,12:50
12432,Nizamuddin Thiruvanantha- puram Rajdhani Express,Mangaluru Jn.,14:10
12432,Nizamuddin Thiruvanantha- puram Rajdhani Express,Kasaragod,14:50
12432,Nizamuddin Thiruvanantha- puram Rajdhani Express,Kannur,16:10
12432,Nizamuddin Thiruvanantha- puram Rajdhani Express,Kozhikode,17:35
12432,Nizamuddin Thiruvanantha- puram Rajdhani Express,Shoranur Jn.,19:25
12432,Nizamuddin Thiruvanantha- puram Rajdhani Express,Thrisur,20:10
12432,Nizamuddin Thiruvanantha- puram Rajdhani Express,Ernakulam Jn.,21:30
12432,Nizamuddin Thiruvanantha- puram Rajdhani Express,Alappuzha,22:30
12432,Nizamuddin Thiruvanantha- puram Rajdhani Express,Kollam Jn.,00:05
12432,Nizamuddin Thiruvanantha- puram Rajdhani Express,Thiruvananthapuram Central,01:50
11097,Pune Ernakulam Poorna Express,Kudal d Pune,22:25
11097,Pune Ernakulam Poorna Express,Madgaon,13:10
11097,Pune Ernakulam Poorna Express,Karwar,14:15
11097,Pune Ernakulam Poorna Express,Bhatkal,16:20
11097,Pune Ernakulam Poorna Express,Kundapura,17:14
11097,Pune Ernakulam Poorna Express,Udupi,17:46
11097,Pune Ernakulam Poorna Express,Mangaluru Jn.,19:25
11097,Pune Ernakulam Poorna Express,Kasaragod,20:05
11097,Pune Ernakulam Poorna Express,Kannur,21:20
11097,Pune Ernakulam Poorna Express,Thalassery d ,21:40
11097,Pune Ernakulam Poorna Express,Kozhikode,22:40
11097,Pune Ernakulam Poorna Express,Tirur d ,23:15
11097,Pune Ernakulam Poorna Express,Shoranur Jn.,00:15
11097,Pune Ernakulam Poorna Express,Thrisur,00:58
11097,Pune Ernakulam Poorna Express,Aluva d ,01:52
11097,Pune Ernakulam Poorna Express,Ernakulam Jn.,03:15
12450,Chandigarh Madgoan Goa Sampark Kranti Express,Vadodara,18:30
12450,Chandigarh Madgoan Goa Sampark Kranti Express,Surat,20:11
12450,Chandigarh Madgoan Goa Sampark Kranti Express,Vasai Road,23:00
12450,Chandigarh Madgoan Goa Sampark Kranti Express,Panvel,00:45
12450,Chandigarh Madgoan Goa Sampark Kranti Express,Ratnagiri,07:30
12450,Chandigarh Madgoan Goa Sampark Kranti Express,Thivim d None,10:44
12450,Chandigarh Madgoan Goa Sampark Kranti Express,Karmali,11:22
12450,Chandigarh Madgoan Goa Sampark Kranti Express,Madgaon,13:30
20111,Mumbai CSMT Madgaon Konkan Kanya Express,Mumbai CSMT,23:02
20111,Mumbai CSMT Madgaon Konkan Kanya Express,Dadar,23:16
20111,Mumbai CSMT Madgaon Konkan Kanya Express,Panvel,00:25
20111,Mumbai CSMT Madgaon Konkan Kanya Express,Chiplun,03:58
20111,Mumbai CSMT Madgaon Konkan Kanya Express,Ratnagiri,06:05
20111,Mumbai CSMT Madgaon Konkan Kanya Express,Kudal d Pune,08:26
20111,Mumbai CSMT Madgaon Konkan Kanya Express,Sawantwadi Road d None,08:48
20111,Mumbai CSMT Madgaon Konkan Kanya Express,Thivim d None,10:08
20111,Mumbai CSMT Madgaon Konkan Kanya Express,Karmali,10:30
20111,Mumbai CSMT Madgaon Konkan Kanya Express,Madgaon,11:40
22115,Lokmanya Tilak (T) Karmali Express,Lokmanya Tilak (T),00:50
22115,Lokmanya Tilak (T) Karmali Express,Panvel,01:55
22115,Lokmanya Tilak (T) Karmali Express,Chiplun,05:05
22115,Lokmanya Tilak (T) Karmali Express,Ratnagiri,07:30
22115,Lokmanya Tilak (T) Karmali Express,Kudal d Pune,10:22
22115,Lokmanya Tilak (T) Karmali Express,Karmali,12:25
12484,Amritsar Kochuveli Express,Vadodara,01:23
12484,Amritsar Kochuveli Express,Surat,03:05
12484,Amritsar Kochuveli Express,Vasai Road,05:55
12484,Amritsar Kochuveli Express,Panvel,07:40
12484,Amritsar Kochuveli Express,Chiplun,11:20
12484,Amritsar Kochuveli Express,Ratnagiri,13:25
12484,Amritsar Kochuveli Express,Madgaon,18:35
12484,Amritsar Kochuveli Express,Udupi,23:12
12484,Amritsar Kochuveli Express,Mangaluru Jn.,01:15
12484,Amritsar Kochuveli Express,Kasaragod,01:55
12484,Amritsar Kochuveli Express,Kannur,03:10
12484,Amritsar Kochuveli Express,Kozhikode,04:35
12484,Amritsar Kochuveli Express,Shoranur Jn.,06:25
12484,Amritsar Kochuveli Express,Thrisur,07:35
12484,Amritsar Kochuveli Express,Ernakulam Jn.,09:35
12484,Amritsar Kochuveli Express,Alappuzha,10:50
12484,Amritsar Kochuveli Express,Kollam Jn.,12:45
12484,Amritsar Kochuveli Express,Thiruvanthapuram North,14:30
12218,Chandigarh Kochuveli Kerala Sampark Kranti Express,Vadodara,01:23
12218,Chandigarh Kochuveli Kerala Sampark Kranti Express,Surat,03:02
12218,Chandigarh Kochuveli Kerala Sampark Kranti Express,Vasai Road,05:55
12218,Chandigarh Kochuveli Kerala Sampark Kranti Express,Panvel,07:40
12218,Chandigarh Kochuveli Kerala Sampark Kranti Express,Ratnagiri,13:25
12218,Chandigarh Kochuveli Kerala Sampark Kranti Express,Madgaon,18:35
12218,Chandigarh Kochuveli Kerala Sampark Kranti Express,Udupi,23:12
12218,Chandigarh Kochuveli Kerala Sampark Kranti Express,Mangaluru Jn.,01:15
12218,Chandigarh Kochuveli Kerala Sampark Kranti Express,Kasaragod,01:55
12218,Chandigarh Kochuveli Kerala Sampark Kranti Express,Kannur,03:10
12218,Chandigarh Kochuveli Kerala Sampark Kranti Express,Kozhikode,04:35
12218,Chandigarh Kochuveli Kerala Sampark Kranti Express,Tirur d ,05:14
12218,Chandigarh Kochuveli Kerala Sampark Kranti Express,Shoranur Jn.,06:10
12218,Chandigarh Kochuveli Kerala Sampark Kranti Express,Thrisur,07:35
12218,Chandigarh Kochuveli Kerala Sampark Kranti Express,Ernakulam Jn.,09:35
12218,Chandigarh Kochuveli Kerala Sampark Kranti Express,Alappuzha,10:50
12218,Chandigarh Kochuveli Kerala Sampark Kranti Express,Kollam Jn.,12:45
12218,Chandigarh Kochuveli Kerala Sampark Kranti Express,Thiruvanthapuram North,14:30
20910,Porbandar Thiruvanan- thapuram Express,Porbander,18:55
20910,Porbandar Thiruvanan- thapuram Express,Jamnagar,21:07
20910,Porbandar Thiruvanan- thapuram Express,Hapa,21:23
20910,Porbandar Thiruvanan- thapuram Express,Rajkot,23:00
20910,Porbandar Thiruvanan- thapuram Express,Surendranagar,00:39
20910,Porbandar Thiruvanan- thapuram Express,Viramgam,01:47
20910,Porbandar Thiruvanan- thapuram Express,Ahmedabad,03:00
20910,Porbandar Thiruvanan- thapuram Express,Anand,04:20
20910,Porbandar Thiruvanan- thapuram Express,Vadodara,05:01
20910,Porbandar Thiruvanan- thapuram Express,Surat,07:02
20910,Porbandar Thiruvanan- thapuram Express,Vasai Road,10:00
20910,Porbandar Thiruvanan- thapuram Express,Panvel,11:30
20910,Porbandar Thiruvanan- thapuram Express,Ratnagiri,17:00
20910,Porbandar Thiruvanan- thapuram Express,Madgaon,23:00
20910,Porbandar Thiruvanan- thapuram Express,Karwar,23:52
20910,Porbandar Thiruvanan- thapuram Express,Udupi,02:52
20910,Porbandar Thiruvanan- thapuram Express,Mangaluru Jn.,04:15
20910,Porbandar Thiruvanan- thapuram Express,Kasaragod,04:55
20910,Porbandar Thiruvanan- thapuram Express,Kannur,06:05
20910,Porbandar Thiruvanan- thapuram Express,Kozhikode,07:25
20910,Porbandar Thiruvanan- thapuram Express,Tirur d ,08:00
20910,Porbandar Thiruvanan- thapuram Express,Shoranur Jn.,09:35
20910,Porbandar Thiruvanan- thapuram Express,Thrisur,10:25
20910,Porbandar Thiruvanan- thapuram Express,Ernakulam Jn.,12:35
20910,Porbandar Thiruvanan- thapuram Express,Alappuzha,14:03
20910,Porbandar Thiruvanan- thapuram Express,Kollam Jn.,16:13
20910,Porbandar Thiruvanan- thapuram Express,Thiruvananthapuram Central,18:00
22660,Yog Nagari Rishikesh Kochuveli Express,Vadodara,01:23
22660,Yog Nagari Rishikesh Kochuveli Express,Surat,03:05
22660,Yog Nagari Rishikesh Kochuveli Express,Vasai Road,05:55
22660,Yog Nagari Rishikesh Kochuveli Express,Panvel,07:40
22660,Yog Nagari Rishikesh Kochuveli Express,Ratnagiri,13:25
22660,Yog Nagari Rishikesh Kochuveli Express,Madgaon,18:35
22660,Yog Nagari Rishikesh Kochuveli Express,Udupi,23:12
22660,Yog Nagari Rishikesh Kochuveli Express,Mangaluru Jn.,01:15
22660,Yog Nagari Rishikesh Kochuveli Express,Kasaragod,01:55
22660,Yog Nagari Rishikesh Kochuveli Express,Kannur,03:10
22660,Yog Nagari Rishikesh Kochuveli Express,Kozhikode,04:35
22660,Yog Nagari Rishikesh Kochuveli Express,Shoranur Jn.,06:25
22660,Yog Nagari Rishikesh Kochuveli Express,Thrisur,07:35
22660,Yog Nagari Rishikesh Kochuveli Express,Ernakulam Jn.,09:35
22660,Yog Nagari Rishikesh Kochuveli Express,Alappuzha,10:50
22660,Yog Nagari Rishikesh Kochuveli Express,Kollam Jn.,12:45
22660,Yog Nagari Rishikesh Kochuveli Express,Thiruvanthapuram North,14:30
19578,Jamnagar Tirunelveli Express,Jamnagar,21:25
19578,Jamnagar Tirunelveli Express,Hapa,21:40
19578,Jamnagar Tirunelveli Express,Rajkot,23:00
19578,Jamnagar Tirunelveli Express,Surendranagar,00:39
19578,Jamnagar Tirunelveli Express,Ahmedabad,03:00
19578,Jamnagar Tirunelveli Express,Vadodara,05:01
19578,Jamnagar Tirunelveli Express,Surat,07:02
19578,Jamnagar Tirunelveli Express,Vasai Road,10:00
19578,Jamnagar Tirunelveli Express,Panvel,11:30
19578,Jamnagar Tirunelveli Express,Ratnagiri,17:00
19578,Jamnagar Tirunelveli Express,Madgaon,23:00
19578,Jamnagar Tirunelveli Express,Karwar,23:52
19578,Jamnagar Tirunelveli Express,Udupi,02:52
19578,Jamnagar Tirunelveli Express,Mangaluru Jn.,04:15
19578,Jamnagar Tirunelveli Express,Kasaragod,04:55
19578,Jamnagar Tirunelveli Express,Kannur,06:05
19578,Jamnagar Tirunelveli Express,Kozhikode,07:25
19578,Jamnagar Tirunelveli Express,Tirur d ,08:00
19578,Jamnagar Tirunelveli Express,Shoranur Jn.,09:35
19578,Jamnagar Tirunelveli Express,Thrisur,10:25
19578,Jamnagar Tirunelveli Express,Aluva d ,11:20
19578,Jamnagar Tirunelveli Express,Ernakulam Jn.,12:35
19578,Jamnagar Tirunelveli Express,Alappuzha,14:03
19578,Jamnagar Tirunelveli Express,Kollam Jn.,16:13
19578,Jamnagar Tirunelveli Express,Thiruvananthapuram Central,18:10
19578,Jamnagar Tirunelveli Express,Nagercoil Town,19:40
19578,Jamnagar Tirunelveli Express,Tirunelveli Jn.,22:05
20932,Indore Kochuveli Express,Hapa,21:40
20932,Indore Kochuveli Express,Vadodara,05:06
20932,Indore Kochuveli Express,Surat,07:02
20932,Indore Kochuveli Express,Vasai Road,10:00
20932,Indore Kochuveli Express,Panvel,11:30
20932,Indore Kochuveli Express,Chiplun,14:52
20932,Indore Kochuveli Express,Ratnagiri,17:00
20932,Indore Kochuveli Express,Kudal d Pune,19:52
20932,Indore Kochuveli Express,Thivim d None,21:12
20932,Indore Kochuveli Express,Madgaon,23:00
20932,Indore Kochuveli Express,Karwar,23:52
20932,Indore Kochuveli Express,Udupi,02:52
20932,Indore Kochuveli Express,Mangaluru Jn.,04:15
20932,Indore Kochuveli Express,Kasaragod,04:55
20932,Indore Kochuveli Express,Kannur,06:05
20932,Indore Kochuveli Express,Kozhikode,07:25
20932,Indore Kochuveli Express,Shoranur Jn.,09:35
20932,Indore Kochuveli Express,Thrisur,10:25
20932,Indore Kochuveli Express,Aluva d ,11:20
20932,Indore Kochuveli Express,Ernakulam Jn.,12:35
20932,Indore Kochuveli Express,Alappuzha,14:03
20932,Indore Kochuveli Express,Kollam Jn.,16:13
20932,Indore Kochuveli Express,Thiruvanthapuram North,18:00
12201,Lokmanya Tilak (T) Kochuveli Garib Rath Express,Lokmanya Tilak (T),16:45
12201,Lokmanya Tilak (T) Kochuveli Garib Rath Express,Panvel,17:55
12201,Lokmanya Tilak (T) Kochuveli Garib Rath Express,Ratnagiri,23:35
12201,Lokmanya Tilak (T) Kochuveli Garib Rath Express,Madgaon,04:10
12201,Lokmanya Tilak (T) Kochuveli Garib Rath Express,Karwar,05:04
12201,Lokmanya Tilak (T) Kochuveli Garib Rath Express,Udupi,08:52
12201,Lokmanya Tilak (T) Kochuveli Garib Rath Express,Mangaluru Jn.,10:30
12201,Lokmanya Tilak (T) Kochuveli Garib Rath Express,Kasaragod,11:10
12201,Lokmanya Tilak (T) Kochuveli Garib Rath Express,Kannur,12:20
12201,Lokmanya Tilak (T) Kochuveli Garib Rath Express,Kozhikode,13:55
12201,Lokmanya Tilak (T) Kochuveli Garib Rath Express,Tirur d ,14:30
12201,Lokmanya Tilak (T) Kochuveli Garib Rath Express,Shoranur Jn.,15:35
12201,Lokmanya Tilak (T) Kochuveli Garib Rath Express,Thrisur,16:20
12201,Lokmanya Tilak (T) Kochuveli Garib Rath Express,Ernakulam Town,17:45
12201,Lokmanya Tilak (T) Kochuveli Garib Rath Express,Kottayam,18:58
12201,Lokmanya Tilak (T) Kochuveli Garib Rath Express,Kollam Jn.,21:00
12201,Lokmanya Tilak (T) Kochuveli Garib Rath Express,Thiruvanthapuram North,22:45
12742,Patna Vasco- da-Gama Express,Panvel,17:20
12742,Patna Vasco- da-Gama Express,Chiplun,21:32
12742,Patna Vasco- da-Gama Express,Ratnagiri,23:35
12742,Patna Vasco- da-Gama Express,Sawantwadi Road d None,02:04
12742,Patna Vasco- da-Gama Express,Thivim d None,02:46
12742,Patna Vasco- da-Gama Express,Madgaon,04:15
12742,Patna Vasco- da-Gama Express,Vasco-de-Gama,05:45
12133,Mumbai CSMT Mangalore Jn. Express,Mumbai CSMT,21:54
12133,Mumbai CSMT Mangalore Jn. Express,Panvel,23:18
12133,Mumbai CSMT Mangalore Jn. Express,Ratnagiri,04:20
12133,Mumbai CSMT Mangalore Jn. Express,Karmali,08:10
12133,Mumbai CSMT Mangalore Jn. Express,Madgaon,09:10
12133,Mumbai CSMT Mangalore Jn. Express,Karwar,10:20
12133,Mumbai CSMT Mangalore Jn. Express,Bhatkal,12:12
12133,Mumbai CSMT Mangalore Jn. Express,Kundapura,12:52
12133,Mumbai CSMT Mangalore Jn. Express,Udupi,13:22
12133,Mumbai CSMT Mangalore Jn. Express,Suratkal,14:22
12133,Mumbai CSMT Mangalore Jn. Express,Mangaluru Jn.,15:40
10215,Madgaon Ernakulam Express,Madgaon,21:00
10215,Madgaon Ernakulam Express,Karwar,22:00
10215,Madgaon Ernakulam Express,Bhatkal,23:58
10215,Madgaon Ernakulam Express,Udupi,01:04
10215,Madgaon Ernakulam Express,Mangaluru Jn.,03:05
10215,Madgaon Ernakulam Express,Kasaragod,03:45
10215,Madgaon Ernakulam Express,Kannur,04:55
10215,Madgaon Ernakulam Express,Kozhikode,06:10
10215,Madgaon Ernakulam Express,Tirur,06:50
10215,Madgaon Ernakulam Express,Shoranur Jn.,07:50
10215,Madgaon Ernakulam Express,Thrisur,08:28
10215,Madgaon Ernakulam Express,Aluva,09:22
10215,Madgaon Ernakulam Express,Ernakulam Jn.,11:00
22150,Pune Ernaku- lam Express,Mumbai CSMT,18:45
22150,Pune Ernaku- lam Express,Panvel,21:25
22150,Pune Ernaku- lam Express,Chiplun,00:50
22150,Pune Ernaku- lam Express,Ratnagiri,02:25
22150,Pune Ernaku- lam Express,Sawantwadi Road,05:08
22150,Pune Ernaku- lam Express,Madgaon,06:55
22150,Pune Ernaku- lam Express,Karwar,08:12
22150,Pune Ernaku- lam Express,Kundapura,11:22
22150,Pune Ernaku- lam Express,Udupi,12:02
22150,Pune Ernaku- lam Express,Mangaluru Jn.,13:50
22150,Pune Ernaku- lam Express,Kasaragod,14:30
22150,Pune Ernaku- lam Express,Kannur,15:45
22150,Pune Ernaku- lam Express,Thalassery,16:05
22150,Pune Ernaku- lam Express,Kozhikode,17:10
22150,Pune Ernaku- lam Express,Tirur,17:50
22150,Pune Ernaku- lam Express,Shoranur Jn.,18:55
22150,Pune Ernaku- lam Express,Thrisur,19:55
22150,Pune Ernaku- lam Express,Ernakulam Jn.,21:55
22475,Hisar Coim- batore AC Express,Ahmedabad,07:35
22475,Hisar Coim- batore AC Express,Anand,08:55
22475,Hisar Coim- batore AC Express,Vadodara,09:32
22475,Hisar Coim- batore AC Express,Surat,11:22
22475,Hisar Coim- batore AC Express,Vasai Road,14:10
22475,Hisar Coim- batore AC Express,Panvel,15:35
22475,Hisar Coim- batore AC Express,Chiplun,19:04
22475,Hisar Coim- batore AC Express,Ratnagiri,20:35
22475,Hisar Coim- batore AC Express,Thivim,23:52
22475,Hisar Coim- batore AC Express,Madgaon,01:55
22475,Hisar Coim- batore AC Express,Karwar,02:52
22475,Hisar Coim- batore AC Express,Bhatkal,04:42
22475,Hisar Coim- batore AC Express,Udupi,06:46
22475,Hisar Coim- batore AC Express,Mangaluru Jn.,09:20
22475,Hisar Coim- batore AC Express,Kannur,11:25
22475,Hisar Coim- batore AC Express,Kozhikode,12:50
22475,Hisar Coim- batore AC Express,Shoranur Jn.,14:10
22475,Hisar Coim- batore AC Express,Ernakulam Town,17:10
22629,Dadar Tirunel- veli Express,Dadar,20:40
22629,Dadar Tirunel- veli Express,Panvel,22:00
22629,Dadar Tirunel- veli Express,Chiplun,01:32
22629,Dadar Tirunel- veli Express,Ratnagiri,03:15
22629,Dadar Tirunel- veli Express,Thivim,06:32
22629,Dadar Tirunel- veli Express,Madgaon,08:35
22629,Dadar Tirunel- veli Express,Karwar,09:28
22629,Dadar Tirunel- veli Express,Udupi,12:50
22629,Dadar Tirunel- veli Express,Mangaluru Jn.,14:10
22629,Dadar Tirunel- veli Express,Kasaragod,14:50
22629,Dadar Tirunel- veli Express,Kannur,16:10
22629,Dadar Tirunel- veli Express,Kozhikode,17:35
22629,Dadar Tirunel- veli Express,Shoranur Jn.,19:25
22629,Dadar Tirunel- veli Express,Tirunelveli Jn.,09:00
22414,Nizamuddin Madgoan Rajd hani Express,Vadodara,17:37
22414,Nizamuddin Madgoan Rajd hani Express,Surat,19:17
22414,Nizamuddin Madgoan Rajd hani Express,Vasai Road,21:45
22414,Nizamuddin Madgoan Rajd hani Express,Panvel,23:10
22414,Nizamuddin Madgoan Rajd hani Express,Ratnagiri,03:55
22414,Nizamuddin Madgoan Rajd hani Express,Kudal,06:04
22414,Nizamuddin Madgoan Rajd hani Express,Thivim,06:58
22414,Nizamuddin Madgoan Rajd hani Express,Madgaon,08:35
12284,Nizamuddin Ernakulam Duronto Express,Vadodara,09:32
12284,Nizamuddin Ernakulam Duronto Express,Surat,11:20
12284,Nizamuddin Ernakulam Duronto Express,Vasai Road,14:10
12284,Nizamuddin Ernakulam Duronto Express,Panvel,15:35
12284,Nizamuddin Ernakulam Duronto Express,Ratnagiri,20:35
12284,Nizamuddin Ernakulam Duronto Express,Madgaon,01:55
12284,Nizamuddin Ernakulam Duronto Express,Mangaluru Jn.,09:25
12284,Nizamuddin Ernakulam Duronto Express,Kozhikode,13:00
12284,Nizamuddin Ernakulam Duronto Express,Ernakulam Jn.,18:15
20924,Gandhi dham Tirunel veli Humsafar Express,Gandhidham,04:50
20924,Gandhi dham Tirunel veli Humsafar Express,Ahmedabad,09:15
20924,Gandhi dham Tirunel veli Humsafar Express,Vadodara,10:45
20924,Gandhi dham Tirunel veli Humsafar Express,Surat,12:42
20924,Gandhi dham Tirunel veli Humsafar Express,Vasai Road,15:30
20924,Gandhi dham Tirunel veli Humsafar Express,Panvel,17:00
20924,Gandhi dham Tirunel veli Humsafar Express,Ratnagiri,22:10
20924,Gandhi dham Tirunel veli Humsafar Express,Madgaon,03:20
20924,Gandhi dham Tirunel veli Humsafar Express,Karwar,04:20
20924,Gandhi dham Tirunel veli Humsafar Express,Mangaluru Jn.,09:50
20924,Gandhi dham Tirunel veli Humsafar Express,Kasaragod,10:30
20924,Gandhi dham Tirunel veli Humsafar Express,Kannur,11:50
20924,Gandhi dham Tirunel veli Humsafar Express,Kozhikode,13:15
20924,Gandhi dham Tirunel veli Humsafar Express,Shoranur Jn.,15:05
20924,Gandhi dham Tirunel veli Humsafar Express,Thrisur,16:00
20924,Gandhi dham Tirunel veli Humsafar Express,Ernakulam Jn.,18:15
20924,Gandhi dham Tirunel veli Humsafar Express,Alappuzha,19:35
20924,Gandhi dham Tirunel veli Humsafar Express,Kollam Jn.,21:45
20924,Gandhi dham Tirunel veli Humsafar Express,Thiruvananthapuram Central,23:10
20924,Gandhi dham Tirunel veli Humsafar Express,Nagercoil Town,00:05
20924,Gandhi dham Tirunel veli Humsafar Express,Tirunelveli Jn.,02:05
10105,Diva- Sawant- wadi Road Express,Dadar,06:25
10105,Diva- Sawant- wadi Road Express,Panvel,07:05
10105,Diva- Sawant- wadi Road Express,Chiplun,11:40
10105,Diva- Sawant- wadi Road Express,Ratnagiri,14:05
10105,Diva- Sawant- wadi Road Express,Kudal,17:11
10105,Diva- Sawant- wadi Road Express,Sawantwadi Road,18:45
10107,Madgaon Man- galuru Central Express,Madgaon,04:40
10107,Madgaon Man- galuru Central Express,Canacona,05:08
10107,Madgaon Man- galuru Central Express,Karwar,05:40
10107,Madgaon Man- galuru Central Express,Bhatkal,08:11
10107,Madgaon Man- galuru Central Express,Kundapura,09:31
10107,Madgaon Man- galuru Central Express,Udupi,10:01
10107,Madgaon Man- galuru Central Express,Suratkal,10:58
10107,Madgaon Man- galuru Central Express,Mangaluru Jn.,11:50
10107,Madgaon Man- galuru Central Express,Mangaluru Central,12:30
22229,CSMT Madgaon Vande Bharat Express,Mumbai CSMT,05:25
22229,CSMT Madgaon Vande Bharat Express,Dadar,05:34
22229,CSMT Madgaon Vande Bharat Express,Panvel,06:32
22229,CSMT Madgaon Vande Bharat Express,Ratnagiri,10:45
22229,CSMT Madgaon Vande Bharat Express,Thivim,14:22
22229,CSMT Madgaon Vande Bharat Express,Madgaon,16:00
12790,Murdesh- war-Kachegu- da Express,Madgaon,15:45
12790,Murdesh- war-Kachegu- da Express,Bhatkal,15:58
12790,Murdesh- war-Kachegu- da Express,Kundapura,16:52
12790,Murdesh- war-Kachegu- da Express,Udupi,17:20
12790,Murdesh- war-Kachegu- da Express,Suratkal,18:32
12790,Murdesh- war-Kachegu- da Express,Mangaluru Central,20:05
12790,Murdesh- war-Kachegu- da Express,Kasaragod,20:45
12790,Murdesh- war-Kachegu- da Express,Kannur,22:10
12790,Murdesh- war-Kachegu- da Express,Thalassery,22:30
12790,Murdesh- war-Kachegu- da Express,Vadakara,22:50
12790,Murdesh- war-Kachegu- da Express,Kozhikode,23:35
12790,Murdesh- war-Kachegu- da Express,Tirur,00:10
12790,Murdesh- war-Kachegu- da Express,Shoranur Jn.,01:20
12790,Murdesh- war-Kachegu- da Express,Thiruvanthapuram North,23:40
22114,Kochuveli Lokmanya Tilak (T) Express,Thiruvanthapuram North,00:55
22114,Kochuveli Lokmanya Tilak (T) Express,Kollam Jn.,01:55
22114,Kochuveli Lokmanya Tilak (T) Express,Kottayam,03:38
22114,Kochuveli Lokmanya Tilak (T) Express,Ernakulam Town,05:10
22114,Kochuveli Lokmanya Tilak (T) Express,Thrisur,06:20
22114,Kochuveli Lokmanya Tilak (T) Express,Shoranur Jn.,07:15
22114,Kochuveli Lokmanya Tilak (T) Express,Tirur,07:55
22114,Kochuveli Lokmanya Tilak (T) Express,Kozhikode,08:35
22114,Kochuveli Lokmanya Tilak (T) Express,Thalassery,09:30
22114,Kochuveli Lokmanya Tilak (T) Express,Kannur,10:00
22114,Kochuveli Lokmanya Tilak (T) Express,Kasaragod,11:00
22114,Kochuveli Lokmanya Tilak (T) Express,Mangaluru Jn.,12:00
22114,Kochuveli Lokmanya Tilak (T) Express,Udupi,13:32
22114,Kochuveli Lokmanya Tilak (T) Express,Kundapura,13:54
22114,Kochuveli Lokmanya Tilak (T) Express,Bhatkal,14:42
22114,Kochuveli Lokmanya Tilak (T) Express,Karwar,16:42
22114,Kochuveli Lokmanya Tilak (T) Express,Madgaon,18:20
22114,Kochuveli Lokmanya Tilak (T) Express,Ratnagiri,23:25
22114,Kochuveli Lokmanya Tilak (T) Express,Chiplun,00:52
22114,Kochuveli Lokmanya Tilak (T) Express,Panvel,06:00
22114,Kochuveli Lokmanya Tilak (T) Express,Lokmanya Tilak (T),08:00
22653,Thiruvanan- thapuram Nizamuddin (via Kottayam,Thiruvananthapuram Central,22:00
22653,Thiruvanan- thapuram Nizamuddin (via Kottayam,Kollam Jn.,23:00
22653,Thiruvanan- thapuram Nizamuddin (via Kottayam,Kottayam,00:40
22653,Thiruvanan- thapuram Nizamuddin (via Kottayam,Ernakulam Town,02:00
22653,Thiruvanan- thapuram Nizamuddin (via Kottayam,Thrisur,03:15
22653,Thiruvanan- thapuram Nizamuddin (via Kottayam,Shoranur Jn.,04:15
22653,Thiruvanan- thapuram Nizamuddin (via Kottayam,Kozhikode,05:40
22653,Thiruvanan- thapuram Nizamuddin (via Kottayam,Kannur,07:05
22653,Thiruvanan- thapuram Nizamuddin (via Kottayam,Mangaluru Jn.,09:30
22653,Thiruvanan- thapuram Nizamuddin (via Kottayam,Udupi,11:02
22653,Thiruvanan- thapuram Nizamuddin (via Kottayam,Kundapura,11:38
22653,Thiruvanan- thapuram Nizamuddin (via Kottayam,Karwar,14:12
22653,Thiruvanan- thapuram Nizamuddin (via Kottayam,Madgaon,15:50
22653,Thiruvanan- thapuram Nizamuddin (via Kottayam,Karmali,16:20
22653,Thiruvanan- thapuram Nizamuddin (via Kottayam,Ratnagiri,20:25
22653,Thiruvanan- thapuram Nizamuddin (via Kottayam,Panvel,02:55
22653,Thiruvanan- thapuram Nizamuddin (via Kottayam,Vasai Road,04:45
22653,Thiruvanan- thapuram Nizamuddin (via Kottayam,Surat,07:35
22653,Thiruvanan- thapuram Nizamuddin (via Kottayam,Vadodara,09:20
22653,Thiruvanan- thapuram Nizamuddin (via Kottayam,Ratlam,13:05
22653,Thiruvanan- thapuram Nizamuddin (via Kottayam,Kota,16:30
22653,Thiruvanan- thapuram Nizamuddin (via Kottayam,Sawai Madhopur,17:45
22655,Ernakulam Nizamuddin Express,Ernakulam Jn d ,02:15
22655,Ernakulam Nizamuddin Express,Thrisur,03:15
22655,Ernakulam Nizamuddin Express,Shoranur Jn.,04:15
22655,Ernakulam Nizamuddin Express,Kozhikode,05:40
22655,Ernakulam Nizamuddin Express,Kannur,07:05
22655,Ernakulam Nizamuddin Express,Mangaluru Jn.,09:30
22655,Ernakulam Nizamuddin Express,Udupi,11:02
22655,Ernakulam Nizamuddin Express,Kundapura,11:38
22655,Ernakulam Nizamuddin Express,Karwar,14:12
22655,Ernakulam Nizamuddin Express,Madgaon,15:50
22655,Ernakulam Nizamuddin Express,Karmali,16:20
22655,Ernakulam Nizamuddin Express,Ratnagiri,20:25
22655,Ernakulam Nizamuddin Express,Panvel,02:55
22655,Ernakulam Nizamuddin Express,Vasai Road,04:45
22655,Ernakulam Nizamuddin Express,Surat,07:35
22655,Ernakulam Nizamuddin Express,Vadodara,09:20
22655,Ernakulam Nizamuddin Express,Ratlam,13:05
22655,Ernakulam Nizamuddin Express,Kota,16:30
22655,Ernakulam Nizamuddin Express,Sawai Madhopur,17:45
12617,Ernakulam Nizamuddin Mangala Lakshadweep Express,Ernakulam Jn d ,10:30
12617,Ernakulam Nizamuddin Mangala Lakshadweep Express,Aluva d ,10:55
12617,Ernakulam Nizamuddin Mangala Lakshadweep Express,Thrisur,12:05
12617,Ernakulam Nizamuddin Mangala Lakshadweep Express,Shoranur Jn.,13:00
12617,Ernakulam Nizamuddin Mangala Lakshadweep Express,Tirur,13:50
12617,Ernakulam Nizamuddin Mangala Lakshadweep Express,Kozhikode,14:40
12617,Ernakulam Nizamuddin Mangala Lakshadweep Express,Vadakara d ,15:18
12617,Ernakulam Nizamuddin Mangala Lakshadweep Express,Thalassery,15:30
12617,Ernakulam Nizamuddin Mangala Lakshadweep Express,Kannur,16:05
12617,Ernakulam Nizamuddin Mangala Lakshadweep Express,Kasaragod,17:30
12617,Ernakulam Nizamuddin Mangala Lakshadweep Express,Mangaluru Jn.,19:00
12617,Ernakulam Nizamuddin Mangala Lakshadweep Express,Udupi,20:32
12617,Ernakulam Nizamuddin Mangala Lakshadweep Express,Kundapura,21:10
12617,Ernakulam Nizamuddin Mangala Lakshadweep Express,Bhatkal,22:10
12617,Ernakulam Nizamuddin Mangala Lakshadweep Express,Karwar,23:54
12617,Ernakulam Nizamuddin Mangala Lakshadweep Express,Madgaon,01:20
12617,Ernakulam Nizamuddin Mangala Lakshadweep Express,Thivim,02:20
12617,Ernakulam Nizamuddin Mangala Lakshadweep Express,Ratnagiri,06:05
12617,Ernakulam Nizamuddin Mangala Lakshadweep Express,Chiplun,07:42
12617,Ernakulam Nizamuddin Mangala Lakshadweep Express,Panvel,12:40
16346,Thiruvanan- thapuram Lok- manya Tilak (T) Netravati Express,Thiruvananthapuram Central,09:15
16346,Thiruvanan- thapuram Lok- manya Tilak (T) Netravati Express,Kollam Jn.,10:25
16346,Thiruvanan- thapuram Lok- manya Tilak (T) Netravati Express,Alappuzha,11:57
16346,Thiruvanan- thapuram Lok- manya Tilak (T) Netravati Express,Ernakulam Jn d ,13:15
16346,Thiruvanan- thapuram Lok- manya Tilak (T) Netravati Express,Aluva d ,13:40
16346,Thiruvanan- thapuram Lok- manya Tilak (T) Netravati Express,Thrisur,14:33
16346,Thiruvanan- thapuram Lok- manya Tilak (T) Netravati Express,Shoranur Jn.,15:45
16346,Thiruvanan- thapuram Lok- manya Tilak (T) Netravati Express,Tirur,16:20
16346,Thiruvanan- thapuram Lok- manya Tilak (T) Netravati Express,Kozhikode,17:10
16346,Thiruvanan- thapuram Lok- manya Tilak (T) Netravati Express,Vadakara d ,17:50
16346,Thiruvanan- thapuram Lok- manya Tilak (T) Netravati Express,Thalassery,18:10
16346,Thiruvanan- thapuram Lok- manya Tilak (T) Netravati Express,Kannur,18:40
16346,Thiruvanan- thapuram Lok- manya Tilak (T) Netravati Express,Kasaragod,20:05
16346,Thiruvanan- thapuram Lok- manya Tilak (T) Netravati Express,Mangaluru Jn.,21:35
16346,Thiruvanan- thapuram Lok- manya Tilak (T) Netravati Express,Suratkal,22:37
16346,Thiruvanan- thapuram Lok- manya Tilak (T) Netravati Express,Udupi,23:22
16346,Thiruvanan- thapuram Lok- manya Tilak (T) Netravati Express,Kundapura,23:50
16346,Thiruvanan- thapuram Lok- manya Tilak (T) Netravati Express,Bhatkal,00:46
16346,Thiruvanan- thapuram Lok- manya Tilak (T) Netravati Express,Karwar,02:30
16346,Thiruvanan- thapuram Lok- manya Tilak (T) Netravati Express,Canacona,03:02
16346,Thiruvanan- thapuram Lok- manya Tilak (T) Netravati Express,Madgaon,04:00
16346,Thiruvanan- thapuram Lok- manya Tilak (T) Netravati Express,Karmali,04:34
16346,Thiruvanan- thapuram Lok- manya Tilak (T) Netravati Express,Thivim,04:56
16346,Thiruvanan- thapuram Lok- manya Tilak (T) Netravati Express,Kudal,05:52
16346,Thiruvanan- thapuram Lok- manya Tilak (T) Netravati Express,Ratnagiri,09:05
16346,Thiruvanan- thapuram Lok- manya Tilak (T) Netravati Express,Chiplun,10:42
16346,Thiruvanan- thapuram Lok- manya Tilak (T) Netravati Express,Panvel,14:55
16346,Thiruvanan- thapuram Lok- manya Tilak (T) Netravati Express,Lokmanya Tilak (T),17:05
12977,Ernakulam Ajmer Marusagar Express,Ernakulam Jn d ,18:50
12977,Ernakulam Ajmer Marusagar Express,Aluva d ,19:16
12977,Ernakulam Ajmer Marusagar Express,Thrisur,20:07
12977,Ernakulam Ajmer Marusagar Express,Shoranur Jn.,21:00
12977,Ernakulam Ajmer Marusagar Express,Tirur,21:40
12977,Ernakulam Ajmer Marusagar Express,Kozhikode,22:20
12977,Ernakulam Ajmer Marusagar Express,Kannur,23:40
12977,Ernakulam Ajmer Marusagar Express,Kasaragod,00:45
12977,Ernakulam Ajmer Marusagar Express,Mangaluru Jn.,01:50
12977,Ernakulam Ajmer Marusagar Express,Udupi,03:22
12977,Ernakulam Ajmer Marusagar Express,Kundapura,04:04
12977,Ernakulam Ajmer Marusagar Express,Bhatkal,04:58
12977,Ernakulam Ajmer Marusagar Express,Karwar,07:12
12977,Ernakulam Ajmer Marusagar Express,Madgaon,09:20
12977,Ernakulam Ajmer Marusagar Express,Thivim,10:12
12977,Ernakulam Ajmer Marusagar Express,Ratnagiri,14:50
12977,Ernakulam Ajmer Marusagar Express,Panvel,19:48
12977,Ernakulam Ajmer Marusagar Express,Vasai Road,21:05
12977,Ernakulam Ajmer Marusagar Express,Surat,00:03
12977,Ernakulam Ajmer Marusagar Express,Vadodara,01:58
12977,Ernakulam Ajmer Marusagar Express,Ratlam,05:50
12977,Ernakulam Ajmer Marusagar Express,Kota,09:10
12977,Ernakulam Ajmer Marusagar Express,Sawai Madhopur,11:00
19259,Kochuveli Bhavnagar Express,Thiruvanthapuram North,15:45
19259,Kochuveli Bhavnagar Express,Kollam Jn.,16:45
19259,Kochuveli Bhavnagar Express,Kottayam,18:35
19259,Kochuveli Bhavnagar Express,Ernakulam Town,20:20
19259,Kochuveli Bhavnagar Express,Aluva d ,20:47
19259,Kochuveli Bhavnagar Express,Thrisur,21:48
19259,Kochuveli Bhavnagar Express,Shoranur Jn.,22:40
19259,Kochuveli Bhavnagar Express,Tirur,23:25
19259,Kochuveli Bhavnagar Express,Kozhikode,00:10
19259,Kochuveli Bhavnagar Express,Thalassery,01:10
19259,Kochuveli Bhavnagar Express,Kannur,01:40
19259,Kochuveli Bhavnagar Express,Kasaragod,02:50
19259,Kochuveli Bhavnagar Express,Mangaluru Jn.,04:10
19259,Kochuveli Bhavnagar Express,Udupi,05:32
19259,Kochuveli Bhavnagar Express,Karwar,09:20
19259,Kochuveli Bhavnagar Express,Madgaon,10:50
19259,Kochuveli Bhavnagar Express,Thivim,11:50
19259,Kochuveli Bhavnagar Express,Ratnagiri,16:10
19259,Kochuveli Bhavnagar Express,Chiplun,17:42
19259,Kochuveli Bhavnagar Express,Panvel,21:20
19259,Kochuveli Bhavnagar Express,Vasai Road,23:05
19259,Kochuveli Bhavnagar Express,Surat,02:50
19259,Kochuveli Bhavnagar Express,Vadodara,04:46
19259,Kochuveli Bhavnagar Express,Anand d ,05:23
19259,Kochuveli Bhavnagar Express,Ahmedabad,06:50
19259,Kochuveli Bhavnagar Express,Bhavnagar,12:25
16312,Kochuveli Sri Ganga- nagar Express,Thiruvanthapuram North,15:45
16312,Kochuveli Sri Ganga- nagar Express,Kollam Jn.,16:45
16312,Kochuveli Sri Ganga- nagar Express,Kottayam,18:35
16312,Kochuveli Sri Ganga- nagar Express,Ernakulam Town,20:20
16312,Kochuveli Sri Ganga- nagar Express,Aluva d ,20:47
16312,Kochuveli Sri Ganga- nagar Express,Thrisur,21:48
16312,Kochuveli Sri Ganga- nagar Express,Shoranur Jn.,22:45
16312,Kochuveli Sri Ganga- nagar Express,Tirur,23:30
16312,Kochuveli Sri Ganga- nagar Express,Kozhikode,00:15
16312,Kochuveli Sri Ganga- nagar Express,Kannur,01:40
16312,Kochuveli Sri Ganga- nagar Express,Kasaragod,02:50
16312,Kochuveli Sri Ganga- nagar Express,Mangaluru Jn.,04:10
16312,Kochuveli Sri Ganga- nagar Express,Udupi,05:52
16312,Kochuveli Sri Ganga- nagar Express,Kundapura,06:20
16312,Kochuveli Sri Ganga- nagar Express,Madgaon,10:50
16312,Kochuveli Sri Ganga- nagar Express,Thivim,11:50
16312,Kochuveli Sri Ganga- nagar Express,Kudal,12:38
16312,Kochuveli Sri Ganga- nagar Express,Ratnagiri,15:55
16312,Kochuveli Sri Ganga- nagar Express,Panvel,21:20
16312,Kochuveli Sri Ganga- nagar Express,Vasai Road,23:05
16312,Kochuveli Sri Ganga- nagar Express,Surat,02:50
16312,Kochuveli Sri Ganga- nagar Express,Vadodara,04:46
16312,Kochuveli Sri Ganga- nagar Express,Ahmedabad,06:50
16338,Ernakulam Okha Express,Ernakulam Jn d ,20:25
16338,Ernakulam Okha Express,Aluva d ,20:47
16338,Ernakulam Okha Express,Thrisur,21:48
16338,Ernakulam Okha Express,Shoranur Jn.,22:40
16338,Ernakulam Okha Express,Tirur,23:25
16338,Ernakulam Okha Express,Kozhikode,00:10
16338,Ernakulam Okha Express,Vadakara d ,00:50
16338,Ernakulam Okha Express,Thalassery,01:10
16338,Ernakulam Okha Express,Kannur,01:40
16338,Ernakulam Okha Express,Kasaragod,02:50
16338,Ernakulam Okha Express,Mangaluru Jn.,04:10
16338,Ernakulam Okha Express,Suratkal,05:02
16338,Ernakulam Okha Express,Udupi,05:52
16338,Ernakulam Okha Express,Kundapura,06:20
16338,Ernakulam Okha Express,Bhatkal,07:24
16338,Ernakulam Okha Express,Karwar,09:20
16338,Ernakulam Okha Express,Madgaon,10:50
16338,Ernakulam Okha Express,Thivim,11:50
16338,Ernakulam Okha Express,Ratnagiri,16:10
16338,Ernakulam Okha Express,Panvel,21:20
16338,Ernakulam Okha Express,Vasai Road,23:05
16338,Ernakulam Okha Express,Valsad,01:15
16338,Ernakulam Okha Express,Surat,02:50
16338,Ernakulam Okha Express,Vadodara,04:46
16338,Ernakulam Okha Express,Anand d ,05:23
16338,Ernakulam Okha Express,Ahmedabad,06:50
16338,Ernakulam Okha Express,Viramgam,07:57
16338,Ernakulam Okha Express,Surendranagar,09:10
16338,Ernakulam Okha Express,Rajkot,11:10
16338,Ernakulam Okha Express,Hapa,12:36
16338,Ernakulam Okha Express,Okha,16:30
16336,Nagercoil Gandhi- dham Express,Nagercoil Jn.,14:45
16336,Nagercoil Gandhi- dham Express,Thiruvananthapuram Central,16:12
16336,Nagercoil Gandhi- dham Express,Kollam Jn.,17:15
16336,Nagercoil Gandhi- dham Express,Kottayam,19:05
16336,Nagercoil Gandhi- dham Express,Ernakulam Town,20:20
16336,Nagercoil Gandhi- dham Express,Aluva d ,20:47
16336,Nagercoil Gandhi- dham Express,Thrisur,21:48
16336,Nagercoil Gandhi- dham Express,Shoranur Jn.,22:40
16336,Nagercoil Gandhi- dham Express,Tirur,23:25
16336,Nagercoil Gandhi- dham Express,Kozhikode,00:10
16336,Nagercoil Gandhi- dham Express,Vadakara d ,00:50
16336,Nagercoil Gandhi- dham Express,Thalassery,01:10
16336,Nagercoil Gandhi- dham Express,Kannur,01:40
16336,Nagercoil Gandhi- dham Express,Kasaragod,02:50
16336,Nagercoil Gandhi- dham Express,Mangaluru Jn.,04:10
16336,Nagercoil Gandhi- dham Express,Suratkal,05:02
16336,Nagercoil Gandhi- dham Express,Udupi,05:52
16336,Nagercoil Gandhi- dham Express,Kundapura,06:20
16336,Nagercoil Gandhi- dham Express,Karwar,09:20
16336,Nagercoil Gandhi- dham Express,Canacona,09:52
16336,Nagercoil Gandhi- dham Express,Madgaon,10:50
16336,Nagercoil Gandhi- dham Express,Sawantwadi Road,12:18
16336,Nagercoil Gandhi- dham Express,Ratnagiri,16:10
16336,Nagercoil Gandhi- dham Express,Chiplun,17:42
16336,Nagercoil Gandhi- dham Express,Panvel,21:20
16336,Nagercoil Gandhi- dham Express,Vasai Road,23:05
16336,Nagercoil Gandhi- dham Express,Valsad,01:15
16336,Nagercoil Gandhi- dham Express,Surat,02:50
16336,Nagercoil Gandhi- dham Express,Vadodara,04:46
16336,Nagercoil Gandhi- dham Express,Anand d ,05:23
16336,Nagercoil Gandhi- dham Express,Ahmedabad,06:50
16336,Nagercoil Gandhi- dham Express,Viramgam,07:57
16336,Nagercoil Gandhi- dham Express,Dhrangadhra,08:57
16336,Nagercoil Gandhi- dham Express,Samakhiyali,10:47
16336,Nagercoil Gandhi- dham Express,Gandhidham,12:05
16334,Thiruvana- nthapuram Veraval Express,Thiruvananthapuram Central,15:45
16334,Thiruvana- nthapuram Veraval Express,Kollam Jn.,16:45
16334,Thiruvana- nthapuram Veraval Express,Kottayam,18:35
16334,Thiruvana- nthapuram Veraval Express,Ernakulam Town,20:20
16334,Thiruvana- nthapuram Veraval Express,Aluva d ,20:47
16334,Thiruvana- nthapuram Veraval Express,Thrisur,21:48
16334,Thiruvana- nthapuram Veraval Express,Shoranur Jn.,22:40
16334,Thiruvana- nthapuram Veraval Express,Tirur,23:25
16334,Thiruvana- nthapuram Veraval Express,Kozhikode,00:10
16334,Thiruvana- nthapuram Veraval Express,Thalassery,01:10
16334,Thiruvana- nthapuram Veraval Express,Kannur,01:40
16334,Thiruvana- nthapuram Veraval Express,Kasaragod,02:50
16334,Thiruvana- nthapuram Veraval Express,Mangaluru Jn.,04:10
16334,Thiruvana- nthapuram Veraval Express,Udupi,05:52
16334,Thiruvana- nthapuram Veraval Express,Kundapura,06:20
16334,Thiruvana- nthapuram Veraval Express,Karwar,09:20
16334,Thiruvana- nthapuram Veraval Express,Madgaon,10:50
16334,Thiruvana- nthapuram Veraval Express,Karmali,11:32
16334,Thiruvana- nthapuram Veraval Express,Kudal,12:38
16334,Thiruvana- nthapuram Veraval Express,Ratnagiri,16:10
16334,Thiruvana- nthapuram Veraval Express,Panvel,21:20
16334,Thiruvana- nthapuram Veraval Express,Vasai Road,23:05
16334,Thiruvana- nthapuram Veraval Express,Valsad,01:15
16334,Thiruvana- nthapuram Veraval Express,Surat,02:50
16334,Thiruvana- nthapuram Veraval Express,Vadodara,04:46
16334,Thiruvana- nthapuram Veraval Express,Anand d ,05:23
16334,Thiruvana- nthapuram Veraval Express,Ahmedabad,06:50
16334,Thiruvana- nthapuram Veraval Express,Viramgam,07:57
16334,Thiruvana- nthapuram Veraval Express,Surendranagar,09:10
16334,Thiruvana- nthapuram Veraval Express,Rajkot,11:10
16334,Thiruvana- nthapuram Veraval Express,Veraval,15:35
10104,Madgaon Mumbai CSMT Mandovi Express,Madgaon,08:30
10104,Madgaon Mumbai CSMT Mandovi Express,Karmali,09:02
10104,Madgaon Mumbai CSMT Mandovi Express,Thivim,09:22
10104,Madgaon Mumbai CSMT Mandovi Express,Sawantwadi Road,10:04
10104,Madgaon Mumbai CSMT Mandovi Express,Kudal,10:24
10104,Madgaon Mumbai CSMT Mandovi Express,Ratnagiri,14:05
10104,Madgaon Mumbai CSMT Mandovi Express,Chiplun,15:32
10104,Madgaon Mumbai CSMT Mandovi Express,Panvel,19:15
10104,Madgaon Mumbai CSMT Mandovi Express,Dadar,21:10
10104,Madgaon Mumbai CSMT Mandovi Express,Mumbai CSMT,21:45
12431,Thiruvanantha- puram Nizamud- din Rajdhani Express,Thiruvananthapuram Central,14:40
12431,Thiruvanantha- puram Nizamud- din Rajdhani Express,Kollam Jn.,15:38
12431,Thiruvanantha- puram Nizamud- din Rajdhani Express,Alappuzha,17:00
12431,Thiruvanantha- puram Nizamud- din Rajdhani Express,Ernakulam Jn.,18:30
12431,Thiruvanantha- puram Nizamud- din Rajdhani Express,Thrisur,20:07
12431,Thiruvanantha- puram Nizamud- din Rajdhani Express,Shoranur Jn.,21:00
12431,Thiruvanantha- puram Nizamud- din Rajdhani Express,Kozhikode,22:20
12431,Thiruvanantha- puram Nizamud- din Rajdhani Express,Kannur,23:40
12431,Thiruvanantha- puram Nizamud- din Rajdhani Express,Kasaragod,00:45
12431,Thiruvanantha- puram Nizamud- din Rajdhani Express,Mangaluru Jn.,01:50
12431,Thiruvanantha- puram Nizamud- din Rajdhani Express,Udupi,03:22
12431,Thiruvanantha- puram Nizamud- din Rajdhani Express,Karwar,06:20
12431,Thiruvanantha- puram Nizamud- din Rajdhani Express,Madgaon,08:00
12431,Thiruvanantha- puram Nizamud- din Rajdhani Express,Ratnagiri,12:45
12431,Thiruvanantha- puram Nizamud- din Rajdhani Express,Panvel,18:05
12431,Thiruvanantha- puram Nizamud- din Rajdhani Express,Vasai Road,19:35
12431,Thiruvanantha- puram Nizamud- din Rajdhani Express,Surat,22:18
12431,Thiruvanantha- puram Nizamud- din Rajdhani Express,Vadodara,23:59
12431,Thiruvanantha- puram Nizamud- din Rajdhani Express,Kota,06:55
12449,Madgaon Chan- digarh Goa Sampark Kranti Express,Madgaon,10:00
12449,Madgaon Chan- digarh Goa Sampark Kranti Express,Karmali,10:32
12449,Madgaon Chan- digarh Goa Sampark Kranti Express,Thivim,10:52
12449,Madgaon Chan- digarh Goa Sampark Kranti Express,Ratnagiri,14:50
12449,Madgaon Chan- digarh Goa Sampark Kranti Express,Panvel,19:48
12449,Madgaon Chan- digarh Goa Sampark Kranti Express,Vasai Road,21:05
12449,Madgaon Chan- digarh Goa Sampark Kranti Express,Surat,23:53
12449,Madgaon Chan- digarh Goa Sampark Kranti Express,Vadodara,01:30
12449,Madgaon Chan- digarh Goa Sampark Kranti Express,Kota,08:20
16515,Yesvantpur Karwar Express,Yesvantpur,07:00
16515,Yesvantpur Karwar Express,Hassan,10:15
16515,Yesvantpur Karwar Express,Mangaluru Jn.,16:45
16515,Yesvantpur Karwar Express,Suratkal,17:32
16515,Yesvantpur Karwar Express,Udupi,18:22
16515,Yesvantpur Karwar Express,Kundapura,18:52
16515,Yesvantpur Karwar Express,Bhatkal,19:40
16515,Yesvantpur Karwar Express,Karwar,23:10
11004,Sawant- wadi Road Dadar Tutari Express,Sawantwadi Road,17:55
11004,Sawant- wadi Road Dadar Tutari Express,Kudal,18:16
11004,Sawant- wadi Road Dadar Tutari Express,Ratnagiri,21:35
11004,Sawant- wadi Road Dadar Tutari Express,Chiplun,23:12
11004,Sawant- wadi Road Dadar Tutari Express,Panvel,04:50
11004,Sawant- wadi Road Dadar Tutari Express,Dadar,06:40
22907,Madgaon Hapa Express,Madgaon,10:00
22907,Madgaon Hapa Express,Thivim,10:52
22907,Madgaon Hapa Express,Kudal,12:02
22907,Madgaon Hapa Express,Ratnagiri,14:50
22907,Madgaon Hapa Express,Panvel,19:48
22907,Madgaon Hapa Express,Vasai Road,21:05
22907,Madgaon Hapa Express,Surat,00:03
22907,Madgaon Hapa Express,Vadodara,01:53
22907,Madgaon Hapa Express,Anand,02:29
22907,Madgaon Hapa Express,Ahmedabad,03:50
22907,Madgaon Hapa Express,Viramgam,04:54
22907,Madgaon Hapa Express,Surendranagar,06:08
22907,Madgaon Hapa Express,Rajkot,08:12
22907,Madgaon Hapa Express,Hapa,09:35
16585,SMVB Murdeshwar Express (via MAQ),Kasaragod,19:45
16585,SMVB Murdeshwar Express (via MAQ),Hassan,02:05
16585,SMVB Murdeshwar Express (via MAQ),Mangaluru Jn.,08:40
16585,SMVB Murdeshwar Express (via MAQ),Suratkal,09:50
16585,SMVB Murdeshwar Express (via MAQ),Udupi,10:42
16585,SMVB Murdeshwar Express (via MAQ),Kundapura,11:16
16585,SMVB Murdeshwar Express (via MAQ),Bhatkal,12:02
16585,SMVB Murdeshwar Express (via MAQ),Karwar,13:20
12283,Ernakulam Nizamuddin Duronto Express,Ernakulam Jn.,23:25
12283,Ernakulam Nizamuddin Duronto Express,Kozhikode,02:40
12283,Ernakulam Nizamuddin Duronto Express,Mangaluru Jn.,06:05
12283,Ernakulam Nizamuddin Duronto Express,Madgaon,11:35
12283,Ernakulam Nizamuddin Duronto Express,Ratnagiri,16:30
12283,Ernakulam Nizamuddin Duronto Express,Panvel,21:50
12283,Ernakulam Nizamuddin Duronto Express,Vasai Road,00:10
12283,Ernakulam Nizamuddin Duronto Express,Surat,03:00
12283,Ernakulam Nizamuddin Duronto Express,Vadodara,04:40
12283,Ernakulam Nizamuddin Duronto Express,Ratlam,08:30
12283,Ernakulam Nizamuddin Duronto Express,Kota,11:50
22120,Karmali Mumbai CSMT Tejas Express,Madgaon,12:50
22120,Karmali Mumbai CSMT Tejas Express,Karmali,13:34
22120,Karmali Mumbai CSMT Tejas Express,Kudal,15:02
22120,Karmali Mumbai CSMT Tejas Express,Ratnagiri,18:10
22120,Karmali Mumbai CSMT Tejas Express,Chiplun,19:42
22120,Karmali Mumbai CSMT Tejas Express,Panvel,22:27
22120,Karmali Mumbai CSMT Tejas Express,Dadar,23:32
22120,Karmali Mumbai CSMT Tejas Express,Mumbai CSMT,00:20
12224,Ernakulam Lokmanya Tilak (T) AC Duronto Express,Ernakulam Jn.,21:30
12224,Ernakulam Lokmanya Tilak (T) AC Duronto Express,Kozhikode,00:45
12224,Ernakulam Lokmanya Tilak (T) AC Duronto Express,Mangaluru Jn.,04:00
12224,Ernakulam Lokmanya Tilak (T) AC Duronto Express,Madgaon,09:55
12224,Ernakulam Lokmanya Tilak (T) AC Duronto Express,Ratnagiri,15:30
12224,Ernakulam Lokmanya Tilak (T) AC Duronto Express,Panvel,20:21
12224,Ernakulam Lokmanya Tilak (T) AC Duronto Express,Lokmanya Tilak (T),21:55
2197,Coimbatore Jabalpur Weekly Special,Coimbatore,15:10
2197,Coimbatore Jabalpur Weekly Special,Shoranur Jn.,17:05
2197,Coimbatore Jabalpur Weekly Special,Tirur,17:45
2197,Coimbatore Jabalpur Weekly Special,Kozhikode,18:25
2197,Coimbatore Jabalpur Weekly Special,Vadakara,19:16
2197,Coimbatore Jabalpur Weekly Special,Kannur,19:55
2197,Coimbatore Jabalpur Weekly Special,Kasaragod,20:55
2197,Coimbatore Jabalpur Weekly Special,Mangaluru Jn.,23:10
2197,Coimbatore Jabalpur Weekly Special,Udupi,01:12
2197,Coimbatore Jabalpur Weekly Special,Kundapura,01:42
2197,Coimbatore Jabalpur Weekly Special,Karwar,04:06
2197,Coimbatore Jabalpur Weekly Special,Madgaon,05:35
2197,Coimbatore Jabalpur Weekly Special,Thivim,06:12
2197,Coimbatore Jabalpur Weekly Special,Kudal,07:02
2197,Coimbatore Jabalpur Weekly Special,Ratnagiri,10:30
2197,Coimbatore Jabalpur Weekly Special,Chiplun,12:20
2197,Coimbatore Jabalpur Weekly Special,Panvel,17:35
2197,Coimbatore Jabalpur Weekly Special,Samakhiyali,08:45
10116,Madgaon Bandra (T) Express,Madgaon,07:40
10116,Madgaon Bandra (T) Express,Karmali,08:12
10116,Madgaon Bandra (T) Express,Thivim,08:34
10116,Madgaon Bandra (T) Express,Sawantwadi Road,09:02
10116,Madgaon Bandra (T) Express,Ratnagiri,13:25
10116,Madgaon Bandra (T) Express,Chiplun,15:22
10116,Madgaon Bandra (T) Express,Panvel,20:12
10116,Madgaon Bandra (T) Express,Vasai Road,21:45
10116,Madgaon Bandra (T) Express,Vadodara,23:40
1140,Madgaon Nagpur Special,Madgaon,19:00
1140,Madgaon Nagpur Special,Karmali,19:32
1140,Madgaon Nagpur Special,Thivim,19:52
1140,Madgaon Nagpur Special,Sawantwadi Road,20:28
1140,Madgaon Nagpur Special,Kudal,20:44
1140,Madgaon Nagpur Special,Ratnagiri,00:45
1140,Madgaon Nagpur Special,Chiplun,02:12
1140,Madgaon Nagpur Special,Panvel,07:05
1140,Madgaon Nagpur Special,Vadodara,21:30
22116,Karmali Lokmanya Tilak (T) AC Express,Karmali,13:40
22116,Karmali Lokmanya Tilak (T) AC Express,Kudal,15:02
22116,Karmali Lokmanya Tilak (T) AC Express,Ratnagiri,18:10
22116,Karmali Lokmanya Tilak (T) AC Express,Chiplun,19:42
22116,Karmali Lokmanya Tilak (T) AC Express,Panvel,22:27
22116,Karmali Lokmanya Tilak (T) AC Express,Lokmanya Tilak (T),00:10
12741,Vasco-da- Gama Patliputra Express,Vasco-de-Gama,19:00
12741,Vasco-da- Gama Patliputra Express,Madgaon,20:05
12741,Vasco-da- Gama Patliputra Express,Thivim,21:07
12741,Vasco-da- Gama Patliputra Express,Sawantwadi Road,21:42
12741,Vasco-da- Gama Patliputra Express,Ratnagiri,00:45
12741,Vasco-da- Gama Patliputra Express,Chiplun,02:12
12741,Vasco-da- Gama Patliputra Express,Panvel,06:25
12052,Madgaon Mumbai CSMT Jan Shatabdi Express,Madgaon,12:00
12052,Madgaon Mumbai CSMT Jan Shatabdi Express,Thivim,12:52
12052,Madgaon Mumbai CSMT Jan Shatabdi Express,Sawantwadi Road,13:42
12052,Madgaon Mumbai CSMT Jan Shatabdi Express,Kudal,14:02
12052,Madgaon Mumbai CSMT Jan Shatabdi Express,Ratnagiri,17:25
12052,Madgaon Mumbai CSMT Jan Shatabdi Express,Chiplun,18:42
12052,Madgaon Mumbai CSMT Jan Shatabdi Express,Panvel,22:00
12052,Madgaon Mumbai CSMT Jan Shatabdi Express,Dadar,23:32
12052,Madgaon Mumbai CSMT Jan Shatabdi Express,Mumbai CSMT,00:10
11098,Kottayam Pune Poorna Express,Ernakulam Jn.,18:50
11098,Kottayam Pune Poorna Express,Aluva,19:16
11098,Kottayam Pune Poorna Express,Thrisur,20:07
11098,Kottayam Pune Poorna Express,Shoranur Jn.,21:00
11098,Kottayam Pune Poorna Express,Tirur,21:40
11098,Kottayam Pune Poorna Express,Kozhikode,22:20
11098,Kottayam Pune Poorna Express,Thalassery,23:10
11098,Kottayam Pune Poorna Express,Kannur,23:40
11098,Kottayam Pune Poorna Express,Kasaragod,00:55
11098,Kottayam Pune Poorna Express,Mangaluru Jn.,01:55
11098,Kottayam Pune Poorna Express,Udupi,03:22
11098,Kottayam Pune Poorna Express,Kundapura,04:04
11098,Kottayam Pune Poorna Express,Bhatkal,04:58
11098,Kottayam Pune Poorna Express,Karwar,07:12
11098,Kottayam Pune Poorna Express,Madgaon,09:55
11098,Kottayam Pune Poorna Express,Lokmanya Tilak (T),23:30
20112,Madgaon Mumbai CSMT Konkan Kanya Express,Madgaon,18:00
20112,Madgaon Mumbai CSMT Konkan Kanya Express,Karmali,18:32
20112,Madgaon Mumbai CSMT Konkan Kanya Express,Thivim,18:54
20112,Madgaon Mumbai CSMT Konkan Kanya Express,Sawantwadi Road,19:32
20112,Madgaon Mumbai CSMT Konkan Kanya Express,Kudal,19:54
20112,Madgaon Mumbai CSMT Konkan Kanya Express,Ratnagiri,22:55
20112,Madgaon Mumbai CSMT Konkan Kanya Express,Chiplun,00:18
20112,Madgaon Mumbai CSMT Konkan Kanya Express,Panvel,04:00
20112,Madgaon Mumbai CSMT Konkan Kanya Express,Dadar,05:15
20112,Madgaon Mumbai CSMT Konkan Kanya Express,Mumbai CSMT,05:40
12620,Mangaluru Central Lokmanya Tilak (T) Matsya- gandha Express,Mangaluru Central,12:45
12620,Mangaluru Central Lokmanya Tilak (T) Matsya- gandha Express,Suratkal,13:34
12620,Mangaluru Central Lokmanya Tilak (T) Matsya- gandha Express,Udupi,14:12
12620,Mangaluru Central Lokmanya Tilak (T) Matsya- gandha Express,Kundapura,14:42
12620,Mangaluru Central Lokmanya Tilak (T) Matsya- gandha Express,Bhatkal,15:28
12620,Mangaluru Central Lokmanya Tilak (T) Matsya- gandha Express,Karwar,17:32
12620,Mangaluru Central Lokmanya Tilak (T) Matsya- gandha Express,Madgaon,19:40
12620,Mangaluru Central Lokmanya Tilak (T) Matsya- gandha Express,Kudal,21:12
12620,Mangaluru Central Lokmanya Tilak (T) Matsya- gandha Express,Ratnagiri,23:35
12620,Mangaluru Central Lokmanya Tilak (T) Matsya- gandha Express,Chiplun,01:02
12620,Mangaluru Central Lokmanya Tilak (T) Matsya- gandha Express,Panvel,05:05
12620,Mangaluru Central Lokmanya Tilak (T) Matsya- gandha Express,Lokmanya Tilak (T),06:35
12202,Kochuveli Lokmanya Tilak (T) Garib Rath Express,Thiruvanthapuram North,07:45
12202,Kochuveli Lokmanya Tilak (T) Garib Rath Express,Kollam Jn.,08:48
12202,Kochuveli Lokmanya Tilak (T) Garib Rath Express,Kottayam,10:30
12202,Kochuveli Lokmanya Tilak (T) Garib Rath Express,Ernakulam Town,11:45
12202,Kochuveli Lokmanya Tilak (T) Garib Rath Express,Thrisur,13:00
12202,Kochuveli Lokmanya Tilak (T) Garib Rath Express,Shoranur Jn.,14:15
12202,Kochuveli Lokmanya Tilak (T) Garib Rath Express,Tirur,14:55
12202,Kochuveli Lokmanya Tilak (T) Garib Rath Express,Kozhikode,15:35
12202,Kochuveli Lokmanya Tilak (T) Garib Rath Express,Kannur,16:40
12202,Kochuveli Lokmanya Tilak (T) Garib Rath Express,Kasaragod,17:45
12202,Kochuveli Lokmanya Tilak (T) Garib Rath Express,Mangaluru Jn.,19:15
12202,Kochuveli Lokmanya Tilak (T) Garib Rath Express,Udupi,21:10
12202,Kochuveli Lokmanya Tilak (T) Garib Rath Express,Karwar,00:24
12202,Kochuveli Lokmanya Tilak (T) Garib Rath Express,Madgaon,01:55
12202,Kochuveli Lokmanya Tilak (T) Garib Rath Express,Ratnagiri,06:55
12202,Kochuveli Lokmanya Tilak (T) Garib Rath Express,Panvel,13:02
12202,Kochuveli Lokmanya Tilak (T) Garib Rath Express,Lokmanya Tilak (T),14:40
22659,Kochuveli Dehradun Express,Thiruvanthapuram North,04:50
22659,Kochuveli Dehradun Express,Kollam Jn.,05:50
22659,Kochuveli Dehradun Express,Alappuzha,07:35
22659,Kochuveli Dehradun Express,Ernakulam Jn.,09:40
22659,Kochuveli Dehradun Express,Thrisur,11:10
22659,Kochuveli Dehradun Express,Shoranur Jn.,12:05
22659,Kochuveli Dehradun Express,Kozhikode,13:25
22659,Kochuveli Dehradun Express,Kannur,14:45
22659,Kochuveli Dehradun Express,Kasaragod,15:50
22659,Kochuveli Dehradun Express,Mangaluru Jn.,17:10
22659,Kochuveli Dehradun Express,Udupi,19:02
22659,Kochuveli Dehradun Express,Madgaon,23:40
22659,Kochuveli Dehradun Express,Ratnagiri,04:55
22659,Kochuveli Dehradun Express,Panvel,11:00
22659,Kochuveli Dehradun Express,Vasai Road,12:40
22659,Kochuveli Dehradun Express,Surat,15:28
22659,Kochuveli Dehradun Express,Vadodara,17:12
22659,Kochuveli Dehradun Express,Kota,23:56
12483,Kochuveli Amritsar Express,Thiruvanthapuram North,04:50
12483,Kochuveli Amritsar Express,Kollam Jn.,05:50
12483,Kochuveli Amritsar Express,Alappuzha,07:35
12483,Kochuveli Amritsar Express,Ernakulam Jn.,09:40
12483,Kochuveli Amritsar Express,Thrisur,11:10
12483,Kochuveli Amritsar Express,Shoranur Jn.,12:05
12483,Kochuveli Amritsar Express,Kozhikode,13:25
12483,Kochuveli Amritsar Express,Kannur,14:45
12483,Kochuveli Amritsar Express,Kasaragod,15:50
12483,Kochuveli Amritsar Express,Mangaluru Jn.,17:10
12483,Kochuveli Amritsar Express,Udupi,19:02
12483,Kochuveli Amritsar Express,Madgaon,23:40
12483,Kochuveli Amritsar Express,Ratnagiri,04:55
12483,Kochuveli Amritsar Express,Chiplun,06:27
12483,Kochuveli Amritsar Express,Panvel,11:00
12483,Kochuveli Amritsar Express,Vasai Road,12:40
12483,Kochuveli Amritsar Express,Surat,15:28
12483,Kochuveli Amritsar Express,Vadodara,17:12
12483,Kochuveli Amritsar Express,Kota,23:56
12217,Kochuveli Chandigarh Kerala Sampark Kranti Express,Thiruvanthapuram North,04:50
12217,Kochuveli Chandigarh Kerala Sampark Kranti Express,Kollam Jn.,05:50
12217,Kochuveli Chandigarh Kerala Sampark Kranti Express,Alappuzha,07:35
12217,Kochuveli Chandigarh Kerala Sampark Kranti Express,Ernakulam Jn.,09:40
12217,Kochuveli Chandigarh Kerala Sampark Kranti Express,Thrisur,11:10
12217,Kochuveli Chandigarh Kerala Sampark Kranti Express,Shoranur Jn.,12:05
12217,Kochuveli Chandigarh Kerala Sampark Kranti Express,Tirur,12:45
12217,Kochuveli Chandigarh Kerala Sampark Kranti Express,Kozhikode,13:25
12217,Kochuveli Chandigarh Kerala Sampark Kranti Express,Kannur,14:45
12217,Kochuveli Chandigarh Kerala Sampark Kranti Express,Kasaragod,15:50
12217,Kochuveli Chandigarh Kerala Sampark Kranti Express,Mangaluru Jn.,17:10
12217,Kochuveli Chandigarh Kerala Sampark Kranti Express,Udupi,19:02
12217,Kochuveli Chandigarh Kerala Sampark Kranti Express,Madgaon,23:40
12217,Kochuveli Chandigarh Kerala Sampark Kranti Express,Ratnagiri,04:55
12217,Kochuveli Chandigarh Kerala Sampark Kranti Express,Panvel,11:00
12217,Kochuveli Chandigarh Kerala Sampark Kranti Express,Vasai Road,12:40
12217,Kochuveli Chandigarh Kerala Sampark Kranti Express,Surat,15:28
12217,Kochuveli Chandigarh Kerala Sampark Kranti Express,Vadodara,17:12
12217,Kochuveli Chandigarh Kerala Sampark Kranti Express,Kota,23:56
19577,Tirunel veli Jamnagar Express,Tirunelveli Jn.,05:05
19577,Tirunel veli Jamnagar Express,Nagercoil Town,06:54
19577,Tirunel veli Jamnagar Express,Thiruvananthapuram Central,08:50
19577,Tirunel veli Jamnagar Express,Kollam Jn.,10:08
19577,Tirunel veli Jamnagar Express,Alappuzha,11:23
19577,Tirunel veli Jamnagar Express,Ernakulam Jn.,12:55
19577,Tirunel veli Jamnagar Express,Aluva,13:22
19577,Tirunel veli Jamnagar Express,Thrisur,14:12
19577,Tirunel veli Jamnagar Express,Shoranur Jn.,15:10
19577,Tirunel veli Jamnagar Express,Tirur,15:50
19577,Tirunel veli Jamnagar Express,Kozhikode,16:30
19577,Tirunel veli Jamnagar Express,Kannur,17:55
19577,Tirunel veli Jamnagar Express,Kasaragod,19:05
19577,Tirunel veli Jamnagar Express,Mangaluru Jn.,20:00
19577,Tirunel veli Jamnagar Express,Udupi,21:52
19577,Tirunel veli Jamnagar Express,Karwar,01:02
19577,Tirunel veli Jamnagar Express,Madgaon,02:25
19577,Tirunel veli Jamnagar Express,Ratnagiri,08:00
19577,Tirunel veli Jamnagar Express,Panvel,13:25
19577,Tirunel veli Jamnagar Express,Vasai Road,15:15
19577,Tirunel veli Jamnagar Express,Surat,18:33
19577,Tirunel veli Jamnagar Express,Vadodara,20:44
19577,Tirunel veli Jamnagar Express,Ahmedabad,22:45
19577,Tirunel veli Jamnagar Express,Surendranagar,00:55
19577,Tirunel veli Jamnagar Express,Rajkot,02:51
19577,Tirunel veli Jamnagar Express,Hapa,03:53
19577,Tirunel veli Jamnagar Express,Jamnagar,04:25
20923,Tirunelveli Gandhi- dham Humsafar Express,Tirunelveli Jn.,05:05
20923,Tirunelveli Gandhi- dham Humsafar Express,Nagercoil Town,06:54
20923,Tirunelveli Gandhi- dham Humsafar Express,Thiruvananthapuram Central,08:50
20923,Tirunelveli Gandhi- dham Humsafar Express,Kollam Jn.,10:08
20923,Tirunelveli Gandhi- dham Humsafar Express,Alappuzha,11:23
20923,Tirunelveli Gandhi- dham Humsafar Express,Ernakulam Jn.,12:55
20923,Tirunelveli Gandhi- dham Humsafar Express,Thrisur,14:12
20923,Tirunelveli Gandhi- dham Humsafar Express,Shoranur Jn.,15:10
20923,Tirunelveli Gandhi- dham Humsafar Express,Kozhikode,16:30
20923,Tirunelveli Gandhi- dham Humsafar Express,Kannur,17:55
20923,Tirunelveli Gandhi- dham Humsafar Express,Kasaragod,19:05
20923,Tirunelveli Gandhi- dham Humsafar Express,Mangaluru Jn.,20:00
20923,Tirunelveli Gandhi- dham Humsafar Express,Karwar,01:02
20923,Tirunelveli Gandhi- dham Humsafar Express,Madgaon,02:40
20923,Tirunelveli Gandhi- dham Humsafar Express,Ratnagiri,08:00
20923,Tirunelveli Gandhi- dham Humsafar Express,Panvel,13:25
20923,Tirunelveli Gandhi- dham Humsafar Express,Vasai Road,15:05
20923,Tirunelveli Gandhi- dham Humsafar Express,Surat,18:09
20923,Tirunelveli Gandhi- dham Humsafar Express,Vadodara,19:47
20923,Tirunelveli Gandhi- dham Humsafar Express,Ahmedabad,21:45
20923,Tirunelveli Gandhi- dham Humsafar Express,Gandhidham,02:35
20931,Kochuveli Indore Express,Thiruvanthapuram North,09:10
20931,Kochuveli Indore Express,Kollam Jn.,10:08
20931,Kochuveli Indore Express,Alappuzha,11:23
20931,Kochuveli Indore Express,Ernakulam Jn.,12:55
20931,Kochuveli Indore Express,Aluva,13:22
20931,Kochuveli Indore Express,Thrisur,14:12
20931,Kochuveli Indore Express,Shoranur Jn.,15:10
20931,Kochuveli Indore Express,Kozhikode,16:30
20931,Kochuveli Indore Express,Kannur,17:55
20931,Kochuveli Indore Express,Kasaragod,19:05
20931,Kochuveli Indore Express,Mangaluru Jn.,20:00
20931,Kochuveli Indore Express,Udupi,21:52
20931,Kochuveli Indore Express,Karwar,01:02
20931,Kochuveli Indore Express,Madgaon,02:40
20931,Kochuveli Indore Express,Thivim,03:28
20931,Kochuveli Indore Express,Kudal,04:42
20931,Kochuveli Indore Express,Ratnagiri,08:00
20931,Kochuveli Indore Express,Chiplun,09:18
20931,Kochuveli Indore Express,Panvel,13:25
20931,Kochuveli Indore Express,Vasai Road,15:05
20931,Kochuveli Indore Express,Surat,18:09
20931,Kochuveli Indore Express,Vadodara,19:51
20931,Kochuveli Indore Express,Ratlam,23:35
20931,Kochuveli Indore Express,Indore,04:30
20909,Thiruvanan- thapuram Porbander Express,Thiruvanthapuram North,09:10
20909,Thiruvanan- thapuram Porbander Express,Kollam Jn.,10:08
20909,Thiruvanan- thapuram Porbander Express,Alappuzha,11:23
20909,Thiruvanan- thapuram Porbander Express,Ernakulam Jn.,12:55
20909,Thiruvanan- thapuram Porbander Express,Thrisur,14:12
20909,Thiruvanan- thapuram Porbander Express,Shoranur Jn.,15:10
20909,Thiruvanan- thapuram Porbander Express,Tirur,15:50
20909,Thiruvanan- thapuram Porbander Express,Kozhikode,16:30
20909,Thiruvanan- thapuram Porbander Express,Kannur,17:55
20909,Thiruvanan- thapuram Porbander Express,Kasaragod,19:05
20909,Thiruvanan- thapuram Porbander Express,Mangaluru Jn.,20:00
20909,Thiruvanan- thapuram Porbander Express,Udupi,21:52
20909,Thiruvanan- thapuram Porbander Express,Karwar,01:02
20909,Thiruvanan- thapuram Porbander Express,Madgaon,02:40
20909,Thiruvanan- thapuram Porbander Express,Ratnagiri,08:00
20909,Thiruvanan- thapuram Porbander Express,Panvel,13:25
20909,Thiruvanan- thapuram Porbander Express,Vasai Road,15:15
20909,Thiruvanan- thapuram Porbander Express,Surat,18:33
20909,Thiruvanan- thapuram Porbander Express,Vadodara,20:44
20909,Thiruvanan- thapuram Porbander Express,Anand,21:34
20909,Thiruvanan- thapuram Porbander Express,Ahmedabad,22:45
20909,Thiruvanan- thapuram Porbander Express,Viramgam,23:47
20909,Thiruvanan- thapuram Porbander Express,Surendranagar,00:55
20909,Thiruvanan- thapuram Porbander Express,Rajkot,02:51
20909,Thiruvanan- thapuram Porbander Express,Hapa,03:53
20909,Thiruvanan- thapuram Porbander Express,Jamnagar,04:20
20909,Thiruvanan- thapuram Porbander Express,Porbander,07:15
12134,Mangaluru Jn. Mumbai CSMT Express,Mangaluru Jn.,16:35
12134,Mangaluru Jn. Mumbai CSMT Express,Suratkal,17:08
12134,Mangaluru Jn. Mumbai CSMT Express,Udupi,17:52
12134,Mangaluru Jn. Mumbai CSMT Express,Kundapura,18:20
12134,Mangaluru Jn. Mumbai CSMT Express,Bhatkal,19:12
12134,Mangaluru Jn. Mumbai CSMT Express,Karwar,20:58
12134,Mangaluru Jn. Mumbai CSMT Express,Madgaon,22:10
12134,Mangaluru Jn. Mumbai CSMT Express,Karmali,22:42
12134,Mangaluru Jn. Mumbai CSMT Express,Ratnagiri,02:25
12134,Mangaluru Jn. Mumbai CSMT Express,Panvel,08:30
12134,Mangaluru Jn. Mumbai CSMT Express,Mumbai CSMT,10:32
10216,Ernakulam Madgaon Express,Ernakulam Jn.,13:25
10216,Ernakulam Madgaon Express,Aluva,13:47
10216,Ernakulam Madgaon Express,Thrisur,14:37
10216,Ernakulam Madgaon Express,Shoranur Jn.,15:25
10216,Ernakulam Madgaon Express,Tirur,16:05
10216,Ernakulam Madgaon Express,Kozhikode,16:50
10216,Ernakulam Madgaon Express,Kannur,18:10
10216,Ernakulam Madgaon Express,Kasaragod,19:15
10216,Ernakulam Madgaon Express,Mangaluru Jn.,20:20
10216,Ernakulam Madgaon Express,Udupi,22:40
10216,Ernakulam Madgaon Express,Bhatkal,23:58
10216,Ernakulam Madgaon Express,Karwar,01:58
10216,Ernakulam Madgaon Express,Madgaon,03:30
22149,Ernakulam Pune Express,Ernakulam Jn.,02:15
22149,Ernakulam Pune Express,Ernakulam Town,02:00
22149,Ernakulam Pune Express,Thrisur,03:15
22149,Ernakulam Pune Express,Shoranur Jn.,04:15
22149,Ernakulam Pune Express,Tirur,04:55
22149,Ernakulam Pune Express,Kozhikode,05:40
22149,Ernakulam Pune Express,Thalassery,06:30
22149,Ernakulam Pune Express,Kannur,07:05
22149,Ernakulam Pune Express,Kasaragod,08:15
22149,Ernakulam Pune Express,Mangaluru Jn.,09:25
22149,Ernakulam Pune Express,Udupi,11:02
22149,Ernakulam Pune Express,Kundapura,11:38
22149,Ernakulam Pune Express,Karwar,14:12
22149,Ernakulam Pune Express,Madgaon,15:50
22149,Ernakulam Pune Express,Sawantwadi Road,17:22
22149,Ernakulam Pune Express,Ratnagiri,20:25
22149,Ernakulam Pune Express,Chiplun,22:12
22149,Ernakulam Pune Express,Panvel,02:30
22149,Ernakulam Pune Express,Dadar,05:30
22476,Coimbatore Hisar AC Express,Thiruvananthapuram Central,13:30
22476,Coimbatore Hisar AC Express,Shoranur Jn.,15:00
22476,Coimbatore Hisar AC Express,Kozhikode,16:30
22476,Coimbatore Hisar AC Express,Kannur,17:55
22476,Coimbatore Hisar AC Express,Mangaluru Jn.,20:00
22476,Coimbatore Hisar AC Express,Udupi,21:52
22476,Coimbatore Hisar AC Express,Bhatkal,23:18
22476,Coimbatore Hisar AC Express,Karwar,01:02
22476,Coimbatore Hisar AC Express,Madgaon,02:40
22476,Coimbatore Hisar AC Express,Thivim,03:28
22476,Coimbatore Hisar AC Express,Ratnagiri,08:00
22476,Coimbatore Hisar AC Express,Chiplun,09:18
22476,Coimbatore Hisar AC Express,Panvel,13:25
22476,Coimbatore Hisar AC Express,Vasai Road,15:05
22476,Coimbatore Hisar AC Express,Surat,17:57
22476,Coimbatore Hisar AC Express,Vadodara,19:38
22476,Coimbatore Hisar AC Express,Anand,20:09
22476,Coimbatore Hisar AC Express,Ahmedabad,21:35
22476,Coimbatore Hisar AC Express,Palanpur,00:25
22630,Tirunelveli Dadar Express,Tirunelveli Jn.,07:20
22630,Tirunelveli Dadar Express,Shoranur Jn.,17:05
22630,Tirunelveli Dadar Express,Kozhikode,18:25
22630,Tirunelveli Dadar Express,Kannur,19:50
22630,Tirunelveli Dadar Express,Kasaragod,20:50
22630,Tirunelveli Dadar Express,Mangaluru Jn.,22:00
22630,Tirunelveli Dadar Express,Udupi,23:42
22630,Tirunelveli Dadar Express,Karwar,03:12
22630,Tirunelveli Dadar Express,Madgaon,04:25
22630,Tirunelveli Dadar Express,Thivim,05:32
22630,Tirunelveli Dadar Express,Ratnagiri,10:00
22630,Tirunelveli Dadar Express,Chiplun,11:48
22630,Tirunelveli Dadar Express,Panvel,15:45
22630,Tirunelveli Dadar Express,Dadar,17:05
16595,KSR Bengaluru Mangaluru entral Kar ar Expres (via Padil),Nagercoil Town,18:50
16595,KSR Bengaluru Mangaluru entral Kar ar Expres (via Padil),Suratkal,03:37
16595,KSR Bengaluru Mangaluru entral Kar ar Expres (via Padil),Udupi,04:18
16595,KSR Bengaluru Mangaluru entral Kar ar Expres (via Padil),Kundapura,05:07
16595,KSR Bengaluru Mangaluru entral Kar ar Expres (via Padil),Bhatkal,05:50
16595,KSR Bengaluru Mangaluru entral Kar ar Expres (via Padil),Karwar,08:40
22633,Thiruvanan- thapuram Nizamuddin Express,Thiruvananthapuram Central,14:40
22633,Thiruvanan- thapuram Nizamuddin Express,Kollam Jn.,15:38
22633,Thiruvanan- thapuram Nizamuddin Express,Alappuzha,17:00
22633,Thiruvanan- thapuram Nizamuddin Express,Ernakulam Jn.,18:30
22633,Thiruvanan- thapuram Nizamuddin Express,Aluva,19:16
22633,Thiruvanan- thapuram Nizamuddin Express,Thrisur,20:07
22633,Thiruvanan- thapuram Nizamuddin Express,Shoranur Jn.,21:00
22633,Thiruvanan- thapuram Nizamuddin Express,Kozhikode,22:20
22633,Thiruvanan- thapuram Nizamuddin Express,Kannur,23:40
22633,Thiruvanan- thapuram Nizamuddin Express,Kasaragod,00:45
22633,Thiruvanan- thapuram Nizamuddin Express,Mangaluru Jn.,01:55
22633,Thiruvanan- thapuram Nizamuddin Express,Udupi,03:22
22633,Thiruvanan- thapuram Nizamuddin Express,Karwar,06:20
22633,Thiruvanan- thapuram Nizamuddin Express,Madgaon,08:00
22633,Thiruvanan- thapuram Nizamuddin Express,Ratnagiri,12:50
22633,Thiruvanan- thapuram Nizamuddin Express,Chiplun,14:42
22633,Thiruvanan- thapuram Nizamuddin Express,Panvel,18:05
22633,Thiruvanan- thapuram Nizamuddin Express,Vasai Road,19:35
22633,Thiruvanan- thapuram Nizamuddin Express,Surat,22:18
22633,Thiruvanan- thapuram Nizamuddin Express,Vadodara,23:59
22633,Thiruvanan- thapuram Nizamuddin Express,Ratlam,03:50
22633,Thiruvanan- thapuram Nizamuddin Express,Kota,06:55
22413,Madgaon Nizamuddin Rajdhani Express,Madgaon,08:00
22413,Madgaon Nizamuddin Rajdhani Express,Thivim,08:48
22413,Madgaon Nizamuddin Rajdhani Express,Kudal,09:52
22413,Madgaon Nizamuddin Rajdhani Express,Ratnagiri,12:45
22413,Madgaon Nizamuddin Rajdhani Express,Panvel,18:05
22413,Madgaon Nizamuddin Rajdhani Express,Vasai Road,19:35
22413,Madgaon Nizamuddin Rajdhani Express,Surat,22:18
22413,Madgaon Nizamuddin Rajdhani Express,Vadodara,23:59
22413,Madgaon Nizamuddin Rajdhani Express,Ratlam,03:50
22413,Madgaon Nizamuddin Rajdhani Express,Kota,06:55
11100,Madgaon Lokmanya Tilak (T) Express,Madgaon,11:30
11100,Madgaon Lokmanya Tilak (T) Express,Karmali,12:02
11100,Madgaon Lokmanya Tilak (T) Express,Thivim,12:22
11100,Madgaon Lokmanya Tilak (T) Express,Sawantwadi Road,12:52
11100,Madgaon Lokmanya Tilak (T) Express,Ratnagiri,16:35
11100,Madgaon Lokmanya Tilak (T) Express,Chiplun,17:58
11100,Madgaon Lokmanya Tilak (T) Express,Panvel,21:47
11100,Madgaon Lokmanya Tilak (T) Express,Lokmanya Tilak (T),23:35
10106,Sawantwadi Road Diva Express,Sawantwadi Road,08:40
10106,Sawantwadi Road Diva Express,Kudal,09:08
10106,Sawantwadi Road Diva Express,Ratnagiri,12:05
10106,Sawantwadi Road Diva Express,Chiplun,13:50
10106,Sawantwadi Road Diva Express,Panvel,19:23
10106,Sawantwadi Road Diva Express,Lokmanya Tilak (T),20:10
10108,Mangaluru Central Madgaon Express,Mangaluru Central,15:30
10108,Mangaluru Central Madgaon Express,Mangaluru Jn.,15:42
10108,Mangaluru Central Madgaon Express,Suratkal,16:34
10108,Mangaluru Central Madgaon Express,Udupi,17:11
10108,Mangaluru Central Madgaon Express,Kundapura,17:41
10108,Mangaluru Central Madgaon Express,Bhatkal,18:26
10108,Mangaluru Central Madgaon Express,Karwar,20:41
10108,Mangaluru Central Madgaon Express,Canacona,21:02
10108,Mangaluru Central Madgaon Express,Madgaon,23:00
22230,Madgaon CSMT Vande Bharat Express,Madgaon,12:20
22230,Madgaon CSMT Vande Bharat Express,Thivim,13:08
22230,Madgaon CSMT Vande Bharat Express,Ratnagiri,17:00
22230,Madgaon CSMT Vande Bharat Express,Panvel,21:02
22230,Madgaon CSMT Vande Bharat Express,Dadar,22:07
22230,Madgaon CSMT Vande Bharat Express,Mumbai CSMT,22:25
20646,Mangalore Madgaon Vande Bharat Express,Mangaluru Central,08:30
20646,Mangalore Madgaon Vande Bharat Express,Udupi,09:50
20646,Mangalore Madgaon Vande Bharat Express,Karwar,12:40
20646,Mangalore Madgaon Vande Bharat Express,Madgaon,14:10
12789,Kacheguda Murdeshwar Express (via MAQ),Tirunelveli Jn.,06:05
12789,Kacheguda Murdeshwar Express (via MAQ),Shoranur Jn.,03:30
12789,Kacheguda Murdeshwar Express (via MAQ),Tirur,04:10
12789,Kacheguda Murdeshwar Express (via MAQ),Kozhikode,04:55
12789,Kacheguda Murdeshwar Express (via MAQ),Thalassery,05:50
12789,Kacheguda Murdeshwar Express (via MAQ),Kannur,06:20
12789,Kacheguda Murdeshwar Express (via MAQ),Kasaragod,07:45
12789,Kacheguda Murdeshwar Express (via MAQ),Mangaluru Central,09:40
12789,Kacheguda Murdeshwar Express (via MAQ),Suratkal,10:34
12789,Kacheguda Murdeshwar Express (via MAQ),Udupi,11:42
12789,Kacheguda Murdeshwar Express (via MAQ),Kundapura,12:12
12789,Kacheguda Murdeshwar Express (via MAQ),Bhatkal,13:42
12789,Kacheguda Murdeshwar Express (via MAQ),Canacona,15:10
