train_num,train_name,halt_station_name,departure_time
12066,Delhi Sarai Rohilla Ajmer Jan Shatabdi Express,Delhi Sarai Rohilla,16:15
12066,Delhi Sarai Rohilla Ajmer Jan Shatabdi Express,Delhi Cantt.,16:32
12066,Delhi Sarai Rohilla Ajmer Jan Shatabdi Express,Gurgaon,16:50
12066,Delhi Sarai Rohilla Ajmer Jan Shatabdi Express,Rewari,17:37
12066,Delhi Sarai Rohilla Ajmer Jan Shatabdi Express,Ringus,19:42
12066,Delhi Sarai Rohilla Ajmer Jan Shatabdi Express,Phulera,20:38
12066,Delhi Sarai Rohilla Ajmer Jan Shatabdi Express,Kishangarh,21:19
12066,Delhi Sarai Rohilla Ajmer Jan Shatabdi Express,Ajmer,22:20
19416,Shri Mata Vaishno Devi Katra Sabarmati Express,Rewari,06:35
19416,Shri Mata Vaishno Devi Katra Sabarmati Express,Alwar,07:48
19416,Shri Mata Vaishno Devi Katra Sabarmati Express,Bandikui,08:52
19416,Shri Mata Vaishno Devi Katra Sabarmati Express,Jaipur,11:10
19416,Shri Mata Vaishno Devi Katra Sabarmati Express,Phulera,11:52
19416,Shri Mata Vaishno Devi Katra Sabarmati Express,Kishangarh,12:32
19416,Shri Mata Vaishno Devi Katra Sabarmati Express,Ajmer,13:25
19416,Shri Mata Vaishno Devi Katra Sabarmati Express,Beawar,14:10
19416,Shri Mata Vaishno Devi Katra Sabarmati Express,Marwar,15:20
19416,Shri Mata Vaishno Devi Katra Sabarmati Express,Falna,16:08
19416,Shri Mata Vaishno Devi Katra Sabarmati Express,Abu Road,17:40
19416,Shri Mata Vaishno Devi Katra Sabarmati Express,Palanpur,18:55
19416,Shri Mata Vaishno Devi Katra Sabarmati Express,Mahesana,20:01
19416,Shri Mata Vaishno Devi Katra Sabarmati Express,Sabarmati,21:20
22452,Chandigarh Bandra (T) Express,Delhi Cantt.,10:07
22452,Chandigarh Bandra (T) Express,Gurgaon,10:26
22452,Chandigarh Bandra (T) Express,Rewari,11:25
22452,Chandigarh Bandra (T) Express,Ringus,13:30
22452,Chandigarh Bandra (T) Express,Phulera,14:32
22452,Chandigarh Bandra (T) Express,Kishangarh,15:13
22452,Chandigarh Bandra (T) Express,Ajmer,16:00
22452,Chandigarh Bandra (T) Express,Beawar,16:43
22452,Chandigarh Bandra (T) Express,Marwar,18:00
22452,Chandigarh Bandra (T) Express,Falna,18:45
22452,Chandigarh Bandra (T) Express,Abu Road,20:15
22452,Chandigarh Bandra (T) Express,Palanpur,21:20
22452,Chandigarh Bandra (T) Express,Mahesana,22:13
22452,Chandigarh Bandra (T) Express,Ahmedabad,00:35
12215,Delhi Sarai Rohilla Bandra (T) Garib Rath Express,Delhi Sarai Rohilla,08:55
12215,Delhi Sarai Rohilla Bandra (T) Garib Rath Express,Delhi Cantt.,09:12
12215,Delhi Sarai Rohilla Bandra (T) Garib Rath Express,Gurgaon,09:30
12215,Delhi Sarai Rohilla Bandra (T) Garib Rath Express,Rewari,10:20
12215,Delhi Sarai Rohilla Bandra (T) Garib Rath Express,Alwar,11:25
12215,Delhi Sarai Rohilla Bandra (T) Garib Rath Express,Jaipur,13:35
12215,Delhi Sarai Rohilla Bandra (T) Garib Rath Express,Ajmer,16:00
12215,Delhi Sarai Rohilla Bandra (T) Garib Rath Express,Falna,18:45
12215,Delhi Sarai Rohilla Bandra (T) Garib Rath Express,Abu Road,20:15
12215,Delhi Sarai Rohilla Bandra (T) Garib Rath Express,Palanpur,21:20
12215,Delhi Sarai Rohilla Bandra (T) Garib Rath Express,Mahesana,22:13
12215,Delhi Sarai Rohilla Bandra (T) Garib Rath Express,Gandhinagar Capital,23:22
12215,Delhi Sarai Rohilla Bandra (T) Garib Rath Express,Ahmedabad,00:35
15269,Muzaffarpur Sabarmati Jan Sadharan Express,Agra Fort,16:45
15269,Muzaffarpur Sabarmati Jan Sadharan Express,Bharatpur,17:50
15269,Muzaffarpur Sabarmati Jan Sadharan Express,Jaipur,21:20
15269,Muzaffarpur Sabarmati Jan Sadharan Express,Phulera,22:07
15269,Muzaffarpur Sabarmati Jan Sadharan Express,Ajmer,23:30
15269,Muzaffarpur Sabarmati Jan Sadharan Express,Marwar,01:15
15269,Muzaffarpur Sabarmati Jan Sadharan Express,Abu Road,03:30
15269,Muzaffarpur Sabarmati Jan Sadharan Express,Palanpur,04:22
15269,Muzaffarpur Sabarmati Jan Sadharan Express,Mahesana,05:15
15269,Muzaffarpur Sabarmati Jan Sadharan Express,Sabarmati,06:45
14701,Sri Ganga Nagar Bandra (T) Amrapur Aravali Express,Ringus,07:40
14701,Sri Ganga Nagar Bandra (T) Amrapur Aravali Express,Jaipur,09:25
14701,Sri Ganga Nagar Bandra (T) Amrapur Aravali Express,Phulera,10:16
14701,Sri Ganga Nagar Bandra (T) Amrapur Aravali Express,Kishangarh,11:05
14701,Sri Ganga Nagar Bandra (T) Amrapur Aravali Express,Ajmer,12:00
14701,Sri Ganga Nagar Bandra (T) Amrapur Aravali Express,Beawar,12:48
14701,Sri Ganga Nagar Bandra (T) Amrapur Aravali Express,Sojat Road,13:42
14701,Sri Ganga Nagar Bandra (T) Amrapur Aravali Express,Marwar,14:15
14701,Sri Ganga Nagar Bandra (T) Amrapur Aravali Express,Falna,15:23
14701,Sri Ganga Nagar Bandra (T) Amrapur Aravali Express,Abu Road,17:20
14701,Sri Ganga Nagar Bandra (T) Amrapur Aravali Express,Palanpur,18:30
14701,Sri Ganga Nagar Bandra (T) Amrapur Aravali Express,Mahesana,19:45
14701,Sri Ganga Nagar Bandra (T) Amrapur Aravali Express,Kalol,20:23
14701,Sri Ganga Nagar Bandra (T) Amrapur Aravali Express,Sabarmati,20:57
14701,Sri Ganga Nagar Bandra (T) Amrapur Aravali Express,Ahmedabad,21:50
12414,Jammu Tawi Ajmer-Gal- tadham Pooja Express,Delhi,04:15
12414,Jammu Tawi Ajmer-Gal- tadham Pooja Express,Delhi Cantt.,04:45
12414,Jammu Tawi Ajmer-Gal- tadham Pooja Express,Gurgaon,05:03
12414,Jammu Tawi Ajmer-Gal- tadham Pooja Express,Rewari,06:01
12414,Jammu Tawi Ajmer-Gal- tadham Pooja Express,Alwar,07:05
12414,Jammu Tawi Ajmer-Gal- tadham Pooja Express,Bandikui,07:57
12414,Jammu Tawi Ajmer-Gal- tadham Pooja Express,Jaipur,09:40
12414,Jammu Tawi Ajmer-Gal- tadham Pooja Express,Phulera,10:29
12414,Jammu Tawi Ajmer-Gal- tadham Pooja Express,Kishangarh,11:13
12414,Jammu Tawi Ajmer-Gal- tadham Pooja Express,Ajmer,12:15
12015,New Delhi Ajmer Shatabdi Express,New Delhi,06:10
12015,New Delhi Ajmer Shatabdi Express,Delhi Cantt.,06:40
12015,New Delhi Ajmer Shatabdi Express,Gurgaon,06:58
12015,New Delhi Ajmer Shatabdi Express,Rewari,07:47
12015,New Delhi Ajmer Shatabdi Express,Alwar,08:35
12015,New Delhi Ajmer Shatabdi Express,Bandikui,09:21
12015,New Delhi Ajmer Shatabdi Express,Jaipur,10:45
12015,New Delhi Ajmer Shatabdi Express,Kishangarh,12:05
12015,New Delhi Ajmer Shatabdi Express,Ajmer,13:00
12395,Rajen- dranagar Ajmer Ziyarat Express,Agra Fort,07:40
12395,Rajen- dranagar Ajmer Ziyarat Express,Sawai Madhopur,11:05
12395,Rajen- dranagar Ajmer Ziyarat Express,Jaipur,13:20
12395,Rajen- dranagar Ajmer Ziyarat Express,Kishangarh,14:40
12395,Rajen- dranagar Ajmer Ziyarat Express,Ajmer,15:35
20938,Delhi Sarai Rohilla Porbandar Express,Delhi Sarai Rohilla,08:10
20938,Delhi Sarai Rohilla Porbandar Express,Delhi Cantt.,08:27
20938,Delhi Sarai Rohilla Porbandar Express,Gurgaon,08:50
20938,Delhi Sarai Rohilla Porbandar Express,Rewari,09:47
20938,Delhi Sarai Rohilla Porbandar Express,Alwar,10:46
20938,Delhi Sarai Rohilla Porbandar Express,Bandikui,11:37
20938,Delhi Sarai Rohilla Porbandar Express,Jaipur,13:05
20938,Delhi Sarai Rohilla Porbandar Express,Phulera,13:47
20938,Delhi Sarai Rohilla Porbandar Express,Kishangarh,14:28
20938,Delhi Sarai Rohilla Porbandar Express,Ajmer,15:15
20938,Delhi Sarai Rohilla Porbandar Express,Beawar,15:58
20938,Delhi Sarai Rohilla Porbandar Express,Marwar,17:10
20938,Delhi Sarai Rohilla Porbandar Express,Falna,18:00
20938,Delhi Sarai Rohilla Porbandar Express,Abu Road,19:45
20938,Delhi Sarai Rohilla Porbandar Express,Palanpur,20:52
20938,Delhi Sarai Rohilla Porbandar Express,Mahesana,21:53
14321,Bareilly Bhuj Alahazrat Express (via Palanpur Bhildi),Delhi,11:50
14321,Bareilly Bhuj Alahazrat Express (via Palanpur Bhildi),Delhi Sarai Rohilla,12:06
14321,Bareilly Bhuj Alahazrat Express (via Palanpur Bhildi),Delhi Cantt.,12:25
14321,Bareilly Bhuj Alahazrat Express (via Palanpur Bhildi),Gurgaon,12:48
14321,Bareilly Bhuj Alahazrat Express (via Palanpur Bhildi),Rewari,14:07
14321,Bareilly Bhuj Alahazrat Express (via Palanpur Bhildi),Alwar,15:12
14321,Bareilly Bhuj Alahazrat Express (via Palanpur Bhildi),Bandikui,16:15
14321,Bareilly Bhuj Alahazrat Express (via Palanpur Bhildi),Jaipur,18:00
14321,Bareilly Bhuj Alahazrat Express (via Palanpur Bhildi),Phulera,18:41
14321,Bareilly Bhuj Alahazrat Express (via Palanpur Bhildi),Kishangarh,19:30
14321,Bareilly Bhuj Alahazrat Express (via Palanpur Bhildi),Ajmer,20:20
14321,Bareilly Bhuj Alahazrat Express (via Palanpur Bhildi),Beawar,21:03
14321,Bareilly Bhuj Alahazrat Express (via Palanpur Bhildi),Marwar,22:30
14321,Bareilly Bhuj Alahazrat Express (via Palanpur Bhildi),Falna,23:12
14321,Bareilly Bhuj Alahazrat Express (via Palanpur Bhildi),Abu Road,00:50
14321,Bareilly Bhuj Alahazrat Express (via Palanpur Bhildi),Palanpur,01:49
14321,Bareilly Bhuj Alahazrat Express (via Palanpur Bhildi),Gandhinagar Capital,09:50
20984,Delhi Sa- rai Rohilla Bhuj SF Express,Delhi Sarai Rohilla,15:00
20984,Delhi Sa- rai Rohilla Bhuj SF Express,Delhi Cantt.,15:18
20984,Delhi Sa- rai Rohilla Bhuj SF Express,Gurgaon,15:36
20984,Delhi Sa- rai Rohilla Bhuj SF Express,Rewari,16:35
20984,Delhi Sa- rai Rohilla Bhuj SF Express,Alwar,17:27
20984,Delhi Sa- rai Rohilla Bhuj SF Express,Jaipur,19:40
20984,Delhi Sa- rai Rohilla Bhuj SF Express,Kishangarh,20:55
20984,Delhi Sa- rai Rohilla Bhuj SF Express,Ajmer,22:00
20984,Delhi Sa- rai Rohilla Bhuj SF Express,Beawar,22:45
20984,Delhi Sa- rai Rohilla Bhuj SF Express,Marwar,00:10
20984,Delhi Sa- rai Rohilla Bhuj SF Express,Falna,01:07
20984,Delhi Sa- rai Rohilla Bhuj SF Express,Abu Road,02:50
20984,Delhi Sa- rai Rohilla Bhuj SF Express,Palanpur,03:57
20984,Delhi Sa- rai Rohilla Bhuj SF Express,Gandhinagar Capital,11:05
15092,Tanakpur Daurai Express,Delhi,04:00
15092,Tanakpur Daurai Express,Delhi Cantt.,04:28
15092,Tanakpur Daurai Express,Gurgaon,04:46
15092,Tanakpur Daurai Express,Rewari,06:42
15092,Tanakpur Daurai Express,Ringus,09:50
15092,Tanakpur Daurai Express,Phulera,11:27
15092,Tanakpur Daurai Express,Kishangarh,12:08
15092,Tanakpur Daurai Express,Ajmer,13:20
15092,Tanakpur Daurai Express,Daurai,13:55
14311,Bareilly Bhuj Ala Hazrat Express,Delhi,11:50
14311,Bareilly Bhuj Ala Hazrat Express,Delhi Sarai Rohilla,12:06
14311,Bareilly Bhuj Ala Hazrat Express,Delhi Cantt.,12:25
14311,Bareilly Bhuj Ala Hazrat Express,Gurgaon,12:48
14311,Bareilly Bhuj Ala Hazrat Express,Rewari,14:07
14311,Bareilly Bhuj Ala Hazrat Express,Alwar,15:12
14311,Bareilly Bhuj Ala Hazrat Express,Bandikui,16:15
14311,Bareilly Bhuj Ala Hazrat Express,Jaipur,18:00
14311,Bareilly Bhuj Ala Hazrat Express,Phulera,18:41
14311,Bareilly Bhuj Ala Hazrat Express,Kishangarh,19:30
14311,Bareilly Bhuj Ala Hazrat Express,Ajmer,20:20
14311,Bareilly Bhuj Ala Hazrat Express,Beawar,21:03
14311,Bareilly Bhuj Ala Hazrat Express,Sojat Road,21:58
14311,Bareilly Bhuj Ala Hazrat Express,Marwar,22:30
14311,Bareilly Bhuj Ala Hazrat Express,Falna,23:12
14311,Bareilly Bhuj Ala Hazrat Express,Abu Road,00:50
14311,Bareilly Bhuj Ala Hazrat Express,Palanpur,01:49
14311,Bareilly Bhuj Ala Hazrat Express,Mahesana,02:39
14311,Bareilly Bhuj Ala Hazrat Express,Chandlodiya,03:40
14311,Bareilly Bhuj Ala Hazrat Express,Sabarmati a Bhuj Arr,10:50
12315,Kolkata Udaipur City Ananya Express,Agra Fort a d IDH,10:10
12315,Kolkata Udaipur City Ananya Express,Sawai Madhopur,13:45
12315,Kolkata Udaipur City Ananya Express,Jaipur,16:05
12315,Kolkata Udaipur City Ananya Express,Ajmer,18:15
20473,Delhi Sarai Rohilla Udaipur Chetak Express,Delhi Sarai Rohilla,19:40
20473,Delhi Sarai Rohilla Udaipur Chetak Express,Delhi Cantt.,19:57
20473,Delhi Sarai Rohilla Udaipur Chetak Express,Gurgaon,20:15
20473,Delhi Sarai Rohilla Udaipur Chetak Express,Rewari,21:12
20473,Delhi Sarai Rohilla Udaipur Chetak Express,Ringus,23:36
20473,Delhi Sarai Rohilla Udaipur Chetak Express,Phulera,00:42
20473,Delhi Sarai Rohilla Udaipur Chetak Express,Kishangarh,01:23
20473,Delhi Sarai Rohilla Udaipur Chetak Express,Ajmer,02:10
19665,Khajuraho Udaipur City Express,Bharatpur,18:25
19665,Khajuraho Udaipur City Express,Bandikui,20:45
19665,Khajuraho Udaipur City Express,Jaipur,22:50
19665,Khajuraho Udaipur City Express,Phulera,23:40
19665,Khajuraho Udaipur City Express,Kishangarh,00:23
19665,Khajuraho Udaipur City Express,Ajmer,01:10
12463,Delhi Sarai Rohil- la Jodhpur Rajasthan Sampark Kranti Express,Delhi Sarai Rohilla,21:25
12463,Delhi Sarai Rohil- la Jodhpur Rajasthan Sampark Kranti Express,Delhi Cantt.,21:42
12463,Delhi Sarai Rohil- la Jodhpur Rajasthan Sampark Kranti Express,Alwar,23:34
12463,Delhi Sarai Rohil- la Jodhpur Rajasthan Sampark Kranti Express,Jaipur,01:40
12463,Delhi Sarai Rohil- la Jodhpur Rajasthan Sampark Kranti Express,Merta Road,05:00
12463,Delhi Sarai Rohil- la Jodhpur Rajasthan Sampark Kranti Express,Jodhpur,06:40
22463,Delhi Sarai Rohilla Bikaner Rajasthan Sampark Kranti Express,Delhi Sarai Rohilla,21:25
22463,Delhi Sarai Rohilla Bikaner Rajasthan Sampark Kranti Express,Delhi Cantt.,21:42
22463,Delhi Sarai Rohilla Bikaner Rajasthan Sampark Kranti Express,Alwar,23:34
22463,Delhi Sarai Rohilla Bikaner Rajasthan Sampark Kranti Express,Jaipur,01:40
22463,Delhi Sarai Rohilla Bikaner Rajasthan Sampark Kranti Express,Merta Road By Pass,05:00
22463,Delhi Sarai Rohilla Bikaner Rajasthan Sampark Kranti Express,Bikaner,08:15
19402,Lucknow Sabarmati Express,Bharatpur,08:50
19402,Lucknow Sabarmati Express,Bandikui,11:22
19402,Lucknow Sabarmati Express,Jaipur,13:05
19402,Lucknow Sabarmati Express,Phulera,13:47
19402,Lucknow Sabarmati Express,Kishangarh,14:28
19402,Lucknow Sabarmati Express,Ajmer,15:15
19402,Lucknow Sabarmati Express,Beawar,15:58
19402,Lucknow Sabarmati Express,Marwar,17:10
19402,Lucknow Sabarmati Express,Falna,18:00
19402,Lucknow Sabarmati Express,Abu Road,19:45
19402,Lucknow Sabarmati Express,Palanpur,20:47
19402,Lucknow Sabarmati Express,Mahesana,21:42
19402,Lucknow Sabarmati Express,Sabarmati a Bhuj Arr,23:05
19334,Bikaner Indore Maha- mana Express,Ringus,19:00
19334,Bikaner Indore Maha- mana Express,Phulera,20:12
19334,Bikaner Indore Maha- mana Express,Kishangarh,20:55
19334,Bikaner Indore Maha- mana Express,Ajmer,22:25
19334,Bikaner Indore Maha- mana Express,Bikaner,13:30
19338,Delhi Sarai Rohilla Indore Ex- press,Delhi Sarai Rohilla,15:00
19338,Delhi Sarai Rohilla Indore Ex- press,Rewari,16:35
19338,Delhi Sarai Rohilla Indore Ex- press,Alwar,17:27
19338,Delhi Sarai Rohilla Indore Ex- press,Jaipur,19:40
19338,Delhi Sarai Rohilla Indore Ex- press,Ajmer,22:25
22724,Sriganga nagar Hazur Sa- hib Nanded SF,Bikaner,19:20
22724,Sriganga nagar Hazur Sa- hib Nanded SF,Merta Road,21:55
22724,Sriganga nagar Hazur Sa- hib Nanded SF,Jodhpur,00:05
22724,Sriganga nagar Hazur Sa- hib Nanded SF,Luni,00:39
22724,Sriganga nagar Hazur Sa- hib Nanded SF,Marwar,02:05
22724,Sriganga nagar Hazur Sa- hib Nanded SF,Falna,02:54
22724,Sriganga nagar Hazur Sa- hib Nanded SF,Abu Road,04:20
22724,Sriganga nagar Hazur Sa- hib Nanded SF,Palanpur,05:22
22724,Sriganga nagar Hazur Sa- hib Nanded SF,Mahesana,06:19
22724,Sriganga nagar Hazur Sa- hib Nanded SF,Ahmedabad,08:00
20488,Delhi Sarairohil- la Barmer Malani SF,Delhi Sarai Rohilla,15:50
20488,Delhi Sarairohil- la Barmer Malani SF,Delhi Cantt.,16:10
20488,Delhi Sarairohil- la Barmer Malani SF,Gurgaon,16:28
20488,Delhi Sarairohil- la Barmer Malani SF,Rewari,17:25
20488,Delhi Sarairohil- la Barmer Malani SF,Alwar,18:18
20488,Delhi Sarairohil- la Barmer Malani SF,Jaipur,20:55
20488,Delhi Sarairohil- la Barmer Malani SF,Phulera,21:50
20488,Delhi Sarairohil- la Barmer Malani SF,Merta Road,00:08
20488,Delhi Sarairohil- la Barmer Malani SF,Jodhpur,01:50
20488,Delhi Sarairohil- la Barmer Malani SF,Luni,02:35
20488,Delhi Sarairohil- la Barmer Malani SF,Barmer,06:00
20490,Mathura Barmer SF Express,Delhi Sarai Rohilla,16:00
20490,Mathura Barmer SF Express,Alwar,18:18
20490,Mathura Barmer SF Express,Bandikui,19:15
20490,Mathura Barmer SF Express,Jaipur,20:55
20490,Mathura Barmer SF Express,Phulera,21:50
20490,Mathura Barmer SF Express,Merta Road,00:08
20490,Mathura Barmer SF Express,Jodhpur,01:50
20490,Mathura Barmer SF Express,Luni,02:35
20490,Mathura Barmer SF Express,Barmer,06:00
20495,Jodhpur Ha- dapsar SF,Jodhpur,22:00
20495,Jodhpur Ha- dapsar SF,Luni,22:32
20495,Jodhpur Ha- dapsar SF,Marwar,23:42
20495,Jodhpur Ha- dapsar SF,Falna,00:42
20495,Jodhpur Ha- dapsar SF,Abu Road,02:20
20495,Jodhpur Ha- dapsar SF,Palanpur,03:20
20495,Jodhpur Ha- dapsar SF,Mahesana,04:09
20495,Jodhpur Ha- dapsar SF,Sabarmati a Bhuj Arr,05:30
22986,Delhi Sarai Rohilla Udaipur City Rajasthan Humsafar Express,Delhi Sarai Rohilla,16:15
22986,Delhi Sarai Rohilla Udaipur City Rajasthan Humsafar Express,Rewari,17:37
22986,Delhi Sarai Rohilla Udaipur City Rajasthan Humsafar Express,Ringus,19:35
22986,Delhi Sarai Rohilla Udaipur City Rajasthan Humsafar Express,Phulera,20:38
22986,Delhi Sarai Rohilla Udaipur City Rajasthan Humsafar Express,Ajmer,22:15
16588,Bikaner Yesvantpur Express,Merta Road,21:13
16588,Bikaner Yesvantpur Express,Bikaner,19:00
16588,Bikaner Yesvantpur Express,Jodhpur,22:50
16588,Bikaner Yesvantpur Express,Luni,23:34
16588,Bikaner Yesvantpur Express,Marwar,01:15
16588,Bikaner Yesvantpur Express,Falna,02:03
16588,Bikaner Yesvantpur Express,Abu Road,03:30
16588,Bikaner Yesvantpur Express,Palanpur,04:22
16588,Bikaner Yesvantpur Express,Mahesana,05:15
16588,Bikaner Yesvantpur Express,Ahmedabad,07:00
12195,Agra Fort Ajmer Inter- city Express,Agra Fort,06:00
12195,Agra Fort Ajmer Inter- city Express,Bharatpur,07:00
12195,Agra Fort Ajmer Inter- city Express,Bandikui a d ,08:40
12195,Agra Fort Ajmer Inter- city Express,Jaipur,10:25
12195,Agra Fort Ajmer Inter- city Express,Kishangarh a d ,11:52
12195,Agra Fort Ajmer Inter- city Express,Ajmer,12:45
12547,Agra Cantt Sabarmati Express,Alwar,22:00
12547,Agra Cantt Sabarmati Express,Bharatpur,23:00
12547,Agra Cantt Sabarmati Express,Jaipur,02:00
12547,Agra Cantt Sabarmati Express,Ajmer,04:05
12547,Agra Cantt Sabarmati Express,Beawar,04:53
12547,Agra Cantt Sabarmati Express,Marwar,06:05
12547,Agra Cantt Sabarmati Express,Falna,06:58
12547,Agra Cantt Sabarmati Express,Abu Road,08:35
12547,Agra Cantt Sabarmati Express,Palanpur,09:32
12547,Agra Cantt Sabarmati Express,Mahesana,10:22
12547,Agra Cantt Sabarmati Express,Sabarmati,11:45
22547,Gwalior Sabarmati Express,Alwar,22:00
22547,Gwalior Sabarmati Express,Bharatpur,23:00
22547,Gwalior Sabarmati Express,Jaipur,02:00
22547,Gwalior Sabarmati Express,Ajmer,04:05
22547,Gwalior Sabarmati Express,Beawar,04:53
22547,Gwalior Sabarmati Express,Marwar,06:05
22547,Gwalior Sabarmati Express,Falna,06:58
22547,Gwalior Sabarmati Express,Abu Road,08:35
22547,Gwalior Sabarmati Express,Palanpur,09:32
22547,Gwalior Sabarmati Express,Mahesana,10:22
22547,Gwalior Sabarmati Express,Sabarmati,11:45
12986,Delhi Sarai Rohilla Jaipur AC Double Decker Express,Delhi Sarai Rohilla,17:35
12986,Delhi Sarai Rohilla Jaipur AC Double Decker Express,Delhi Cantt.,17:52
12986,Delhi Sarai Rohilla Jaipur AC Double Decker Express,Gurgaon,18:10
12986,Delhi Sarai Rohilla Jaipur AC Double Decker Express,Alwar,19:42
12986,Delhi Sarai Rohilla Jaipur AC Double Decker Express,Jaipur,22:00
22988,Agra Fort Ajmer Superfast Express,Agra Fort,14:40
22988,Agra Fort Ajmer Superfast Express,Bharatpur,15:35
22988,Agra Fort Ajmer Superfast Express,Bandikui a d ,17:24
22988,Agra Fort Ajmer Superfast Express,Jaipur,18:55
22988,Agra Fort Ajmer Superfast Express,Phulera,19:43
22988,Agra Fort Ajmer Superfast Express,Kishangarh a d ,20:30
22988,Agra Fort Ajmer Superfast Express,Ajmer,21:20
19610,Yog Nagari Ri- shikesh Udaipur City Express,Delhi,00:30
19610,Yog Nagari Ri- shikesh Udaipur City Express,Delhi Cantt.,01:02
19610,Yog Nagari Ri- shikesh Udaipur City Express,Rewari,02:25
19610,Yog Nagari Ri- shikesh Udaipur City Express,Alwar,03:24
19610,Yog Nagari Ri- shikesh Udaipur City Express,Bandikui a d ,04:14
19610,Yog Nagari Ri- shikesh Udaipur City Express,Jaipur,06:20
19610,Yog Nagari Ri- shikesh Udaipur City Express,Phulera,07:10
19610,Yog Nagari Ri- shikesh Udaipur City Express,Kishangarh a d ,07:53
19610,Yog Nagari Ri- shikesh Udaipur City Express,Ajmer,08:50
15014,Kathgodam Jaisalmer Express,Delhi,04:30
15014,Kathgodam Jaisalmer Express,Delhi Sarai Rohilla,04:46
15014,Kathgodam Jaisalmer Express,Delhi Cantt.,05:05
15014,Kathgodam Jaisalmer Express,Gurgaon,05:23
15014,Kathgodam Jaisalmer Express,Rewari,06:20
15014,Kathgodam Jaisalmer Express,Alwar,07:29
15014,Kathgodam Jaisalmer Express,Bandikui a d ,08:22
15014,Kathgodam Jaisalmer Express,Jaipur,10:10
15014,Kathgodam Jaisalmer Express,Kishangarh a d ,11:31
15014,Kathgodam Jaisalmer Express,Ajmer,12:20
15014,Kathgodam Jaisalmer Express,Beawar,13:08
15014,Kathgodam Jaisalmer Express,Marwar,15:00
15014,Kathgodam Jaisalmer Express,Bhagat Ki Kothi d ,16:32
15014,Kathgodam Jaisalmer Express,Jodhpur,17:00
15014,Kathgodam Jaisalmer Express,Jaisalmer a ,23:00
15014,Kathgodam Jaisalmer Express,Luni,16:05
22992,Jodhpur Valsad SF Express,Jodhpur,19:15
22992,Jodhpur Valsad SF Express,Luni,19:58
22992,Jodhpur Valsad SF Express,Marwar,21:15
22992,Jodhpur Valsad SF Express,Falna,22:06
22992,Jodhpur Valsad SF Express,Abu Road,23:30
22992,Jodhpur Valsad SF Express,Palanpur,00:27
22992,Jodhpur Valsad SF Express,Mahesana,01:26
22992,Jodhpur Valsad SF Express,Sabarmati,02:26
22992,Jodhpur Valsad SF Express,Ahmedabad,03:15
22932,Jaisalmer Bandra (T) Express,Jaisalmer a ,18:10
22932,Jaisalmer Bandra (T) Express,Jodhpur,23:40
22932,Jaisalmer Bandra (T) Express,Luni,00:15
22932,Jaisalmer Bandra (T) Express,Marwar,01:50
22932,Jaisalmer Bandra (T) Express,Falna,02:38
22932,Jaisalmer Bandra (T) Express,Abu Road,04:05
22932,Jaisalmer Bandra (T) Express,Palanpur,05:02
22932,Jaisalmer Bandra (T) Express,Mahesana,06:00
22932,Jaisalmer Bandra (T) Express,Kalol,06:36
22932,Jaisalmer Bandra (T) Express,Sabarmati,06:57
22932,Jaisalmer Bandra (T) Express,Ahmedabad,07:35
17605,Kacheguda Bhagat ki kothi Express,Ajmer,14:45
17605,Kacheguda Bhagat ki kothi Express,Beawar,15:30
17605,Kacheguda Bhagat ki kothi Express,Sojat Road,16:24
17605,Kacheguda Bhagat ki kothi Express,Marwar,17:45
17605,Kacheguda Bhagat ki kothi Express,Bhagat Ki Kothi d ,19:40
22916,Hisar Bandra (T) Express,Merta Road,22:10
22916,Hisar Bandra (T) Express,Jodhpur,00:05
22916,Hisar Bandra (T) Express,Luni,00:39
22916,Hisar Bandra (T) Express,Marwar,02:05
22916,Hisar Bandra (T) Express,Falna,02:54
22916,Hisar Bandra (T) Express,Abu Road,04:20
22916,Hisar Bandra (T) Express,Palanpur,05:22
22916,Hisar Bandra (T) Express,Mahesana,06:19
22916,Hisar Bandra (T) Express,Sabarmati,07:21
22916,Hisar Bandra (T) Express,Ahmedabad,08:00
20824,Ajmer Puri Express,Ajmer,19:20
20824,Ajmer Puri Express,Beawar,19:58
20824,Ajmer Puri Express,Marwar,21:15
20824,Ajmer Puri Express,Falna,22:06
20824,Ajmer Puri Express,Abu Road,23:30
20824,Ajmer Puri Express,Palanpur,00:27
20824,Ajmer Puri Express,Mahesana,01:26
20824,Ajmer Puri Express,Sabarmati,02:26
20824,Ajmer Puri Express,Ahmedabad,03:15
20914,Delhi Sarai Rohilla Rajkot Express,Delhi Sarai Rohilla,13:20
20914,Delhi Sarai Rohilla Rajkot Express,Delhi Cantt.,13:40
20914,Delhi Sarai Rohilla Rajkot Express,Gurgaon,13:58
20914,Delhi Sarai Rohilla Rajkot Express,Rewari,14:45
20914,Delhi Sarai Rohilla Rajkot Express,Alwar,15:50
20914,Delhi Sarai Rohilla Rajkot Express,Bandikui,16:36
20914,Delhi Sarai Rohilla Rajkot Express,Jaipur,18:25
20914,Delhi Sarai Rohilla Rajkot Express,Kishangarh,20:13
20914,Delhi Sarai Rohilla Rajkot Express,Ajmer,21:00
20914,Delhi Sarai Rohilla Rajkot Express,Beawar,21:44
20914,Delhi Sarai Rohilla Rajkot Express,Marwar,23:05
20914,Delhi Sarai Rohilla Rajkot Express,Falna,23:46
20914,Delhi Sarai Rohilla Rajkot Express,Abu Road,01:20
20914,Delhi Sarai Rohilla Rajkot Express,Palanpur,02:22
20914,Delhi Sarai Rohilla Rajkot Express,Mahesana,03:12
20491,Jaisalmer Sabarmati Express,Jaisalmer a ,15:30
20491,Jaisalmer Sabarmati Express,Bhagat Ki Kothi a d ,21:32
20491,Jaisalmer Sabarmati Express,Jodhpur,21:20
20491,Jaisalmer Sabarmati Express,Luni,22:02
20491,Jaisalmer Sabarmati Express,Samdari a d ,22:50
20491,Jaisalmer Sabarmati Express,Bhildi a d ,02:35
20491,Jaisalmer Sabarmati Express,Mahesana,03:52
20491,Jaisalmer Sabarmati Express,Sabarmati,05:15
14806,Barmer Yesvantpur AC Express,Barmer,21:30
14806,Barmer Yesvantpur AC Express,Samdari a d ,23:25
14806,Barmer Yesvantpur AC Express,Bhildi a d ,04:05
14806,Barmer Yesvantpur AC Express,Mahesana,05:15
14806,Barmer Yesvantpur AC Express,Sabarmati,06:20
14806,Barmer Yesvantpur AC Express,Ahmedabad,07:00
19028,Jammu Tawi Bandra (T) Express,Merta Road,21:13
19028,Jammu Tawi Bandra (T) Express,Jodhpur,22:50
19028,Jammu Tawi Bandra (T) Express,Luni,23:34
19028,Jammu Tawi Bandra (T) Express,Marwar,01:15
19028,Jammu Tawi Bandra (T) Express,Falna,02:03
19028,Jammu Tawi Bandra (T) Express,Abu Road,03:30
19028,Jammu Tawi Bandra (T) Express,Palanpur,04:22
19028,Jammu Tawi Bandra (T) Express,Mahesana,05:15
19028,Jammu Tawi Bandra (T) Express,Ahmedabad,07:00
14802,Indore Jodhpur Express,Ajmer,14:20
14802,Indore Jodhpur Express,Beawar,15:00
14802,Indore Jodhpur Express,Sojat Road,16:04
14802,Indore Jodhpur Express,Marwar,17:10
14802,Indore Jodhpur Express,Bhagat Ki Kothi a d ,19:08
14802,Indore Jodhpur Express,Jodhpur,19:30
14802,Indore Jodhpur Express,Luni,18:26
20944,Bhagat Ki Kothi Bandra Humsafar Express,Bhagat Ki Kothi a d ,17:10
20944,Bhagat Ki Kothi Bandra Humsafar Express,Abu Road,21:05
20944,Bhagat Ki Kothi Bandra Humsafar Express,Palanpur,21:57
20944,Bhagat Ki Kothi Bandra Humsafar Express,Ahmedabad,00:35
19618,Rewari Madar Jn Express,Rewari,09:10
19618,Rewari Madar Jn Express,Ringus,12:15
19618,Rewari Madar Jn Express,Phulera,14:15
19618,Rewari Madar Jn Express,Kishangarh,15:25
19618,Rewari Madar Jn Express,Madar Jn,16:25
14893,Jodhpur Palanpur Express,Jodhpur,19:00
14893,Jodhpur Palanpur Express,Luni,19:45
14893,Jodhpur Palanpur Express,Samdari a d ,20:51
14893,Jodhpur Palanpur Express,Bhildi a d ,03:00
14893,Jodhpur Palanpur Express,Palanpur,04:15
19735,Jaipur Marwar Express,Jaipur,05:30
19735,Jaipur Marwar Express,Phulera,06:33
19735,Jaipur Marwar Express,Kishangarh,08:12
19735,Jaipur Marwar Express,Madar Jn,08:25
19735,Jaipur Marwar Express,Ajmer,10:00
19735,Jaipur Marwar Express,Beawar,11:20
19735,Jaipur Marwar Express,Sojat Road,12:40
19735,Jaipur Marwar Express,Marwar,13:15
19622,Rewari Phulera Express,Rewari,19:35
19622,Rewari Phulera Express,Ringus,22:40
19622,Rewari Phulera Express,Phulera,00:40
20990,Chandigarh Udaipur City SF,Rewari,17:57
20990,Chandigarh Udaipur City SF,Alwar,18:44
20990,Chandigarh Udaipur City SF,Bandikui,19:36
20990,Chandigarh Udaipur City SF,Jaipur,21:20
20990,Chandigarh Udaipur City SF,Phulera,22:07
20990,Chandigarh Udaipur City SF,Kishangarh,22:48
20990,Chandigarh Udaipur City SF,Ajmer,23:45
14087,Delhi Jaislmer Runicha Express,Delhi,08:55
14087,Delhi Jaislmer Runicha Express,Delhi Cantt.,09:23
14087,Delhi Jaislmer Runicha Express,Gurgaon,09:43
14087,Delhi Jaislmer Runicha Express,Rewari,10:37
14087,Delhi Jaislmer Runicha Express,Ringus,13:10
14087,Delhi Jaislmer Runicha Express,Phulera,15:25
14087,Delhi Jaislmer Runicha Express,Merta Road,17:46
14087,Delhi Jaislmer Runicha Express,Jodhpur,19:40
14087,Delhi Jaislmer Runicha Express,Jaisalmer,01:30
22966,Bhagat ki Kothi Bandra (T) Express,Bhagat ki kothi,19:30
22966,Bhagat ki Kothi Bandra (T) Express,Marwar,21:15
22966,Bhagat ki Kothi Bandra (T) Express,Abu Road,23:30
22966,Bhagat ki Kothi Bandra (T) Express,Mahesana,01:26
22966,Bhagat ki Kothi Bandra (T) Express,Ahmedabad,03:15
19566,Dehradun Okha Uttaranchal Express,New Delhi,13:25
19566,Dehradun Okha Uttaranchal Express,Delhi Sarai Rohilla,13:48
19566,Dehradun Okha Uttaranchal Express,Delhi Cantt.,14:07
19566,Dehradun Okha Uttaranchal Express,Gurgaon,14:23
19566,Dehradun Okha Uttaranchal Express,Rewari,15:18
19566,Dehradun Okha Uttaranchal Express,Alwar,16:23
19566,Dehradun Okha Uttaranchal Express,Jaipur,18:40
19566,Dehradun Okha Uttaranchal Express,Ajmer,21:00
19566,Dehradun Okha Uttaranchal Express,Beawar,21:44
19566,Dehradun Okha Uttaranchal Express,Falna d ,23:46
19566,Dehradun Okha Uttaranchal Express,Abu Road,01:20
19566,Dehradun Okha Uttaranchal Express,Palanpur,02:22
19566,Dehradun Okha Uttaranchal Express,Mahesana,03:26
15715,Kishan ganj Ajmer Express,Delhi,13:30
15715,Kishan ganj Ajmer Express,Delhi Sarai Rohilla,13:46
15715,Kishan ganj Ajmer Express,Delhi Cantt.,14:05
15715,Kishan ganj Ajmer Express,Gurgaon,14:23
15715,Kishan ganj Ajmer Express,Rewari,15:10
15715,Kishan ganj Ajmer Express,Alwar,16:23
15715,Kishan ganj Ajmer Express,Jaipur,18:40
15715,Kishan ganj Ajmer Express,Phulera,19:31
15715,Kishan ganj Ajmer Express,Ajmer,21:30
12916,Delhi Sabarmati Ashram Express,Delhi,14:55
12916,Delhi Sabarmati Ashram Express,Delhi Cantt.,15:30
12916,Delhi Sabarmati Ashram Express,Gurgaon,15:46
12916,Delhi Sabarmati Ashram Express,Rewari,16:55
12916,Delhi Sabarmati Ashram Express,Alwar,17:58
12916,Delhi Sabarmati Ashram Express,Bandikui a d ,18:51
12916,Delhi Sabarmati Ashram Express,Jaipur,20:25
12916,Delhi Sabarmati Ashram Express,Ajmer,22:30
12916,Delhi Sabarmati Ashram Express,Beawar,23:17
12916,Delhi Sabarmati Ashram Express,Falna d ,01:02
12916,Delhi Sabarmati Ashram Express,Abu Road,02:35
12916,Delhi Sabarmati Ashram Express,Palanpur,03:32
12916,Delhi Sabarmati Ashram Express,Mahesana,04:29
12916,Delhi Sabarmati Ashram Express,Sabarmati,05:45
12958,New Delhi Sabarmati Swarna Jayan- ti Rajdhani Express,New Delhi,19:55
12958,New Delhi Sabarmati Swarna Jayan- ti Rajdhani Express,Delhi Cantt.,20:25
12958,New Delhi Sabarmati Swarna Jayan- ti Rajdhani Express,Gurgaon,20:43
12958,New Delhi Sabarmati Swarna Jayan- ti Rajdhani Express,Jaipur,23:55
12958,New Delhi Sabarmati Swarna Jayan- ti Rajdhani Express,Ajmer,01:40
12958,New Delhi Sabarmati Swarna Jayan- ti Rajdhani Express,Falna d ,03:50
12958,New Delhi Sabarmati Swarna Jayan- ti Rajdhani Express,Abu Road,05:00
12958,New Delhi Sabarmati Swarna Jayan- ti Rajdhani Express,Palanpur,06:00
12958,New Delhi Sabarmati Swarna Jayan- ti Rajdhani Express,Mahesana,06:50
12958,New Delhi Sabarmati Swarna Jayan- ti Rajdhani Express,Sabarmati,08:05
19270,Muzaffarpur Porbandar Express,Delhi,13:05
19270,Muzaffarpur Porbandar Express,Delhi Sarai Rohilla,13:21
19270,Muzaffarpur Porbandar Express,Delhi Cantt.,13:40
19270,Muzaffarpur Porbandar Express,Gurgaon,13:58
19270,Muzaffarpur Porbandar Express,Rewari,14:45
19270,Muzaffarpur Porbandar Express,Alwar,15:50
19270,Muzaffarpur Porbandar Express,Bandikui a d ,16:36
19270,Muzaffarpur Porbandar Express,Jaipur,18:25
19270,Muzaffarpur Porbandar Express,Ajmer,21:00
19270,Muzaffarpur Porbandar Express,Beawar,21:44
19270,Muzaffarpur Porbandar Express,Marwar,23:05
19270,Muzaffarpur Porbandar Express,Abu Road,01:20
19270,Muzaffarpur Porbandar Express,Palanpur,02:22
19270,Muzaffarpur Porbandar Express,Mahesana,03:12
19270,Muzaffarpur Porbandar Express,Chandlodiya,04:38
16209,Ajmer Mysuru Express,Ajmer,06:15
16209,Ajmer Mysuru Express,Beawar,06:58
16209,Ajmer Mysuru Express,Sojat Road,07:48
16209,Ajmer Mysuru Express,Marwar,08:10
16209,Ajmer Mysuru Express,Falna d ,08:54
16209,Ajmer Mysuru Express,Abu Road,10:20
16209,Ajmer Mysuru Express,Palanpur,11:22
16209,Ajmer Mysuru Express,Mahesana,12:19
16209,Ajmer Mysuru Express,Ahmedabad,14:10
20693,Jodhpur KSR Bengaluru SF Express,Jodhpur,06:15
20693,Jodhpur KSR Bengaluru SF Express,Bhagat ki kothi,06:23
20693,Jodhpur KSR Bengaluru SF Express,Luni d ,06:52
20693,Jodhpur KSR Bengaluru SF Express,Marwar,08:10
20693,Jodhpur KSR Bengaluru SF Express,Falna d ,08:54
20693,Jodhpur KSR Bengaluru SF Express,Abu Road,10:20
20693,Jodhpur KSR Bengaluru SF Express,Palanpur,11:22
20693,Jodhpur KSR Bengaluru SF Express,Mahesana,12:19
20693,Jodhpur KSR Bengaluru SF Express,Kalol,12:53
20693,Jodhpur KSR Bengaluru SF Express,Ahmedabad,14:10
16533,Jodhpur KSR Bengaluru Express,Jodhpur,06:15
16533,Jodhpur KSR Bengaluru Express,Bhagat ki kothi,06:23
16533,Jodhpur KSR Bengaluru Express,Luni d ,06:52
16533,Jodhpur KSR Bengaluru Express,Marwar,08:10
16533,Jodhpur KSR Bengaluru Express,Abu Road,10:20
16533,Jodhpur KSR Bengaluru Express,Mahesana,12:19
16533,Jodhpur KSR Bengaluru Express,Ahmedabad,14:10
19624,Darbhanga JN Madar JN Amrit Bharat,Agra Fort,03:05
19624,Darbhanga JN Madar JN Amrit Bharat,Bandikui a d ,07:02
19624,Darbhanga JN Madar JN Amrit Bharat,Jaipur,11:10
19624,Darbhanga JN Madar JN Amrit Bharat,Phulera,12:33
19624,Darbhanga JN Madar JN Amrit Bharat,Madar Jn,13:20
12987,Sealdah Ajmer Express,Agra Fort,18:40
12987,Sealdah Ajmer Express,Bharatpur,19:55
12987,Sealdah Ajmer Express,Jaipur,23:25
12987,Sealdah Ajmer Express,Kishangarh,00:45
12987,Sealdah Ajmer Express,Ajmer,01:40
12977,Ernakulam Ajmer Marusagar Express,Sawai Madhopur,11:00
12977,Ernakulam Ajmer Marusagar Express,Jaipur,13:05
12977,Ernakulam Ajmer Marusagar Express,Kishangarh,14:28
12977,Ernakulam Ajmer Marusagar Express,Ajmer,15:25
19602,New Jalpaiguri Udaipur Express,Delhi,12:20
19602,New Jalpaiguri Udaipur Express,Delhi Cantt.,12:50
19602,New Jalpaiguri Udaipur Express,Gurgaon,13:08
19602,New Jalpaiguri Udaipur Express,Rewari,15:10
19602,New Jalpaiguri Udaipur Express,Alwar,16:23
19602,New Jalpaiguri Udaipur Express,Jaipur,18:40
19602,New Jalpaiguri Udaipur Express,Ajmer,21:25
22950,Delhi Sarai Rohilla Bandra (T) Super Fast,Delhi Sarai Rohilla,16:15
22950,Delhi Sarai Rohilla Bandra (T) Super Fast,Delhi Cantt.,16:32
22950,Delhi Sarai Rohilla Bandra (T) Super Fast,Gurgaon,16:50
22950,Delhi Sarai Rohilla Bandra (T) Super Fast,Rewari,17:37
22950,Delhi Sarai Rohilla Bandra (T) Super Fast,Ringus,19:42
22950,Delhi Sarai Rohilla Bandra (T) Super Fast,Phulera d ,20:38
22950,Delhi Sarai Rohilla Bandra (T) Super Fast,Kishangarh,21:19
22950,Delhi Sarai Rohilla Bandra (T) Super Fast,Ajmer,22:20
22950,Delhi Sarai Rohilla Bandra (T) Super Fast,Falna,02:03
22950,Delhi Sarai Rohilla Bandra (T) Super Fast,Abu Road,03:30
22950,Delhi Sarai Rohilla Bandra (T) Super Fast,Palanpur,04:30
22950,Delhi Sarai Rohilla Bandra (T) Super Fast,Mahesana,05:32
22950,Delhi Sarai Rohilla Bandra (T) Super Fast,Sabarmati,06:57
22950,Delhi Sarai Rohilla Bandra (T) Super Fast,Ahmedabad,07:35
22473,Bikaner Bandra (T) Express,Merta Road,18:13
22473,Bikaner Bandra (T) Express,Bikaner,15:30
22473,Bikaner Bandra (T) Express,Jodhpur,20:00
22473,Bikaner Bandra (T) Express,Luni,20:41
22473,Bikaner Bandra (T) Express,Marwar,22:15
22473,Bikaner Bandra (T) Express,Abu Road,00:35
22473,Bikaner Bandra (T) Express,Palanpur,01:27
22473,Bikaner Bandra (T) Express,Mahesana,02:25
22473,Bikaner Bandra (T) Express,Ahmedabad,04:00
19410,Gorakhpur Sabarmati Express,Bharatpur,20:55
19410,Gorakhpur Sabarmati Express,Bandikui d ,23:12
19410,Gorakhpur Sabarmati Express,Jaipur,00:45
19410,Gorakhpur Sabarmati Express,Kishangarh,02:00
19410,Gorakhpur Sabarmati Express,Ajmer,02:50
19410,Gorakhpur Sabarmati Express,Falna,05:18
19410,Gorakhpur Sabarmati Express,Abu Road,06:45
19410,Gorakhpur Sabarmati Express,Palanpur,07:42
19410,Gorakhpur Sabarmati Express,Mahesana,08:32
19410,Gorakhpur Sabarmati Express,Sabarmati,09:55
20952,Jaipur Okha Superfast,Jaipur,17:40
20952,Jaipur Okha Superfast,Phulera d ,18:23
20952,Jaipur Okha Superfast,Kishangarh,19:05
20952,Jaipur Okha Superfast,Ajmer,19:40
20952,Jaipur Okha Superfast,Beawar,20:23
20952,Jaipur Okha Superfast,Sojat Road,21:12
20952,Jaipur Okha Superfast,Marwar,21:55
20952,Jaipur Okha Superfast,Falna,22:43
20952,Jaipur Okha Superfast,Abu Road,00:25
20952,Jaipur Okha Superfast,Palanpur,01:17
20952,Jaipur Okha Superfast,Mahesana,02:16
14662,Jammu Tawi Barmer Shalimar Express,Rewari,13:30
14662,Jammu Tawi Barmer Shalimar Express,Alwar,14:46
14662,Jammu Tawi Barmer Shalimar Express,Bandikui d ,15:51
14662,Jammu Tawi Barmer Shalimar Express,Jaipur,17:45
14662,Jammu Tawi Barmer Shalimar Express,Phulera d ,19:01
14662,Jammu Tawi Barmer Shalimar Express,Merta Road,21:31
14662,Jammu Tawi Barmer Shalimar Express,Jodhpur,23:10
14662,Jammu Tawi Barmer Shalimar Express,Luni,23:55
14662,Jammu Tawi Barmer Shalimar Express,Barmer,04:00
7053,Kacheguda Bikaner Special,Sawai Madhopur,05:40
7053,Kacheguda Bikaner Special,Jaipur,07:40
7053,Kacheguda Bikaner Special,Ringus,08:34
7053,Kacheguda Bikaner Special,Bikaner,15:00
19604,Godda Daurai Express,Delhi,08:30
19604,Godda Daurai Express,Gurgaon,09:30
19604,Godda Daurai Express,Rewari,10:25
19604,Godda Daurai Express,Ringus,12:35
19604,Godda Daurai Express,Phulera d ,15:02
19604,Godda Daurai Express,Kishangarh,15:52
19604,Godda Daurai Express,Ajmer,16:55
19604,Godda Daurai Express,Daurai,17:20
12249,akur Ba aisalme Express,Delhi,17:10
12249,akur Ba aisalme Express,Delhi Cantt.,17:56
12249,akur Ba aisalme Express,Gurgaon,18:13
12249,akur Ba aisalme Express,Rewari,19:07
12249,akur Ba aisalme Express,Alwar,20:09
12249,akur Ba aisalme Express,Jaipur,22:40
12249,akur Ba aisalme Express,Phulera d ,23:35
12249,akur Ba aisalme Express,Merta Road,01:54
12249,akur Ba aisalme Express,Jodhpur,04:00
12249,akur Ba aisalme Express,Jaisalmer,09:00
14807,Jodhpur Dadar Express,Jodhpur,05:10
14807,Jodhpur Dadar Express,Bhagat ki kothi,05:20
14807,Jodhpur Dadar Express,Samdari,06:20
14807,Jodhpur Dadar Express,Bhildi,10:25
14807,Jodhpur Dadar Express,Mahesana,11:50
14807,Jodhpur Dadar Express,Sabarmati,12:57
14807,Jodhpur Dadar Express,Ahmedabad,13:45
20964,Varanasi Sabar- mati SF Express,Delhi,06:20
20964,Varanasi Sabar- mati SF Express,Delhi Cantt.,06:55
20964,Varanasi Sabar- mati SF Express,Gurgaon,07:13
20964,Varanasi Sabar- mati SF Express,Rewari,08:05
20964,Varanasi Sabar- mati SF Express,Alwar,08:55
20964,Varanasi Sabar- mati SF Express,Jaipur,11:10
20964,Varanasi Sabar- mati SF Express,Ajmer,13:25
20964,Varanasi Sabar- mati SF Express,Beawar,14:10
20964,Varanasi Sabar- mati SF Express,Marwar,15:20
20964,Varanasi Sabar- mati SF Express,Falna,16:08
20964,Varanasi Sabar- mati SF Express,Abu Road,17:40
20964,Varanasi Sabar- mati SF Express,Palanpur,18:55
20964,Varanasi Sabar- mati SF Express,Mahesana,20:01
20964,Varanasi Sabar- mati SF Express,Sabarmati,21:20
16531,Ajmer Bengalu- ru Garib Nawaj Express,Ajmer,06:15
16531,Ajmer Bengalu- ru Garib Nawaj Express,Beawar,06:58
16531,Ajmer Bengalu- ru Garib Nawaj Express,Marwar,08:10
16531,Ajmer Bengalu- ru Garib Nawaj Express,Falna,08:54
16531,Ajmer Bengalu- ru Garib Nawaj Express,Abu Road,10:20
16531,Ajmer Bengalu- ru Garib Nawaj Express,Palanpur,11:22
16531,Ajmer Bengalu- ru Garib Nawaj Express,Mahesana,12:19
16531,Ajmer Bengalu- ru Garib Nawaj Express,Ahmedabad,14:10
11089,Bhagat ki Kothi Pune Express,Bhagat ki kothi,12:15
11089,Bhagat ki Kothi Pune Express,Luni,12:45
11089,Bhagat ki Kothi Pune Express,Marwar,14:05
11089,Bhagat ki Kothi Pune Express,Falna,14:57
11089,Bhagat ki Kothi Pune Express,Abu Road,16:30
11089,Bhagat ki Kothi Pune Express,Palanpur,17:27
11089,Bhagat ki Kothi Pune Express,Mahesana,18:17
11089,Bhagat ki Kothi Pune Express,Ahmedabad,19:55
19224,Jammu Tawi Sa- barmati Express,Bikaner,00:30
19224,Jammu Tawi Sa- barmati Express,Merta Road,03:05
19224,Jammu Tawi Sa- barmati Express,Jodhpur,04:50
19224,Jammu Tawi Sa- barmati Express,Luni,05:31
19224,Jammu Tawi Sa- barmati Express,Marwar,07:15
19224,Jammu Tawi Sa- barmati Express,Falna,08:06
19224,Jammu Tawi Sa- barmati Express,Abu Road,09:55
19224,Jammu Tawi Sa- barmati Express,Palanpur,10:57
19224,Jammu Tawi Sa- barmati Express,Mahesana,12:02
19224,Jammu Tawi Sa- barmati Express,Kalol,12:42
19224,Jammu Tawi Sa- barmati Express,Gandhinagar Capital,13:07
19224,Jammu Tawi Sa- barmati Express,Sabarmati,14:05
22995,Delhi Jodhpur Mandore Express,Delhi,21:20
22995,Delhi Jodhpur Mandore Express,Delhi Cantt.,21:50
22995,Delhi Jodhpur Mandore Express,Gurgaon,22:18
22995,Delhi Jodhpur Mandore Express,Rewari,23:13
22995,Delhi Jodhpur Mandore Express,Alwar,00:21
22995,Delhi Jodhpur Mandore Express,Bandikui,01:08
22995,Delhi Jodhpur Mandore Express,Jaipur,02:35
22995,Delhi Jodhpur Mandore Express,Merta Road,05:52
22995,Delhi Jodhpur Mandore Express,Jodhpur,07:30
19032,Yog Nagari Rishikesh Sabar- mati Yoga Express,Delhi,22:25
19032,Yog Nagari Rishikesh Sabar- mati Yoga Express,Delhi Cantt.,22:55
19032,Yog Nagari Rishikesh Sabar- mati Yoga Express,Gurgaon,23:13
19032,Yog Nagari Rishikesh Sabar- mati Yoga Express,Rewari,00:07
19032,Yog Nagari Rishikesh Sabar- mati Yoga Express,Alwar,01:15
19032,Yog Nagari Rishikesh Sabar- mati Yoga Express,Bandikui,02:05
19032,Yog Nagari Rishikesh Sabar- mati Yoga Express,Jaipur,03:35
19032,Yog Nagari Rishikesh Sabar- mati Yoga Express,Phulera,04:20
19032,Yog Nagari Rishikesh Sabar- mati Yoga Express,Kishangarh,05:03
19032,Yog Nagari Rishikesh Sabar- mati Yoga Express,Ajmer,05:45
19032,Yog Nagari Rishikesh Sabar- mati Yoga Express,Beawar,06:32
19032,Yog Nagari Rishikesh Sabar- mati Yoga Express,Sojat Road,07:54
19032,Yog Nagari Rishikesh Sabar- mati Yoga Express,Marwar,08:20
19032,Yog Nagari Rishikesh Sabar- mati Yoga Express,Falna,09:20
19032,Yog Nagari Rishikesh Sabar- mati Yoga Express,Abu Road,11:00
19032,Yog Nagari Rishikesh Sabar- mati Yoga Express,Palanpur,11:55
19032,Yog Nagari Rishikesh Sabar- mati Yoga Express,Mahesana,13:02
19032,Yog Nagari Rishikesh Sabar- mati Yoga Express,Kalol,13:36
19032,Yog Nagari Rishikesh Sabar- mati Yoga Express,Gandhinagar Capital,14:10
19032,Yog Nagari Rishikesh Sabar- mati Yoga Express,Sabarmati,15:20
14707,Hanu- mangarh Dadar Ranak- pur Express,Bikaner,09:40
14707,Hanu- mangarh Dadar Ranak- pur Express,Merta Road,12:20
14707,Hanu- mangarh Dadar Ranak- pur Express,Jodhpur,14:10
14707,Hanu- mangarh Dadar Ranak- pur Express,Luni,14:55
14707,Hanu- mangarh Dadar Ranak- pur Express,Marwar,16:20
14707,Hanu- mangarh Dadar Ranak- pur Express,Falna,17:17
14707,Hanu- mangarh Dadar Ranak- pur Express,Abu Road,18:55
14707,Hanu- mangarh Dadar Ranak- pur Express,Palanpur,20:00
14707,Hanu- mangarh Dadar Ranak- pur Express,Mahesana,22:00
14707,Hanu- mangarh Dadar Ranak- pur Express,Kalol,22:34
14707,Hanu- mangarh Dadar Ranak- pur Express,Ahmedabad,22:55
12489,Srigan- ganagar Dadar Express (Via Bhildi),Bikaner,15:20
12489,Srigan- ganagar Dadar Express (Via Bhildi),Merta Road,18:13
12489,Srigan- ganagar Dadar Express (Via Bhildi),Jodhpur,19:30
12489,Srigan- ganagar Dadar Express (Via Bhildi),Samdari,21:05
12489,Srigan- ganagar Dadar Express (Via Bhildi),Bhildi,01:00
12489,Srigan- ganagar Dadar Express (Via Bhildi),Mahesana,02:52
12489,Srigan- ganagar Dadar Express (Via Bhildi),Ahmedabad,04:30
12990,Ajmer Dadar Express,Ajmer,20:45
12990,Ajmer Dadar Express,Beawar,21:23
12990,Ajmer Dadar Express,Sojat Road,22:18
12990,Ajmer Dadar Express,Marwar,22:40
12990,Ajmer Dadar Express,Falna,23:28
12990,Ajmer Dadar Express,Abu Road,01:05
12990,Ajmer Dadar Express,Palanpur,02:02
12990,Ajmer Dadar Express,Mahesana,02:52
12990,Ajmer Dadar Express,Ahmedabad,04:30
12479,Jodhpur Bandra(T) Surya- nagari Express,Jodhpur,19:40
12479,Jodhpur Bandra(T) Surya- nagari Express,Luni,20:12
12479,Jodhpur Bandra(T) Surya- nagari Express,Marwar,21:45
12479,Jodhpur Bandra(T) Surya- nagari Express,Falna,22:35
12479,Jodhpur Bandra(T) Surya- nagari Express,Abu Road,00:15
12479,Jodhpur Bandra(T) Surya- nagari Express,Palanpur,01:07
12479,Jodhpur Bandra(T) Surya- nagari Express,Mahesana,01:57
12479,Jodhpur Bandra(T) Surya- nagari Express,Ahmedabad,03:45
22738,Hisar Secun- derabad Express,Bikaner,19:20
22738,Hisar Secun- derabad Express,Merta Road,21:55
22738,Hisar Secun- derabad Express,Jodhpur,00:05
22738,Hisar Secun- derabad Express,Luni,00:39
22738,Hisar Secun- derabad Express,Marwar,02:05
22738,Hisar Secun- derabad Express,Abu Road,04:20
22738,Hisar Secun- derabad Express,Palanpur,05:22
22738,Hisar Secun- derabad Express,Mahesana,06:19
22738,Hisar Secun- derabad Express,Ahmedabad,08:00
22664,Jodhpur Chennai Egmore Express,Jodhpur,00:15
22664,Jodhpur Chennai Egmore Express,Luni,00:46
22664,Jodhpur Chennai Egmore Express,Marwar,02:05
22664,Jodhpur Chennai Egmore Express,Falna,02:54
22664,Jodhpur Chennai Egmore Express,Abu Road,04:20
22664,Jodhpur Chennai Egmore Express,Palanpur,05:22
22664,Jodhpur Chennai Egmore Express,Mahesana,06:19
22664,Jodhpur Chennai Egmore Express,Ahmedabad,08:00
16311,Sriganga- nagar Ko- chuveli Express,Bikaner,19:20
16311,Sriganga- nagar Ko- chuveli Express,Merta Road,21:55
16311,Sriganga- nagar Ko- chuveli Express,Jodhpur,23:30
16311,Sriganga- nagar Ko- chuveli Express,Luni,00:15
16311,Sriganga- nagar Ko- chuveli Express,Marwar,01:50
16311,Sriganga- nagar Ko- chuveli Express,Falna,02:38
16311,Sriganga- nagar Ko- chuveli Express,Abu Road,04:05
16311,Sriganga- nagar Ko- chuveli Express,Palanpur,05:02
16311,Sriganga- nagar Ko- chuveli Express,Mahesana,05:49
16311,Sriganga- nagar Ko- chuveli Express,Ahmedabad,07:35
20940,Sultanpur Sabarmati Express,Delhi,06:20
20940,Sultanpur Sabarmati Express,Delhi Cantt.,06:55
20940,Sultanpur Sabarmati Express,Gurgaon,07:13
20940,Sultanpur Sabarmati Express,Rewari,08:05
20940,Sultanpur Sabarmati Express,Alwar,08:55
20940,Sultanpur Sabarmati Express,Jaipur,11:10
20940,Sultanpur Sabarmati Express,Ajmer,13:25
20940,Sultanpur Sabarmati Express,Marwar,15:20
20940,Sultanpur Sabarmati Express,Falna,16:08
20940,Sultanpur Sabarmati Express,Abu Road,17:40
20940,Sultanpur Sabarmati Express,Palanpur,18:55
20940,Sultanpur Sabarmati Express,Mahesana,20:01
20940,Sultanpur Sabarmati Express,Sabarmati,21:20
22483,Bhagat ki Kothi Gandhi- dham Express,Jodhpur,23:00
22483,Bhagat ki Kothi Gandhi- dham Express,Luni,23:29
22483,Bhagat ki Kothi Gandhi- dham Express,Samdari,00:22
22483,Bhagat ki Kothi Gandhi- dham Express,Bhildi,04:25
22483,Bhagat ki Kothi Gandhi- dham Express,Sabarmati,08:50
20626,Bhagat ki Kothi MGR CTL Chennai SF,Bhagat ki kothi,05:40
20626,Bhagat ki Kothi MGR CTL Chennai SF,Luni,06:08
20626,Bhagat ki Kothi MGR CTL Chennai SF,Samdari,06:55
20626,Bhagat ki Kothi MGR CTL Chennai SF,Bhildi,10:50
20626,Bhagat ki Kothi MGR CTL Chennai SF,Sabarmati,13:35
21904,"Bikaner Jn, Bandra Terminus SF",Bikaner,09:00
21904,"Bikaner Jn, Bandra Terminus SF",Merta Road,11:40
21904,"Bikaner Jn, Bandra Terminus SF",Jodhpur,13:10
21904,"Bikaner Jn, Bandra Terminus SF",Marwar,15:55
21904,"Bikaner Jn, Bandra Terminus SF",Falna,16:36
21904,"Bikaner Jn, Bandra Terminus SF",Abu Road,18:15
21904,"Bikaner Jn, Bandra Terminus SF",Palanpur,19:28
21904,"Bikaner Jn, Bandra Terminus SF",Mahesana,20:30
21904,"Bikaner Jn, Bandra Terminus SF",Sabarmati,21:40
12984,Chandi- garh Ajmer Garib Rath Express,Rewari,02:45
12984,Chandi- garh Ajmer Garib Rath Express,Alwar,03:50
12984,Chandi- garh Ajmer Garib Rath Express,Jaipur,06:20
12984,Chandi- garh Ajmer Garib Rath Express,Phulera,07:10
12984,Chandi- garh Ajmer Garib Rath Express,Kishangarh,07:48
12984,Chandi- garh Ajmer Garib Rath Express,Ajmer,08:40
19711,Jaipur Bhopal/ Express,Jaipur,18:20
19711,Jaipur Bhopal/ Express,Phulera,19:23
19711,Jaipur Bhopal/ Express,Kishangarh,20:06
19711,Jaipur Bhopal/ Express,Ajmer,21:05
22475,Hisar Coim- batore AC Express,Bikaner,19:20
22475,Hisar Coim- batore AC Express,Merta Road,21:55
22475,Hisar Coim- batore AC Express,Jodhpur,23:30
22475,Hisar Coim- batore AC Express,Luni,00:15
22475,Hisar Coim- batore AC Express,Marwar,01:50
22475,Hisar Coim- batore AC Express,Falna,02:38
22475,Hisar Coim- batore AC Express,Abu Road,04:05
22475,Hisar Coim- batore AC Express,Palanpur,05:02
22475,Hisar Coim- batore AC Express,Mahesana,05:49
22475,Hisar Coim- batore AC Express,Ahmedabad,07:35
19412,Daulatpur Chowk Gandhinagar Capital Express,Rewari,00:55
19412,Daulatpur Chowk Gandhinagar Capital Express,Alwar,01:58
19412,Daulatpur Chowk Gandhinagar Capital Express,Bandikui,02:51
19412,Daulatpur Chowk Gandhinagar Capital Express,Jaipur,04:30
19412,Daulatpur Chowk Gandhinagar Capital Express,Phulera,05:15
19412,Daulatpur Chowk Gandhinagar Capital Express,Kishangarh,05:58
19412,Daulatpur Chowk Gandhinagar Capital Express,Ajmer,06:50
19412,Daulatpur Chowk Gandhinagar Capital Express,Beawar,07:35
19412,Daulatpur Chowk Gandhinagar Capital Express,Sojat Road,08:24
19412,Daulatpur Chowk Gandhinagar Capital Express,Marwar,09:00
19412,Daulatpur Chowk Gandhinagar Capital Express,Falna,09:53
19412,Daulatpur Chowk Gandhinagar Capital Express,Abu Road,11:40
19412,Daulatpur Chowk Gandhinagar Capital Express,Palanpur,12:37
19412,Daulatpur Chowk Gandhinagar Capital Express,Mahesana,13:40
19412,Daulatpur Chowk Gandhinagar Capital Express,Kalol,14:25
19412,Daulatpur Chowk Gandhinagar Capital Express,Gandhinagar Capital,15:05
20483,Bhagat Ki Kothi Dadar (T) Express,Bhagat ki kothi,20:00
20483,Bhagat Ki Kothi Dadar (T) Express,Samdari,21:05
20483,Bhagat Ki Kothi Dadar (T) Express,Bhildi,01:00
20483,Bhagat Ki Kothi Dadar (T) Express,Mahesana,02:52
20483,Bhagat Ki Kothi Dadar (T) Express,Ahmedabad,04:30
19108,Udhampur Bhavnagar Express,Jodhpur,20:00
19108,Udhampur Bhavnagar Express,Abu Road,00:35
19108,Udhampur Bhavnagar Express,Palanpur,01:27
19108,Udhampur Bhavnagar Express,Mahesana,02:25
19108,Udhampur Bhavnagar Express,Gandhinagar Capital,03:25
20485,Jodpur Sabar- mati SF Express,Jodhpur,11:50
20485,Jodpur Sabar- mati SF Express,Bhagat ki kothi,11:58
20485,Jodpur Sabar- mati SF Express,Luni,12:25
20485,Jodpur Sabar- mati SF Express,Samdari,13:10
20485,Jodpur Sabar- mati SF Express,Bhildi,17:05
20485,Jodpur Sabar- mati SF Express,Mahesana,18:31
20485,Jodpur Sabar- mati SF Express,Sabarmati,20:00
14821,Jodhpur Sabar- mati Express,Jodhpur,10:00
14821,Jodhpur Sabar- mati Express,Bhagat ki kothi,10:10
14821,Jodhpur Sabar- mati Express,Luni,10:53
14821,Jodhpur Sabar- mati Express,Marwar,12:35
14821,Jodhpur Sabar- mati Express,Falna,13:55
14821,Jodhpur Sabar- mati Express,Abu Road,16:15
14821,Jodhpur Sabar- mati Express,Palanpur,17:47
14821,Jodhpur Sabar- mati Express,Mahesana,19:02
14821,Jodhpur Sabar- mati Express,Kalol,19:57
14821,Jodhpur Sabar- mati Express,Sabarmati,20:45
14895,Jodhpur Barmer Express,Jodhpur,04:00
14895,Jodhpur Barmer Express,Bhagat ki kothi,04:15
14895,Jodhpur Barmer Express,Luni,04:56
14895,Jodhpur Barmer Express,Barmer,09:20
14895,Jodhpur Barmer Express,Samdari,06:00
12461,Jodhpur Sabarmati Vande Bharat Express,Jodhpur,06:05
12461,Jodhpur Sabarmati Vande Bharat Express,Falna,08:02
12461,Jodhpur Sabarmati Vande Bharat Express,Abu Road,09:10
12461,Jodhpur Sabarmati Vande Bharat Express,Palanpur,10:06
12461,Jodhpur Sabarmati Vande Bharat Express,Mahesana,10:53
12461,Jodhpur Sabarmati Vande Bharat Express,Sabarmati,12:05
20978,Chandigarh Ajmer Vande Bharat Express,Delhi,15:15
20978,Chandigarh Ajmer Vande Bharat Express,Delhi Cantt.,18:28
20978,Chandigarh Ajmer Vande Bharat Express,Gurgaon,18:52
20978,Chandigarh Ajmer Vande Bharat Express,Rewari,19:42
20978,Chandigarh Ajmer Vande Bharat Express,Alwar,20:24
20978,Chandigarh Ajmer Vande Bharat Express,Jaipur,22:10
20978,Chandigarh Ajmer Vande Bharat Express,Kishangarh,23:20
20978,Chandigarh Ajmer Vande Bharat Express,Ajmer,23:58
12998,Barmer Bandra (T) SF Express,Barmer,22:50
12998,Barmer Bandra (T) SF Express,Samdari,00:45
12998,Barmer Bandra (T) SF Express,Bhildi,04:55
12998,Barmer Bandra (T) SF Express,Mahesana,06:17
12998,Barmer Bandra (T) SF Express,Ahmedabad,08:00
21902,Barmer Bandra (T) SF Express,Barmer,21:30
21902,Barmer Bandra (T) SF Express,Samdari,23:25
21902,Barmer Bandra (T) SF Express,Bhildi,04:05
21902,Barmer Bandra (T) SF Express,Mahesana,05:20
21902,Barmer Bandra (T) SF Express,Ahmedabad,07:00
19620,Rewari Phulera Express,Rewari,04:15
19620,Rewari Phulera Express,Ringus,07:23
19620,Rewari Phulera Express,Phulera,09:20
20475,Bikaner Miraj SF Express,Bikaner,07:40
20475,Bikaner Miraj SF Express,Merta Road,10:01
20475,Bikaner Miraj SF Express,Jodhpur,12:00
20475,Bikaner Miraj SF Express,Luni,12:45
20475,Bikaner Miraj SF Express,Marwar,14:05
20475,Bikaner Miraj SF Express,Falna,14:57
20475,Bikaner Miraj SF Express,Abu Road,16:30
20475,Bikaner Miraj SF Express,Palanpur,17:27
20475,Bikaner Miraj SF Express,Mahesana,18:17
20475,Bikaner Miraj SF Express,Ahmedabad,19:55
26482,Jodhpur Delhi Cantt Vande Bharat,Delhi Cantt.,15:10
26482,Jodhpur Delhi Cantt Vande Bharat,Gurgaon,15:24
26482,Jodhpur Delhi Cantt Vande Bharat,Rewari,16:22
26482,Jodhpur Delhi Cantt Vande Bharat,Alwar,17:10
26482,Jodhpur Delhi Cantt Vande Bharat,Jaipur,19:05
26482,Jodhpur Delhi Cantt Vande Bharat,Phulera,20:00
26482,Jodhpur Delhi Cantt Vande Bharat,Bikaner,21:15
26482,Jodhpur Delhi Cantt Vande Bharat,Merta Road,21:44
26482,Jodhpur Delhi Cantt Vande Bharat,Jodhpur,23:20
19202,Ayodhya Cantt Bhavngar Terminus Express,Agra Fort,07:40
19202,Ayodhya Cantt Bhavngar Terminus Express,Bandikui,11:42
19202,Ayodhya Cantt Bhavngar Terminus Express,Jaipur,13:20
19202,Ayodhya Cantt Bhavngar Terminus Express,Kishangarh,14:40
19202,Ayodhya Cantt Bhavngar Terminus Express,Ajmer,15:35
19202,Ayodhya Cantt Bhavngar Terminus Express,Beawar,16:20
19202,Ayodhya Cantt Bhavngar Terminus Express,Marwar,17:40
19202,Ayodhya Cantt Bhavngar Terminus Express,Falna,18:22
19202,Ayodhya Cantt Bhavngar Terminus Express,Abu Road,20:40
19202,Ayodhya Cantt Bhavngar Terminus Express,Palanpur,21:57
19202,Ayodhya Cantt Bhavngar Terminus Express,Mahesana,22:45
22985,Udaipur City Delhi Sarai Rohilla Raj. Humsafar Express,Ajmer,05:40
22985,Udaipur City Delhi Sarai Rohilla Raj. Humsafar Express,Phulera,06:44
22985,Udaipur City Delhi Sarai Rohilla Raj. Humsafar Express,Ringus,07:40
22985,Udaipur City Delhi Sarai Rohilla Raj. Humsafar Express,Rewari,10:00
22985,Udaipur City Delhi Sarai Rohilla Raj. Humsafar Express,Delhi Sarai Rohilla,11:35
16587,Yeswvant- pur Bikaner Express,Ahmedabad,20:05
16587,Yeswvant- pur Bikaner Express,Mahesana,21:33
16587,Yeswvant- pur Bikaner Express,Palanpur,23:05
16587,Yeswvant- pur Bikaner Express,Abu Road,23:55
16587,Yeswvant- pur Bikaner Express,Falna,01:10
16587,Yeswvant- pur Bikaner Express,Marwar,02:25
16587,Yeswvant- pur Bikaner Express,Luni,03:30
16587,Yeswvant- pur Bikaner Express,Jodhpur,04:25
16587,Yeswvant- pur Bikaner Express,Merta Road,05:55
16587,Yeswvant- pur Bikaner Express,Bikaner,08:45
22451,Bandra (T) Chandigarh Express,Ahmedabad,19:00
22451,Bandra (T) Chandigarh Express,Mahesana,20:42
22451,Bandra (T) Chandigarh Express,Palanpur,22:20
22451,Bandra (T) Chandigarh Express,Abu Road,23:20
22451,Bandra (T) Chandigarh Express,Falna,00:40
22451,Bandra (T) Chandigarh Express,Marwar,01:35
22451,Bandra (T) Chandigarh Express,Beawar,02:39
22451,Bandra (T) Chandigarh Express,Ajmer,03:55
22451,Bandra (T) Chandigarh Express,Kishangarh,04:24
22451,Bandra (T) Chandigarh Express,Phulera,05:10
22451,Bandra (T) Chandigarh Express,Ringus,06:08
22451,Bandra (T) Chandigarh Express,Rewari,09:05
22451,Bandra (T) Chandigarh Express,Gurgaon,09:47
22451,Bandra (T) Chandigarh Express,Delhi Cantt.,10:18
11090,Pune Bhagat Ki Kothi Express,Ahmedabad,07:35
11090,Pune Bhagat Ki Kothi Express,Mahesana,08:57
11090,Pune Bhagat Ki Kothi Express,Palanpur,10:50
11090,Pune Bhagat Ki Kothi Express,Abu Road,11:40
11090,Pune Bhagat Ki Kothi Express,Falna,12:58
11090,Pune Bhagat Ki Kothi Express,Marwar,14:05
11090,Pune Bhagat Ki Kothi Express,Luni,15:18
11090,Pune Bhagat Ki Kothi Express,Bhagat Ki Kothi d ,16:00
15716,Ajmer Kishan ganj Express,Ajmer,12:05
15716,Ajmer Kishan ganj Express,Phulera,13:05
15716,Ajmer Kishan ganj Express,Jaipur,14:10
15716,Ajmer Kishan ganj Express,Alwar,16:24
15716,Ajmer Kishan ganj Express,Rewari,17:55
15716,Ajmer Kishan ganj Express,Gurgaon,18:34
15716,Ajmer Kishan ganj Express,Delhi Cantt.,18:54
15716,Ajmer Kishan ganj Express,Delhi Sarai Rohilla,19:17
15716,Ajmer Kishan ganj Express,Delhi,20:35
19269,Porbandar Muzaffarpur Express,Chandlodiya,04:05
19269,Porbandar Muzaffarpur Express,Mahesana,05:04
19269,Porbandar Muzaffarpur Express,Palanpur,06:30
19269,Porbandar Muzaffarpur Express,Abu Road,07:20
19269,Porbandar Muzaffarpur Express,Marwar,09:25
19269,Porbandar Muzaffarpur Express,Beawar,10:34
19269,Porbandar Muzaffarpur Express,Ajmer,11:55
19269,Porbandar Muzaffarpur Express,Jaipur,14:10
19269,Porbandar Muzaffarpur Express,Bandikui d ,15:34
19269,Porbandar Muzaffarpur Express,Alwar,16:24
19269,Porbandar Muzaffarpur Express,Rewari,17:55
19269,Porbandar Muzaffarpur Express,Gurgaon,18:34
19269,Porbandar Muzaffarpur Express,Delhi Cantt.,18:54
19269,Porbandar Muzaffarpur Express,Delhi Sarai Rohilla,19:17
19269,Porbandar Muzaffarpur Express,Delhi,20:35
20937,Porbandar Delhi Sarai Rohilla Express,Chandlodiya,04:05
20937,Porbandar Delhi Sarai Rohilla Express,Mahesana,05:04
20937,Porbandar Delhi Sarai Rohilla Express,Palanpur,06:30
20937,Porbandar Delhi Sarai Rohilla Express,Abu Road,07:20
20937,Porbandar Delhi Sarai Rohilla Express,Falna,08:30
20937,Porbandar Delhi Sarai Rohilla Express,Marwar,09:25
20937,Porbandar Delhi Sarai Rohilla Express,Beawar,10:34
20937,Porbandar Delhi Sarai Rohilla Express,Ajmer,11:55
20937,Porbandar Delhi Sarai Rohilla Express,Kishangarh,12:24
20937,Porbandar Delhi Sarai Rohilla Express,Phulera,13:05
20937,Porbandar Delhi Sarai Rohilla Express,Jaipur,14:10
20937,Porbandar Delhi Sarai Rohilla Express,Bandikui d ,15:34
20937,Porbandar Delhi Sarai Rohilla Express,Alwar,16:24
20937,Porbandar Delhi Sarai Rohilla Express,Rewari,17:55
20937,Porbandar Delhi Sarai Rohilla Express,Gurgaon,18:34
20937,Porbandar Delhi Sarai Rohilla Express,Delhi Cantt.,18:54
20937,Porbandar Delhi Sarai Rohilla Express,Delhi Sarai Rohilla,19:30
14708,Dadar Hanumangarh Ranakpur Express,Ahmedabad,21:55
14708,Dadar Hanumangarh Ranakpur Express,Kalol,22:50
14708,Dadar Hanumangarh Ranakpur Express,Mahesana,23:30
14708,Dadar Hanumangarh Ranakpur Express,Palanpur,01:15
14708,Dadar Hanumangarh Ranakpur Express,Abu Road,02:05
14708,Dadar Hanumangarh Ranakpur Express,Falna,03:32
14708,Dadar Hanumangarh Ranakpur Express,Marwar,04:50
14708,Dadar Hanumangarh Ranakpur Express,Luni,05:53
14708,Dadar Hanumangarh Ranakpur Express,Jodhpur,06:45
14708,Dadar Hanumangarh Ranakpur Express,Merta Road,08:18
14708,Dadar Hanumangarh Ranakpur Express,Bikaner,11:25
12316,Udaipur City Kolkata Ananya Express,Ajmer,06:25
12316,Udaipur City Kolkata Ananya Express,Jaipur,08:40
12316,Udaipur City Kolkata Ananya Express,Sawai Madhopur,11:25
12316,Udaipur City Kolkata Ananya Express,Agra Fort,15:00
22663,Chennai Egmore Jodhpur Express,Ahmedabad,23:45
22663,Chennai Egmore Jodhpur Express,Mahesana,00:59
22663,Chennai Egmore Jodhpur Express,Palanpur,02:25
22663,Chennai Egmore Jodhpur Express,Abu Road,03:15
22663,Chennai Egmore Jodhpur Express,Falna,04:32
22663,Chennai Egmore Jodhpur Express,Marwar,05:40
22663,Chennai Egmore Jodhpur Express,Luni,07:11
22663,Chennai Egmore Jodhpur Express,Jodhpur,08:05
22737,Secunderabad Hisar Express,Ahmedabad,23:45
22737,Secunderabad Hisar Express,Mahesana,00:59
22737,Secunderabad Hisar Express,Palanpur,02:25
22737,Secunderabad Hisar Express,Abu Road,03:15
22737,Secunderabad Hisar Express,Marwar,05:40
22737,Secunderabad Hisar Express,Luni,07:11
22737,Secunderabad Hisar Express,Jodhpur,08:00
22737,Secunderabad Hisar Express,Merta Road,09:30
22737,Secunderabad Hisar Express,Bikaner,13:20
15091,Daurai Tanakpur Express,Daurai,16:05
15091,Daurai Tanakpur Express,Ajmer,16:30
15091,Daurai Tanakpur Express,Kishangarh,17:02
15091,Daurai Tanakpur Express,Phulera,17:44
15091,Daurai Tanakpur Express,Ringus,18:45
15091,Daurai Tanakpur Express,Rewari,21:55
15091,Daurai Tanakpur Express,Gurgaon,22:37
15091,Daurai Tanakpur Express,Delhi Cantt.,22:54
15091,Daurai Tanakpur Express,Delhi,00:25
12413,Ajmer Jammu Tawi Galtadham Pooja Express,Ajmer,14:10
12413,Ajmer Jammu Tawi Galtadham Pooja Express,Kishangarh,14:36
12413,Ajmer Jammu Tawi Galtadham Pooja Express,Phulera,15:15
12413,Ajmer Jammu Tawi Galtadham Pooja Express,Jaipur,16:10
12413,Ajmer Jammu Tawi Galtadham Pooja Express,Bandikui,17:25
12413,Ajmer Jammu Tawi Galtadham Pooja Express,Alwar,18:26
12413,Ajmer Jammu Tawi Galtadham Pooja Express,Rewari,19:54
12413,Ajmer Jammu Tawi Galtadham Pooja Express,Gurgaon,20:36
12413,Ajmer Jammu Tawi Galtadham Pooja Express,Delhi Cantt.,20:56
12413,Ajmer Jammu Tawi Galtadham Pooja Express,Delhi,22:10
12016,Ajmer New Delhi Shatabdi Express,Ajmer,15:50
12016,Ajmer New Delhi Shatabdi Express,Kishangarh,16:17
12016,Ajmer New Delhi Shatabdi Express,Jaipur,17:35
12016,Ajmer New Delhi Shatabdi Express,Bandikui,18:49
12016,Ajmer New Delhi Shatabdi Express,Alwar,19:37
12016,Ajmer New Delhi Shatabdi Express,Rewari,20:42
12016,Ajmer New Delhi Shatabdi Express,Gurgaon,21:24
12016,Ajmer New Delhi Shatabdi Express,Delhi Cantt.,21:43
12016,Ajmer New Delhi Shatabdi Express,New Delhi,22:30
19666,Udaipur City Khajuraho Express,Ajmer,03:20
19666,Udaipur City Khajuraho Express,Kishangarh,03:50
19666,Udaipur City Khajuraho Express,Phulera,04:33
19666,Udaipur City Khajuraho Express,Jaipur,05:50
19666,Udaipur City Khajuraho Express,Bandikui,07:22
19666,Udaipur City Khajuraho Express,Bharatpur,08:55
20474,Udaipur City Delhi Sarai Rohilla Chetak Express,Ajmer,22:20
20474,Udaipur City Delhi Sarai Rohilla Chetak Express,Kishangarh,22:50
20474,Udaipur City Delhi Sarai Rohilla Chetak Express,Phulera,23:33
20474,Udaipur City Delhi Sarai Rohilla Chetak Express,Ringus,00:31
20474,Udaipur City Delhi Sarai Rohilla Chetak Express,Rewari,03:25
20474,Udaipur City Delhi Sarai Rohilla Chetak Express,Gurgaon,04:12
20474,Udaipur City Delhi Sarai Rohilla Chetak Express,Delhi Cantt.,04:32
20474,Udaipur City Delhi Sarai Rohilla Chetak Express,Delhi Sarai Rohilla,05:05
19333,Indore Bikaner Mahamana Express,Bikaner,08:40
19333,Indore Bikaner Mahamana Express,Ajmer,23:40
19333,Indore Bikaner Mahamana Express,Kishangarh,00:09
19333,Indore Bikaner Mahamana Express,Phulera,00:55
19333,Indore Bikaner Mahamana Express,Ringus,02:00
19337,Indore Delhi Sarai Rohilla Express,Ajmer,04:35
19337,Indore Delhi Sarai Rohilla Express,Jaipur,06:55
19337,Indore Delhi Sarai Rohilla Express,Alwar,09:40
19337,Indore Delhi Sarai Rohilla Express,Rewari,10:57
19337,Indore Delhi Sarai Rohilla Express,Delhi Sarai Rohilla,12:30
12065,Ajmer Delhi Sarai rohilla Jan Shatabdi Express,Ajmer,05:35
12065,Ajmer Delhi Sarai rohilla Jan Shatabdi Express,Kishangarh,06:02
12065,Ajmer Delhi Sarai rohilla Jan Shatabdi Express,Phulera,06:44
12065,Ajmer Delhi Sarai rohilla Jan Shatabdi Express,Ringus,07:40
12065,Ajmer Delhi Sarai rohilla Jan Shatabdi Express,Rewari,10:00
12065,Ajmer Delhi Sarai rohilla Jan Shatabdi Express,Gurgaon,10:42
12065,Ajmer Delhi Sarai rohilla Jan Shatabdi Express,Delhi Cantt.,11:02
12065,Ajmer Delhi Sarai rohilla Jan Shatabdi Express,Delhi Sarai Rohilla,11:35
20487,Barmer Delhi Sarai rohilla Malani Express,Falna,22:30
20487,Barmer Delhi Sarai rohilla Malani Express,Luni,01:15
20487,Barmer Delhi Sarai rohilla Malani Express,Jodhpur,02:00
20487,Barmer Delhi Sarai rohilla Malani Express,Merta Road,03:40
20487,Barmer Delhi Sarai rohilla Malani Express,Phulera,06:02
20487,Barmer Delhi Sarai rohilla Malani Express,Jaipur,06:55
20487,Barmer Delhi Sarai rohilla Malani Express,Alwar,09:40
20487,Barmer Delhi Sarai rohilla Malani Express,Rewari,10:57
20487,Barmer Delhi Sarai rohilla Malani Express,Gurgaon,11:35
20487,Barmer Delhi Sarai rohilla Malani Express,Delhi Cantt.,11:59
20487,Barmer Delhi Sarai rohilla Malani Express,Delhi Sarai Rohilla,12:30
20489,Barmer Mathura Express,Falna,21:50
20489,Barmer Mathura Express,Luni,00:37
20489,Barmer Mathura Express,Jodhpur,01:30
20489,Barmer Mathura Express,Merta Road,03:10
20489,Barmer Mathura Express,Phulera,05:32
20489,Barmer Mathura Express,Jaipur,06:30
20489,Barmer Mathura Express,Bandikui,07:51
20489,Barmer Mathura Express,Alwar,09:20
20489,Barmer Mathura Express,Delhi Cantt.,12:15
7054,Bikaner Kacheguda Special,Bikaner,13:30
7054,Bikaner Kacheguda Special,Ringus,19:00
7054,Bikaner Kacheguda Special,Jaipur,20:10
7054,Bikaner Kacheguda Special,Sawai Madhopur,22:40
20496,Hadapsar Jodhpur SF,Mahesana,08:22
20496,Hadapsar Jodhpur SF,Palanpur,09:50
20496,Hadapsar Jodhpur SF,Abu Road,10:40
20496,Hadapsar Jodhpur SF,Falna,12:02
20496,Hadapsar Jodhpur SF,Marwar,13:05
20496,Hadapsar Jodhpur SF,Luni,14:24
20496,Hadapsar Jodhpur SF,Jodhpur,15:10
12196,Ajmer Agra Fort Intercity Express,Ajmer,14:55
12196,Ajmer Agra Fort Intercity Express,Kishangarh,15:23
12196,Ajmer Agra Fort Intercity Express,Jaipur,16:50
12196,Ajmer Agra Fort Intercity Express,Bandikui,18:30
12196,Ajmer Agra Fort Intercity Express,Bharatpur,19:55
12196,Ajmer Agra Fort Intercity Express,Agra Fort,21:40
12548,Sabarmati Agra Cantt Express,Sabarmati,16:55
12548,Sabarmati Agra Cantt Express,Mahesana,17:42
12548,Sabarmati Agra Cantt Express,Palanpur,18:57
12548,Sabarmati Agra Cantt Express,Abu Road,19:45
12548,Sabarmati Agra Cantt Express,Falna,21:12
12548,Sabarmati Agra Cantt Express,Marwar,22:15
12548,Sabarmati Agra Cantt Express,Beawar,23:22
12548,Sabarmati Agra Cantt Express,Ajmer,00:30
12548,Sabarmati Agra Cantt Express,Jaipur,02:30
12548,Sabarmati Agra Cantt Express,Bharatpur,05:15
12548,Sabarmati Agra Cantt Express,Agra Cantt,07:15
22548,Sabarmati Gwalior Express,Sabarmati,16:55
22548,Sabarmati Gwalior Express,Mahesana,17:42
22548,Sabarmati Gwalior Express,Palanpur,18:57
22548,Sabarmati Gwalior Express,Abu Road,19:45
22548,Sabarmati Gwalior Express,Falna,21:12
22548,Sabarmati Gwalior Express,Marwar,22:15
22548,Sabarmati Gwalior Express,Beawar,23:22
22548,Sabarmati Gwalior Express,Ajmer,00:30
22548,Sabarmati Gwalior Express,Jaipur,02:30
22548,Sabarmati Gwalior Express,Bharatpur,05:15
22548,Sabarmati Gwalior Express,Agra Cantt,07:10
19609,Udaipur Yog Nagari Rishikesh Express,Ajmer,19:35
19609,Udaipur Yog Nagari Rishikesh Express,Kishangarh,20:02
19609,Udaipur Yog Nagari Rishikesh Express,Phulera a d ,20:43
19609,Udaipur Yog Nagari Rishikesh Express,Jaipur,21:50
19609,Udaipur Yog Nagari Rishikesh Express,Bandikui,23:05
19609,Udaipur Yog Nagari Rishikesh Express,Alwar,00:04
19609,Udaipur Yog Nagari Rishikesh Express,Rewari,01:16
19609,Udaipur Yog Nagari Rishikesh Express,Delhi Cantt.,02:15
19609,Udaipur Yog Nagari Rishikesh Express,Delhi,03:15
15013,Jaisalmer Kathgodam Express,Luni,09:17
15013,Jaisalmer Kathgodam Express,Jaisalmer,02:40
15013,Jaisalmer Kathgodam Express,Jodhpur,08:30
15013,Jaisalmer Kathgodam Express,B K h o a th g i at Ki,08:42
15013,Jaisalmer Kathgodam Express,Marwar,11:05
15013,Jaisalmer Kathgodam Express,Beawar,12:12
15013,Jaisalmer Kathgodam Express,Ajmer,13:15
15013,Jaisalmer Kathgodam Express,Kishangarh,13:45
15013,Jaisalmer Kathgodam Express,Jaipur,15:25
15013,Jaisalmer Kathgodam Express,Bandikui,16:42
15013,Jaisalmer Kathgodam Express,Alwar,17:43
15013,Jaisalmer Kathgodam Express,Rewari,19:15
15013,Jaisalmer Kathgodam Express,Gurgaon,20:02
15013,Jaisalmer Kathgodam Express,Delhi Cantt.,20:21
15013,Jaisalmer Kathgodam Express,Delhi Sarai Rohilla,20:40
15013,Jaisalmer Kathgodam Express,Delhi,22:05
22476,Coimbatore Hisar AC Express,Ahmedabad,21:35
22476,Coimbatore Hisar AC Express,Mahesana,22:58
22476,Coimbatore Hisar AC Express,Palanpur,00:25
22476,Coimbatore Hisar AC Express,Abu Road,01:10
22476,Coimbatore Hisar AC Express,Falna,02:25
22476,Coimbatore Hisar AC Express,Marwar,03:30
22476,Coimbatore Hisar AC Express,Luni,04:33
22476,Coimbatore Hisar AC Express,Jodhpur,05:40
22476,Coimbatore Hisar AC Express,Merta Road,06:57
22476,Coimbatore Hisar AC Express,Bikaner,10:50
22991,Valsad Jodh- pur SF Express,Sabarmati,00:07
22991,Valsad Jodh- pur SF Express,Ahmedabad,23:45
22991,Valsad Jodh- pur SF Express,Mahesana,00:59
22991,Valsad Jodh- pur SF Express,Palanpur,02:25
22991,Valsad Jodh- pur SF Express,Abu Road,03:15
22991,Valsad Jodh- pur SF Express,Falna,04:32
22991,Valsad Jodh- pur SF Express,Marwar,05:40
22991,Valsad Jodh- pur SF Express,Luni,07:11
22991,Valsad Jodh- pur SF Express,Jodhpur,08:05
19411,Gandhinagar Capital Daulatpur Chowk Intercity Express,Gandhinagar Capital,10:05
19411,Gandhinagar Capital Daulatpur Chowk Intercity Express,Kalol,10:20
19411,Gandhinagar Capital Daulatpur Chowk Intercity Express,Mahesana,10:54
19411,Gandhinagar Capital Daulatpur Chowk Intercity Express,Palanpur,12:20
19411,Gandhinagar Capital Daulatpur Chowk Intercity Express,Abu Road,13:05
19411,Gandhinagar Capital Daulatpur Chowk Intercity Express,Falna,14:44
19411,Gandhinagar Capital Daulatpur Chowk Intercity Express,Marwar,15:45
19411,Gandhinagar Capital Daulatpur Chowk Intercity Express,Sojat Road,16:05
19411,Gandhinagar Capital Daulatpur Chowk Intercity Express,Beawar,16:57
19411,Gandhinagar Capital Daulatpur Chowk Intercity Express,Ajmer,18:00
19411,Gandhinagar Capital Daulatpur Chowk Intercity Express,Kishangarh,18:30
19411,Gandhinagar Capital Daulatpur Chowk Intercity Express,Phulera a d ,19:13
19411,Gandhinagar Capital Daulatpur Chowk Intercity Express,Jaipur,20:20
19411,Gandhinagar Capital Daulatpur Chowk Intercity Express,Bandikui,21:42
19411,Gandhinagar Capital Daulatpur Chowk Intercity Express,Alwar,22:36
19411,Gandhinagar Capital Daulatpur Chowk Intercity Express,Rewari,00:15
22931,Bandra (T) Jaisalmer Express,Sabarmati,19:45
22931,Bandra (T) Jaisalmer Express,Ahmedabad,19:25
22931,Bandra (T) Jaisalmer Express,Kalol,20:20
22931,Bandra (T) Jaisalmer Express,Mahesana,20:53
22931,Bandra (T) Jaisalmer Express,Palanpur,22:45
22931,Bandra (T) Jaisalmer Express,Abu Road,23:35
22931,Bandra (T) Jaisalmer Express,Falna,00:57
22931,Bandra (T) Jaisalmer Express,Marwar,02:05
22931,Bandra (T) Jaisalmer Express,Luni,03:08
22931,Bandra (T) Jaisalmer Express,Jodhpur,03:50
22931,Bandra (T) Jaisalmer Express,Jaisalmer,09:40
22915,Bandra (T) Hisar Express,Sabarmati,19:45
22915,Bandra (T) Hisar Express,Ahmedabad,19:25
22915,Bandra (T) Hisar Express,Mahesana,20:53
22915,Bandra (T) Hisar Express,Palanpur,22:45
22915,Bandra (T) Hisar Express,Abu Road,23:35
22915,Bandra (T) Hisar Express,Falna,00:57
22915,Bandra (T) Hisar Express,Marwar,02:05
22915,Bandra (T) Hisar Express,Luni,03:08
22915,Bandra (T) Hisar Express,Jodhpur,03:50
22915,Bandra (T) Hisar Express,Merta Road,05:20
20823,Puri Ajmer Express,Sabarmati,09:57
20823,Puri Ajmer Express,Ahmedabad,09:35
20823,Puri Ajmer Express,Mahesana,11:02
20823,Puri Ajmer Express,Palanpur,13:05
20823,Puri Ajmer Express,Abu Road,13:55
20823,Puri Ajmer Express,Falna,15:10
20823,Puri Ajmer Express,Marwar,16:20
20823,Puri Ajmer Express,Beawar,17:22
20823,Puri Ajmer Express,Ajmer,18:40
17606,Bhagat Ki Kothi Kacheguda Express,B K h o a th g i at Ki,22:30
17606,Bhagat Ki Kothi Kacheguda Express,Marwar,00:40
17606,Bhagat Ki Kothi Kacheguda Express,Sojat Road,01:08
17606,Bhagat Ki Kothi Kacheguda Express,Beawar,02:00
17606,Bhagat Ki Kothi Kacheguda Express,Ajmer,03:35
20913,Rajkot Delhi Sarai Rohilla Express,Mahesana,18:57
20913,Rajkot Delhi Sarai Rohilla Express,Palanpur,20:20
20913,Rajkot Delhi Sarai Rohilla Express,Abu Road,21:25
20913,Rajkot Delhi Sarai Rohilla Express,Falna,22:42
20913,Rajkot Delhi Sarai Rohilla Express,Marwar,23:49
20913,Rajkot Delhi Sarai Rohilla Express,Beawar,00:55
20913,Rajkot Delhi Sarai Rohilla Express,Ajmer,02:05
20913,Rajkot Delhi Sarai Rohilla Express,Kishangarh,02:34
20913,Rajkot Delhi Sarai Rohilla Express,Jaipur,04:10
20913,Rajkot Delhi Sarai Rohilla Express,Bandikui,05:26
20913,Rajkot Delhi Sarai Rohilla Express,Alwar,06:12
20913,Rajkot Delhi Sarai Rohilla Express,Rewari,08:20
20913,Rajkot Delhi Sarai Rohilla Express,Gurgaon,09:02
20913,Rajkot Delhi Sarai Rohilla Express,Delhi Cantt.,09:24
20913,Rajkot Delhi Sarai Rohilla Express,Delhi Sarai Rohilla,09:55
19027,Bandra (T) Jammu Tawi Vivek Express,Ahmedabad,19:00
19027,Bandra (T) Jammu Tawi Vivek Express,Mahesana,20:42
19027,Bandra (T) Jammu Tawi Vivek Express,Palanpur,22:12
19027,Bandra (T) Jammu Tawi Vivek Express,Abu Road,23:00
19027,Bandra (T) Jammu Tawi Vivek Express,Falna,00:15
19027,Bandra (T) Jammu Tawi Vivek Express,Marwar,01:15
19027,Bandra (T) Jammu Tawi Vivek Express,Luni,02:56
19027,Bandra (T) Jammu Tawi Vivek Express,Jodhpur,03:50
19027,Bandra (T) Jammu Tawi Vivek Express,Merta Road,05:20
19621,Phulera Rewari Express,Phulera,02:40
19621,Phulera Rewari Express,Ringus,04:05
19621,Phulera Rewari Express,Rewari,07:35
22723,Hazur Sahib Nanded Sriganganagar SF Express,Ahmedabad,00:35
22723,Hazur Sahib Nanded Sriganganagar SF Express,Mahesana,01:48
22723,Hazur Sahib Nanded Sriganganagar SF Express,Palanpur,03:07
22723,Hazur Sahib Nanded Sriganganagar SF Express,Abu Road,03:55
22723,Hazur Sahib Nanded Sriganganagar SF Express,Falna,05:12
22723,Hazur Sahib Nanded Sriganganagar SF Express,Marwar,06:10
22723,Hazur Sahib Nanded Sriganganagar SF Express,Luni,07:29
22723,Hazur Sahib Nanded Sriganganagar SF Express,Jodhpur,08:45
22723,Hazur Sahib Nanded Sriganganagar SF Express,Merta Road,10:05
22723,Hazur Sahib Nanded Sriganganagar SF Express,Bikaner,13:30
14801,Jodhpur Indore Express,Luni,08:43
14801,Jodhpur Indore Express,Jodhpur,08:00
14801,Jodhpur Indore Express,B K h o a th g i at Ki,08:10
14801,Jodhpur Indore Express,Marwar,10:15
14801,Jodhpur Indore Express,Sojat Road,10:35
14801,Jodhpur Indore Express,Beawar,11:38
14801,Jodhpur Indore Express,Ajmer,13:10
19107,Bhavnager Udhampur Express,Gandhinagar Capital,10:05
19107,Bhavnager Udhampur Express,Mahesana,11:03
19107,Bhavnager Udhampur Express,Palanpur,12:50
19107,Bhavnager Udhampur Express,Abu Road,13:40
19107,Bhavnager Udhampur Express,Jodhpur,17:30
20943,Bandra(T) Bhagat Ki Kothi Humsafar Express,Ahmedabad,05:20
20943,Bandra(T) Bhagat Ki Kothi Humsafar Express,Palanpur,08:05
20943,Bandra(T) Bhagat Ki Kothi Humsafar Express,Abu Road,08:55
20943,Bandra(T) Bhagat Ki Kothi Humsafar Express,B K h o a th g i at Ki,12:55
19619,Phulera Rewari Express,Phulera,12:40
19619,Phulera Rewari Express,Ringus,14:22
19619,Phulera Rewari Express,Rewari,17:40
19736,Marwar Jaipur Express,Marwar,14:30
19736,Marwar Jaipur Express,Sojat Road,14:53
19736,Marwar Jaipur Express,Beawar,16:20
19736,Marwar Jaipur Express,Ajmer,18:30
19736,Marwar Jaipur Express,Kishangarh,19:21
19736,Marwar Jaipur Express,Phulera,20:54
19736,Marwar Jaipur Express,Jaipur,22:35
20476,Miraj Bikaner SF Ex- press,Ahmedabad,07:35
20476,Miraj Bikaner SF Ex- press,Mahesana,08:57
20476,Miraj Bikaner SF Ex- press,Palanpur,10:27
20476,Miraj Bikaner SF Ex- press,Abu Road,11:15
20476,Miraj Bikaner SF Ex- press,Falna,12:34
20476,Miraj Bikaner SF Ex- press,Marwar,13:40
20476,Miraj Bikaner SF Ex- press,Luni,14:45
20476,Miraj Bikaner SF Ex- press,Jodhpur,15:35
20476,Miraj Bikaner SF Ex- press,Merta Road,17:05
20476,Miraj Bikaner SF Ex- press,Bikaner,20:15
20989,Udaipur City Chandigarh SF Express,Ajmer,21:00
20989,Udaipur City Chandigarh SF Express,Kishangarh,21:30
20989,Udaipur City Chandigarh SF Express,Phulera,22:11
20989,Udaipur City Chandigarh SF Express,Jaipur,23:10
20989,Udaipur City Chandigarh SF Express,Bandikui,00:37
20989,Udaipur City Chandigarh SF Express,Alwar,01:30
20989,Udaipur City Chandigarh SF Express,Rewari,03:10
14808,Dadar Jodhpur Express,Sabarmati,09:07
14808,Dadar Jodhpur Express,Ahmedabad,08:40
14808,Dadar Jodhpur Express,Mahesana,09:57
14808,Dadar Jodhpur Express,Bhildi,12:05
14808,Dadar Jodhpur Express,Samdari,15:55
14808,Dadar Jodhpur Express,Bhagat Ki Kothi,17:10
14808,Dadar Jodhpur Express,Jodhpur,17:40
19415,Sabarmati Sri Mata Vaishno Devi Katra Express,Sabarmati,21:35
19415,Sabarmati Sri Mata Vaishno Devi Katra Express,Mahesana,22:23
19415,Sabarmati Sri Mata Vaishno Devi Katra Express,Palanpur,23:40
19415,Sabarmati Sri Mata Vaishno Devi Katra Express,Abu Road,00:25
19415,Sabarmati Sri Mata Vaishno Devi Katra Express,Falna,01:46
19415,Sabarmati Sri Mata Vaishno Devi Katra Express,Marwar,02:55
19415,Sabarmati Sri Mata Vaishno Devi Katra Express,Beawar,03:57
19415,Sabarmati Sri Mata Vaishno Devi Katra Express,Ajmer,05:00
19415,Sabarmati Sri Mata Vaishno Devi Katra Express,Kishangarh,05:29
19415,Sabarmati Sri Mata Vaishno Devi Katra Express,Phulera,06:10
19415,Sabarmati Sri Mata Vaishno Devi Katra Express,Jaipur,07:20
19415,Sabarmati Sri Mata Vaishno Devi Katra Express,Bandikui,08:46
19415,Sabarmati Sri Mata Vaishno Devi Katra Express,Alwar,09:50
19415,Sabarmati Sri Mata Vaishno Devi Katra Express,Rewari,11:20
12985,Jaipur Delhi Sarai Rohilla Double Decker AC Express,Jaipur,05:45
12985,Jaipur Delhi Sarai Rohilla Double Decker AC Express,Alwar,07:41
12985,Jaipur Delhi Sarai Rohilla Double Decker AC Express,Gurgaon,09:38
12985,Jaipur Delhi Sarai Rohilla Double Decker AC Express,Delhi Cantt.,09:55
12985,Jaipur Delhi Sarai Rohilla Double Decker AC Express,Delhi Sarai Rohilla,10:25
14702,Bandra (T) Sriganga- nagar Amrapur Aravali Express,Sabarmati,04:57
14702,Bandra (T) Sriganga- nagar Amrapur Aravali Express,Ahmedabad,04:35
14702,Bandra (T) Sriganga- nagar Amrapur Aravali Express,Kalol,05:20
14702,Bandra (T) Sriganga- nagar Amrapur Aravali Express,Mahesana,06:03
14702,Bandra (T) Sriganga- nagar Amrapur Aravali Express,Palanpur,07:50
14702,Bandra (T) Sriganga- nagar Amrapur Aravali Express,Abu Road,08:40
14702,Bandra (T) Sriganga- nagar Amrapur Aravali Express,Falna,10:45
14702,Bandra (T) Sriganga- nagar Amrapur Aravali Express,Marwar,12:05
14702,Bandra (T) Sriganga- nagar Amrapur Aravali Express,Sojat Road,12:26
14702,Bandra (T) Sriganga- nagar Amrapur Aravali Express,Beawar,13:22
14702,Bandra (T) Sriganga- nagar Amrapur Aravali Express,Ajmer,15:00
14702,Bandra (T) Sriganga- nagar Amrapur Aravali Express,Kishangarh,15:30
14702,Bandra (T) Sriganga- nagar Amrapur Aravali Express,Phulera,16:30
14702,Bandra (T) Sriganga- nagar Amrapur Aravali Express,Jaipur,18:00
16312,Kochu veli Sriganga- nagar Express,Ahmedabad,06:50
16312,Kochu veli Sriganga- nagar Express,Mahesana,08:47
16312,Kochu veli Sriganga- nagar Express,Palanpur,10:27
16312,Kochu veli Sriganga- nagar Express,Abu Road,11:15
16312,Kochu veli Sriganga- nagar Express,Falna,12:34
16312,Kochu veli Sriganga- nagar Express,Marwar,13:30
16312,Kochu veli Sriganga- nagar Express,Luni,14:45
16312,Kochu veli Sriganga- nagar Express,Jodhpur,15:35
16312,Kochu veli Sriganga- nagar Express,Merta Road,17:05
16312,Kochu veli Sriganga- nagar Express,Bikaner,20:25
16210,Mysuru Ajmer Express,Ahmedabad,05:40
16210,Mysuru Ajmer Express,Mahesana,06:57
16210,Mysuru Ajmer Express,Palanpur,08:32
16210,Mysuru Ajmer Express,Abu Road,09:20
16210,Mysuru Ajmer Express,Falna,10:37
16210,Mysuru Ajmer Express,Marwar,11:45
16210,Mysuru Ajmer Express,Sojat Road,12:07
16210,Mysuru Ajmer Express,Beawar,13:00
16210,Mysuru Ajmer Express,Ajmer,14:25
16532,Bengaluru Ajmer Garib Nawaz Express,Ahmedabad,05:40
16532,Bengaluru Ajmer Garib Nawaz Express,Mahesana,06:57
16532,Bengaluru Ajmer Garib Nawaz Express,Palanpur,08:32
16532,Bengaluru Ajmer Garib Nawaz Express,Abu Road,09:20
16532,Bengaluru Ajmer Garib Nawaz Express,Falna,10:37
16532,Bengaluru Ajmer Garib Nawaz Express,Marwar,11:45
16532,Bengaluru Ajmer Garib Nawaz Express,Beawar,13:00
16532,Bengaluru Ajmer Garib Nawaz Express,Ajmer,14:25
20694,Bengaluru Bhagat ki Kothi SF Express,Ahmedabad,05:40
20694,Bengaluru Bhagat ki Kothi SF Express,Kalol,06:23
20694,Bengaluru Bhagat ki Kothi SF Express,Mahesana,06:57
20694,Bengaluru Bhagat ki Kothi SF Express,Palanpur,08:32
20694,Bengaluru Bhagat ki Kothi SF Express,Abu Road,09:20
20694,Bengaluru Bhagat ki Kothi SF Express,Falna,10:37
20694,Bengaluru Bhagat ki Kothi SF Express,Marwar,11:45
20694,Bengaluru Bhagat ki Kothi SF Express,Luni,12:47
20694,Bengaluru Bhagat ki Kothi SF Express,Bhagat Ki Kothi,13:42
20694,Bengaluru Bhagat ki Kothi SF Express,Jodhpur,13:50
16534,Bengaluru Jodhpur Express,Ahmedabad,05:40
16534,Bengaluru Jodhpur Express,Mahesana,06:57
16534,Bengaluru Jodhpur Express,Abu Road,09:20
16534,Bengaluru Jodhpur Express,Marwar,11:45
16534,Bengaluru Jodhpur Express,Luni,12:47
16534,Bengaluru Jodhpur Express,Bhagat Ki Kothi,13:42
16534,Bengaluru Jodhpur Express,Jodhpur,13:50
12989,Dadar Ajmer Express,Ahmedabad,23:00
12989,Dadar Ajmer Express,Mahesana,00:16
12989,Dadar Ajmer Express,Palanpur,01:40
12989,Dadar Ajmer Express,Abu Road,02:30
12989,Dadar Ajmer Express,Falna,03:54
12989,Dadar Ajmer Express,Marwar,05:00
12989,Dadar Ajmer Express,Sojat Road,05:20
12989,Dadar Ajmer Express,Beawar,06:12
12989,Dadar Ajmer Express,Ajmer,07:25
15270,Sabarmati Muzaffar- pur Jan Sadharan Express,Sabarmati,18:10
15270,Sabarmati Muzaffar- pur Jan Sadharan Express,Mahesana,18:57
15270,Sabarmati Muzaffar- pur Jan Sadharan Express,Palanpur,20:20
15270,Sabarmati Muzaffar- pur Jan Sadharan Express,Abu Road,21:25
15270,Sabarmati Muzaffar- pur Jan Sadharan Express,Marwar,23:49
15270,Sabarmati Muzaffar- pur Jan Sadharan Express,Ajmer,02:05
15270,Sabarmati Muzaffar- pur Jan Sadharan Express,Phulera,03:08
15270,Sabarmati Muzaffar- pur Jan Sadharan Express,Jaipur,04:10
15270,Sabarmati Muzaffar- pur Jan Sadharan Express,Bharatpur,08:35
15270,Sabarmati Muzaffar- pur Jan Sadharan Express,Agra Fort,09:40
22996,Jodhpur Delhi Mandore Express,Jodhpur,20:30
22996,Jodhpur Delhi Mandore Express,Merta Road,21:48
22996,Jodhpur Delhi Mandore Express,Jaipur,01:15
22996,Jodhpur Delhi Mandore Express,Bandikui,02:25
22996,Jodhpur Delhi Mandore Express,Alwar,03:13
22996,Jodhpur Delhi Mandore Express,Rewari,04:40
22996,Jodhpur Delhi Mandore Express,Gurgaon,05:32
22996,Jodhpur Delhi Mandore Express,Delhi Cantt.,05:52
22996,Jodhpur Delhi Mandore Express,Delhi,06:45
22965,Bandra (T) Bhagat ki Kothi Express,Ahmedabad,07:35
22965,Bandra (T) Bhagat ki Kothi Express,Mahesana,08:57
22965,Bandra (T) Bhagat ki Kothi Express,Abu Road,11:15
22965,Bandra (T) Bhagat ki Kothi Express,Marwar,13:30
22965,Bandra (T) Bhagat ki Kothi Express,Bhagat Ki Kothi,15:25
19031,Sabarmati- Yog Nagari Rishikesh Yoga Express,Sabarmati,11:25
19031,Sabarmati- Yog Nagari Rishikesh Yoga Express,Gandhinagar Capital,11:55
19031,Sabarmati- Yog Nagari Rishikesh Yoga Express,Kalol,12:15
19031,Sabarmati- Yog Nagari Rishikesh Yoga Express,Mahesana,12:49
19031,Sabarmati- Yog Nagari Rishikesh Yoga Express,Palanpur,14:25
19031,Sabarmati- Yog Nagari Rishikesh Yoga Express,Abu Road,15:10
19031,Sabarmati- Yog Nagari Rishikesh Yoga Express,Falna,16:40
19031,Sabarmati- Yog Nagari Rishikesh Yoga Express,Marwar,17:55
19031,Sabarmati- Yog Nagari Rishikesh Yoga Express,Sojat Road,18:16
19031,Sabarmati- Yog Nagari Rishikesh Yoga Express,Beawar,19:19
19031,Sabarmati- Yog Nagari Rishikesh Yoga Express,Ajmer,20:35
19031,Sabarmati- Yog Nagari Rishikesh Yoga Express,Kishangarh,21:05
19031,Sabarmati- Yog Nagari Rishikesh Yoga Express,Phulera,21:50
19031,Sabarmati- Yog Nagari Rishikesh Yoga Express,Jaipur,22:50
19031,Sabarmati- Yog Nagari Rishikesh Yoga Express,Bandikui,00:20
19031,Sabarmati- Yog Nagari Rishikesh Yoga Express,Alwar,01:14
19031,Sabarmati- Yog Nagari Rishikesh Yoga Express,Rewari,02:55
19031,Sabarmati- Yog Nagari Rishikesh Yoga Express,Gurgaon,03:42
19031,Sabarmati- Yog Nagari Rishikesh Yoga Express,Delhi Cantt.,04:00
19031,Sabarmati- Yog Nagari Rishikesh Yoga Express,Delhi,05:05
19623,Madar Darbhanga Amrit Bharat,Madar Jn.,21:25
19623,Madar Darbhanga Amrit Bharat,Kishangarh,21:38
19623,Madar Darbhanga Amrit Bharat,Jaipur,23:10
19623,Madar Darbhanga Amrit Bharat,Bandikui,00:45
19623,Madar Darbhanga Amrit Bharat,Agra Fort,02:55
12396,Ajmer Rajendra nagar Ziyarat Express,Ajmer,00:45
12396,Ajmer Rajendra nagar Ziyarat Express,Kishangarh,01:12
12396,Ajmer Rajendra nagar Ziyarat Express,Jaipur,02:35
12396,Ajmer Rajendra nagar Ziyarat Express,Sawai Madhopur,05:10
12396,Ajmer Rajendra nagar Ziyarat Express,Agra Fort d IDH,08:45
12490,Dadar Sri Ganga Nagar Express (via Bhildi),Ahmedabad,23:00
12490,Dadar Sri Ganga Nagar Express (via Bhildi),Mahesana,00:16
12490,Dadar Sri Ganga Nagar Express (via Bhildi),Bhildi,02:05
12490,Dadar Sri Ganga Nagar Express (via Bhildi),Samdari,05:40
12490,Dadar Sri Ganga Nagar Express (via Bhildi),Jodhpur,07:40
12490,Dadar Sri Ganga Nagar Express (via Bhildi),Merta Road,09:05
12490,Dadar Sri Ganga Nagar Express (via Bhildi),Bikaner,12:25
12978,Ajmer Ernakulam Marusagar Express,Ajmer,10:15
12978,Ajmer Ernakulam Marusagar Express,Kishangarh,10:42
12978,Ajmer Ernakulam Marusagar Express,Jaipur,12:15
12978,Ajmer Ernakulam Marusagar Express,Sawai Madhopur,14:45
20939,Sabarmati Sultanpur Express,Sabarmati,08:50
20939,Sabarmati Sultanpur Express,Mahesana,09:37
20939,Sabarmati Sultanpur Express,Palanpur,10:50
20939,Sabarmati Sultanpur Express,Abu Road d via Bhildi,11:40
20939,Sabarmati Sultanpur Express,Falna d None,12:58
20939,Sabarmati Sultanpur Express,Marwar,14:05
20939,Sabarmati Sultanpur Express,Ajmer,16:10
20939,Sabarmati Sultanpur Express,Jaipur,18:00
20939,Sabarmati Sultanpur Express,Alwar,19:53
20939,Sabarmati Sultanpur Express,Rewari,21:15
20939,Sabarmati Sultanpur Express,Gurgaon,21:57
20939,Sabarmati Sultanpur Express,Delhi Cantt.,22:17
20939,Sabarmati Sultanpur Express,Delhi,23:25
19601,Udaipur New Jalpaiguri Express,Ajmer,06:25
19601,Udaipur New Jalpaiguri Express,Jaipur,09:10
19601,Udaipur New Jalpaiguri Express,Alwar,11:30
19601,Udaipur New Jalpaiguri Express,Rewari,12:43
19601,Udaipur New Jalpaiguri Express,Gurgaon,13:27
19601,Udaipur New Jalpaiguri Express,Delhi Cantt.,13:56
19601,Udaipur New Jalpaiguri Express,Delhi,15:10
22484,Gandhidham Bhagat ki kothi Express,Bhildi,03:05
22484,Gandhidham Bhagat ki kothi Express,Samdari,05:15
22484,Gandhidham Bhagat ki kothi Express,Luni,06:25
22484,Gandhidham Bhagat ki kothi Express,Bhagat Ki Kothi d …,07:15
20492,Sabarmati Jaisalmer SF Express,Sabarmati,22:05
20492,Sabarmati Jaisalmer SF Express,Mahesana,22:52
20492,Sabarmati Jaisalmer SF Express,Bhildi,00:37
20492,Sabarmati Jaisalmer SF Express,Samdari,04:23
20492,Sabarmati Jaisalmer SF Express,Luni,05:05
20492,Sabarmati Jaisalmer SF Express,Bhagat Ki Kothi d …,05:43
20492,Sabarmati Jaisalmer SF Express,Jaisalmer d …,11:50
20492,Sabarmati Jaisalmer SF Express,Jodhpur,06:10
20484,Bandra (T) Bhagat ki Kothi Express,Ahmedabad,23:00
20484,Bandra (T) Bhagat ki Kothi Express,Mahesana,00:16
20484,Bandra (T) Bhagat ki Kothi Express,Bhildi,02:05
20484,Bandra (T) Bhagat ki Kothi Express,Samdari,05:40
20484,Bandra (T) Bhagat ki Kothi Express,Bhagat Ki Kothi d …,07:30
20486,Sabarmati Jodhpur SF Express,Sabarmati,07:00
20486,Sabarmati Jodhpur SF Express,Mahesana,07:47
20486,Sabarmati Jodhpur SF Express,Bhildi,09:35
20486,Sabarmati Jodhpur SF Express,Samdari,13:05
20486,Sabarmati Jodhpur SF Express,Luni,13:57
20486,Sabarmati Jodhpur SF Express,Bhagat Ki Kothi d …,14:25
20486,Sabarmati Jodhpur SF Express,Jodhpur,14:55
14805,Yesvantpur Barmer AC Express,Sabarmati,18:40
14805,Yesvantpur Barmer AC Express,Ahmedabad,18:20
14805,Yesvantpur Barmer AC Express,Mahesana,19:38
14805,Yesvantpur Barmer AC Express,Bhildi,22:40
14805,Yesvantpur Barmer AC Express,Samdari,01:45
14805,Yesvantpur Barmer AC Express,Barmer d …,04:30
14894,Palanpur Jodhpur Express,Palanpur,04:30
14894,Palanpur Jodhpur Express,Bhildi,05:20
14894,Palanpur Jodhpur Express,Samdari,10:45
14894,Palanpur Jodhpur Express,Luni,11:45
14894,Palanpur Jodhpur Express,Bhagat Ki Kothi d …,12:30
14894,Palanpur Jodhpur Express,Jodhpur,12:50
12997,Bandra (T) Barmer SF Express,Ahmedabad,07:55
12997,Bandra (T) Barmer SF Express,Mahesana,09:14
12997,Bandra (T) Barmer SF Express,Bhildi,11:10
12997,Bandra (T) Barmer SF Express,Samdari,14:55
12997,Bandra (T) Barmer SF Express,Barmer d …,17:40
21901,Bandra (T) Barmer SF Express,Ahmedabad,03:25
21901,Bandra (T) Barmer SF Express,Mahesana,04:35
21901,Bandra (T) Barmer SF Express,Bhildi,06:50
21901,Bandra (T) Barmer SF Express,Samdari,10:35
21901,Bandra (T) Barmer SF Express,Barmer d …,13:20
14088,Jaisalmer Delhi Runicha Express,Jaisalmer d …,19:00
14088,Jaisalmer Delhi Runicha Express,Jodhpur,00:05
14088,Jaisalmer Delhi Runicha Express,Merta Road,01:55
14088,Jaisalmer Delhi Runicha Express,Phulera d ,04:45
14088,Jaisalmer Delhi Runicha Express,Rewari,08:35
14088,Jaisalmer Delhi Runicha Express,Gurgaon,09:17
14088,Jaisalmer Delhi Runicha Express,Delhi Cantt.,09:36
14088,Jaisalmer Delhi Runicha Express,Delhi,10:35
19603,Daurai Godda Express,Daurai,15:30
19603,Daurai Godda Express,Ajmer,15:55
19603,Daurai Godda Express,Kishangarh,16:24
19603,Daurai Godda Express,Phulera d ,17:05
19603,Daurai Godda Express,Rewari,21:15
19603,Daurai Godda Express,Gurgaon,21:57
19603,Daurai Godda Express,Delhi Sarai Rohilla,23:05
20625,MGRCTL Chennai Bhagat Ki Kothi SF Express,Sabarmati,02:15
20625,MGRCTL Chennai Bhagat Ki Kothi SF Express,Bhildi,05:50
20625,MGRCTL Chennai Bhagat Ki Kothi SF Express,Samdari,10:05
20625,MGRCTL Chennai Bhagat Ki Kothi SF Express,Luni,11:00
20625,MGRCTL Chennai Bhagat Ki Kothi SF Express,Bhagat Ki Kothi d …,11:40
14896,Barmer Jodhpur Express,Barmer,10:00
14896,Barmer Jodhpur Express,Luni,14:17
14896,Barmer Jodhpur Express,Jodhpur,15:40
19401,Sabarmati Lucknow Express,Sabarmati,10:35
19401,Sabarmati Lucknow Express,Mahesana,11:20
19401,Sabarmati Lucknow Express,Palanpur,12:50
19401,Sabarmati Lucknow Express,Abu Road,13:40
19401,Sabarmati Lucknow Express,Falna,14:58
19401,Sabarmati Lucknow Express,Marwar,16:00
19401,Sabarmati Lucknow Express,Beawar,17:08
19401,Sabarmati Lucknow Express,Ajmer,18:15
19401,Sabarmati Lucknow Express,Kishangarh,18:44
19401,Sabarmati Lucknow Express,Phulera,19:25
19401,Sabarmati Lucknow Express,Jaipur,20:45
19401,Sabarmati Lucknow Express,Bandikui,22:25
19401,Sabarmati Lucknow Express,Bharatpur,23:45
14822,Sabarmati Jodhpur Express,Sabarmati,07:10
14822,Sabarmati Jodhpur Express,Kalol,07:35
14822,Sabarmati Jodhpur Express,Mahesana,08:30
14822,Sabarmati Jodhpur Express,Palanpur,10:10
14822,Sabarmati Jodhpur Express,Abu Road,11:50
14822,Sabarmati Jodhpur Express,Falna,13:45
14822,Sabarmati Jodhpur Express,Marwar,15:20
14822,Sabarmati Jodhpur Express,Luni,16:58
14822,Sabarmati Jodhpur Express,Jodhpur,18:10
20963,Sabarmati Varanasi SF Express,Sabarmati,22:55
20963,Sabarmati Varanasi SF Express,Mahesana,23:47
20963,Sabarmati Varanasi SF Express,Palanpur,01:00
20963,Sabarmati Varanasi SF Express,Abu Road,01:45
20963,Sabarmati Varanasi SF Express,Falna,02:55
20963,Sabarmati Varanasi SF Express,Marwar,04:00
20963,Sabarmati Varanasi SF Express,Beawar,05:05
20963,Sabarmati Varanasi SF Express,Ajmer,06:25
20963,Sabarmati Varanasi SF Express,Jaipur,09:10
20963,Sabarmati Varanasi SF Express,Alwar,11:30
20963,Sabarmati Varanasi SF Express,Rewari,12:43
20963,Sabarmati Varanasi SF Express,Gurgaon,13:27
20963,Sabarmati Varanasi SF Express,Delhi Cantt.,13:56
20963,Sabarmati Varanasi SF Express,Delhi,15:10
12216,Bandra (T) Delhi Sarai Rohilla Garib Rath Express,Ahmedabad,19:00
12216,Bandra (T) Delhi Sarai Rohilla Garib Rath Express,Gandhinagar a Capital,19:50
12216,Bandra (T) Delhi Sarai Rohilla Garib Rath Express,Mahesana,20:44
12216,Bandra (T) Delhi Sarai Rohilla Garib Rath Express,Palanpur,22:20
12216,Bandra (T) Delhi Sarai Rohilla Garib Rath Express,Abu Road,23:20
12216,Bandra (T) Delhi Sarai Rohilla Garib Rath Express,Falna,00:40
12216,Bandra (T) Delhi Sarai Rohilla Garib Rath Express,Ajmer,03:55
12216,Bandra (T) Delhi Sarai Rohilla Garib Rath Express,Jaipur,06:10
12216,Bandra (T) Delhi Sarai Rohilla Garib Rath Express,Alwar,08:10
12216,Bandra (T) Delhi Sarai Rohilla Garib Rath Express,Rewari,09:25
12216,Bandra (T) Delhi Sarai Rohilla Garib Rath Express,Gurgaon,10:07
12216,Bandra (T) Delhi Sarai Rohilla Garib Rath Express,Delhi Cantt.,10:27
12216,Bandra (T) Delhi Sarai Rohilla Garib Rath Express,D e l h i S arai a R o h i l l,11:00
12464,Jodhpur Delhi Sarai Rohilla Rajasthan Sampark Kranti Express,Jodhpur,20:15
12464,Jodhpur Delhi Sarai Rohilla Rajasthan Sampark Kranti Express,Merta Road,21:27
12464,Jodhpur Delhi Sarai Rohilla Rajasthan Sampark Kranti Express,Jaipur,00:45
12464,Jodhpur Delhi Sarai Rohilla Rajasthan Sampark Kranti Express,Alwar,02:37
12464,Jodhpur Delhi Sarai Rohilla Rajasthan Sampark Kranti Express,Delhi Cantt.,05:21
12464,Jodhpur Delhi Sarai Rohilla Rajasthan Sampark Kranti Express,D e l h i S arai a R o h i l l,05:50
22464,Bikaner Delhi Sarai Rohilla Rajasthan Sampark Kranti Express,Bikaner,18:10
22464,Bikaner Delhi Sarai Rohilla Rajasthan Sampark Kranti Express,Merta Road,21:27
22464,Bikaner Delhi Sarai Rohilla Rajasthan Sampark Kranti Express,Jaipur,00:45
22464,Bikaner Delhi Sarai Rohilla Rajasthan Sampark Kranti Express,Alwar,02:37
22464,Bikaner Delhi Sarai Rohilla Rajasthan Sampark Kranti Express,Delhi Cantt.,05:21
22464,Bikaner Delhi Sarai Rohilla Rajasthan Sampark Kranti Express,D e l h i S arai a R o h i l l,05:50
19223,Sabarmati Jammu Tawi Express,Gandhinagar a Capital,10:58
19223,Sabarmati Jammu Tawi Express,Sabarmati,10:25
19223,Sabarmati Jammu Tawi Express,Kalol,11:18
19223,Sabarmati Jammu Tawi Express,Mahesana,11:54
19223,Sabarmati Jammu Tawi Express,Palanpur,13:30
19223,Sabarmati Jammu Tawi Express,Abu Road,14:20
19223,Sabarmati Jammu Tawi Express,Falna,15:47
19223,Sabarmati Jammu Tawi Express,Marwar,16:50
19223,Sabarmati Jammu Tawi Express,Luni,18:03
19223,Sabarmati Jammu Tawi Express,Jodhpur,19:00
19223,Sabarmati Jammu Tawi Express,Merta Road,20:42
19223,Sabarmati Jammu Tawi Express,Bikaner,00:40
19565,Okha Dehradun Uttaranchal Express,Mahesana,18:57
19565,Okha Dehradun Uttaranchal Express,Palanpur,20:20
19565,Okha Dehradun Uttaranchal Express,Abu Road,21:25
19565,Okha Dehradun Uttaranchal Express,Falna,22:42
19565,Okha Dehradun Uttaranchal Express,Beawar,00:55
19565,Okha Dehradun Uttaranchal Express,Ajmer,02:05
19565,Okha Dehradun Uttaranchal Express,Jaipur,04:10
19565,Okha Dehradun Uttaranchal Express,Alwar,06:12
19565,Okha Dehradun Uttaranchal Express,Rewari,08:20
19565,Okha Dehradun Uttaranchal Express,Gurgaon,09:02
19565,Okha Dehradun Uttaranchal Express,Delhi Cantt.,09:22
19565,Okha Dehradun Uttaranchal Express,D e l h i S arai a R o h i l l,09:47
19565,Okha Dehradun Uttaranchal Express,New Delhi,10:40
12957,Sabarmati New Delhi Swarna Jayanti Rajdhani Express,Sabarmati,19:20
12957,Sabarmati New Delhi Swarna Jayanti Rajdhani Express,Mahesana,20:05
12957,Sabarmati New Delhi Swarna Jayanti Rajdhani Express,Palanpur,21:07
12957,Sabarmati New Delhi Swarna Jayanti Rajdhani Express,Abu Road,21:45
12957,Sabarmati New Delhi Swarna Jayanti Rajdhani Express,Falna,22:52
12957,Sabarmati New Delhi Swarna Jayanti Rajdhani Express,Ajmer,01:10
12957,Sabarmati New Delhi Swarna Jayanti Rajdhani Express,Jaipur,02:50
12957,Sabarmati New Delhi Swarna Jayanti Rajdhani Express,Gurgaon,06:26
12957,Sabarmati New Delhi Swarna Jayanti Rajdhani Express,Delhi Cantt.,06:42
12957,Sabarmati New Delhi Swarna Jayanti Rajdhani Express,New Delhi,07:30
12915,Sabarmati Delhi Ashram Express,Sabarmati,19:45
12915,Sabarmati Delhi Ashram Express,Mahesana,20:35
12915,Sabarmati Delhi Ashram Express,Palanpur,21:57
12915,Sabarmati Delhi Ashram Express,Abu Road,22:40
12915,Sabarmati Delhi Ashram Express,Falna,23:49
12915,Sabarmati Delhi Ashram Express,Beawar,01:36
12915,Sabarmati Delhi Ashram Express,Ajmer,02:35
12915,Sabarmati Delhi Ashram Express,Jaipur,04:30
12915,Sabarmati Delhi Ashram Express,Bandikui,05:47
12915,Sabarmati Delhi Ashram Express,Alwar,06:41
12915,Sabarmati Delhi Ashram Express,Rewari,08:02
12915,Sabarmati Delhi Ashram Express,Gurgaon,08:49
12915,Sabarmati Delhi Ashram Express,Delhi Cantt.,09:09
12915,Sabarmati Delhi Ashram Express,Delhi,10:00
14661,Barmer Jammu Tawi Shalimar Malani Express,Barmer,00:05
14661,Barmer Jammu Tawi Shalimar Malani Express,Luni,02:48
14661,Barmer Jammu Tawi Shalimar Malani Express,Jodhpur,03:35
14661,Barmer Jammu Tawi Shalimar Malani Express,Merta Road,05:05
14661,Barmer Jammu Tawi Shalimar Malani Express,Phulera,08:05
14661,Barmer Jammu Tawi Shalimar Malani Express,Jaipur,09:35
14661,Barmer Jammu Tawi Shalimar Malani Express,Bandikui,11:16
14661,Barmer Jammu Tawi Shalimar Malani Express,Alwar,12:32
14661,Barmer Jammu Tawi Shalimar Malani Express,Rewari,14:40
14661,Barmer Jammu Tawi Shalimar Malani Express,Gurgaon,15:30
14661,Barmer Jammu Tawi Shalimar Malani Express,Delhi Cantt.,15:51
14661,Barmer Jammu Tawi Shalimar Malani Express,D e l h i S arai a R o h i l l,16:10
14661,Barmer Jammu Tawi Shalimar Malani Express,Delhi,17:05
14312,Bhuj Bareilly Ala Hazrat Express,Gandhinagar a Capital,16:15
14312,Bhuj Bareilly Ala Hazrat Express,Chandlodiya,22:20
14312,Bhuj Bareilly Ala Hazrat Express,Mahesana,23:16
14312,Bhuj Bareilly Ala Hazrat Express,Palanpur,00:42
14312,Bhuj Bareilly Ala Hazrat Express,Abu Road,01:30
14312,Bhuj Bareilly Ala Hazrat Express,Falna,02:42
14312,Bhuj Bareilly Ala Hazrat Express,Marwar,03:35
14312,Bhuj Bareilly Ala Hazrat Express,Sojat Road,03:55
14312,Bhuj Bareilly Ala Hazrat Express,Beawar,04:58
14312,Bhuj Bareilly Ala Hazrat Express,Ajmer,06:15
14312,Bhuj Bareilly Ala Hazrat Express,Kishangarh,06:40
14312,Bhuj Bareilly Ala Hazrat Express,Phulera,07:30
14312,Bhuj Bareilly Ala Hazrat Express,Jaipur,08:30
14312,Bhuj Bareilly Ala Hazrat Express,Bandikui,09:55
14312,Bhuj Bareilly Ala Hazrat Express,Alwar,10:53
14312,Bhuj Bareilly Ala Hazrat Express,Rewari,12:28
14312,Bhuj Bareilly Ala Hazrat Express,Gurgaon,13:21
14312,Bhuj Bareilly Ala Hazrat Express,Delhi Cantt.,13:43
14312,Bhuj Bareilly Ala Hazrat Express,D e l h i S arai a R o h i l l,14:06
14312,Bhuj Bareilly Ala Hazrat Express,Delhi,14:50
14322,Bhuj Bareilly Express,Gandhinagar a Capital,18:15
14322,Bhuj Bareilly Express,Palanpur,00:42
14322,Bhuj Bareilly Express,Abu Road,01:30
14322,Bhuj Bareilly Express,Falna,02:42
14322,Bhuj Bareilly Express,Marwar,03:35
14322,Bhuj Bareilly Express,Beawar,04:58
14322,Bhuj Bareilly Express,Ajmer,06:15
14322,Bhuj Bareilly Express,Kishangarh,06:40
14322,Bhuj Bareilly Express,Phulera,07:30
14322,Bhuj Bareilly Express,Jaipur,08:30
14322,Bhuj Bareilly Express,Bandikui,09:55
14322,Bhuj Bareilly Express,Alwar,10:53
14322,Bhuj Bareilly Express,Rewari,12:28
14322,Bhuj Bareilly Express,Gurgaon,13:21
14322,Bhuj Bareilly Express,Delhi Cantt.,13:43
14322,Bhuj Bareilly Express,D e l h i S arai a R o h i l l,14:06
14322,Bhuj Bareilly Express,Delhi,14:50
20983,Bhuj Delhi Sarai ohilla S Express,Gandhinagar a Capital,17:10
20983,Bhuj Delhi Sarai ohilla S Express,Palanpur,23:12
20983,Bhuj Delhi Sarai ohilla S Express,Abu Road,23:55
20983,Bhuj Delhi Sarai ohilla S Express,Falna,01:10
20983,Bhuj Delhi Sarai ohilla S Express,Marwar,02:25
20983,Bhuj Delhi Sarai ohilla S Express,Beawar,03:32
20983,Bhuj Delhi Sarai ohilla S Express,Ajmer,04:35
20983,Bhuj Delhi Sarai ohilla S Express,Kishangarh,05:04
20983,Bhuj Delhi Sarai ohilla S Express,Jaipur,06:55
20983,Bhuj Delhi Sarai ohilla S Express,Alwar,09:40
20983,Bhuj Delhi Sarai ohilla S Express,Rewari,10:57
20983,Bhuj Delhi Sarai ohilla S Express,Gurgaon,11:35
20983,Bhuj Delhi Sarai ohilla S Express,Delhi Cantt.,11:59
20983,Bhuj Delhi Sarai ohilla S Express,D e l h i S arai a R o h i l l,12:30
21903,Bandra (T) Bikaner SF Express,Sabarmati,07:20
21903,Bandra (T) Bikaner SF Express,Mahesana,08:47
21903,Bandra (T) Bikaner SF Express,Palanpur,10:27
21903,Bandra (T) Bikaner SF Express,Abu Road,11:15
21903,Bandra (T) Bikaner SF Express,Falna,12:34
21903,Bandra (T) Bikaner SF Express,Marwar,13:30
21903,Bandra (T) Bikaner SF Express,Jodhpur,15:35
21903,Bandra (T) Bikaner SF Express,Merta Road,17:05
21903,Bandra (T) Bikaner SF Express,Bikaner,20:15
12250,Jaisalme Shakur Basti Express,Jaisalmer,17:00
12250,Jaisalme Shakur Basti Express,Jodhpur,22:20
12250,Jaisalme Shakur Basti Express,Merta Road,23:47
12250,Jaisalme Shakur Basti Express,Phulera,02:27
12250,Jaisalme Shakur Basti Express,Jaipur,03:30
12250,Jaisalme Shakur Basti Express,Alwar,05:32
12250,Jaisalme Shakur Basti Express,Rewari,07:30
12250,Jaisalme Shakur Basti Express,Gurgaon,08:20
12250,Jaisalme Shakur Basti Express,Delhi Cantt.,08:37
12250,Jaisalme Shakur Basti Express,D e l h i S arai a R o h i l l,09:30
12480,Bandra (T) Jodhpur Suryanagari Express,Ahmedabad,20:35
12480,Bandra (T) Jodhpur Suryanagari Express,Mahesana,21:52
12480,Bandra (T) Jodhpur Suryanagari Express,Palanpur,23:25
12480,Bandra (T) Jodhpur Suryanagari Express,Abu Road,00:11
12480,Bandra (T) Jodhpur Suryanagari Express,Falna,01:37
12480,Bandra (T) Jodhpur Suryanagari Express,Marwar,02:50
12480,Bandra (T) Jodhpur Suryanagari Express,Luni,04:02
12480,Bandra (T) Jodhpur Suryanagari Express,Jodhpur,05:15
12988,Ajmer Sealdah Express,Ajmer,12:50
12988,Ajmer Sealdah Express,Kishangarh,13:17
12988,Ajmer Sealdah Express,Jaipur,14:40
12988,Ajmer Sealdah Express,Bharatpur,17:17
12988,Ajmer Sealdah Express,Agra Fort,18:45
22987,Ajmer Agra Fort Superfast Express,Ajmer,05:55
22987,Ajmer Agra Fort Superfast Express,Kishangarh,06:22
22987,Ajmer Agra Fort Superfast Express,Phulera,07:07
22987,Ajmer Agra Fort Superfast Express,Jaipur,08:10
22987,Ajmer Agra Fort Superfast Express,Bandikui,09:43
22987,Ajmer Agra Fort Superfast Express,Bharatpur,11:10
22987,Ajmer Agra Fort Superfast Express,Agra Fort,12:40
12983,Ajmer Chandigarh Garib Rath Express,Ajmer,17:50
12983,Ajmer Chandigarh Garib Rath Express,Kishangarh,18:17
12983,Ajmer Chandigarh Garib Rath Express,Phulera,19:00
12983,Ajmer Chandigarh Garib Rath Express,Jaipur,20:00
12983,Ajmer Chandigarh Garib Rath Express,Alwar,22:23
12983,Ajmer Chandigarh Garib Rath Express,Rewari,23:55
19712,Bhopal Jaipur Express,Ajmer,06:40
19712,Bhopal Jaipur Express,Madar Jn,07:02
19712,Bhopal Jaipur Express,Kishangarh,07:18
19712,Bhopal Jaipur Express,Phulera,08:12
19712,Bhopal Jaipur Express,Jaipur,09:50
20951,Okha Jaipur Super Fast Express,Mahesana,05:48
20951,Okha Jaipur Super Fast Express,Palanpur,07:12
20951,Okha Jaipur Super Fast Express,Abu Road,08:00
20951,Okha Jaipur Super Fast Express,Falna,09:17
20951,Okha Jaipur Super Fast Express,Marwar,10:05
20951,Okha Jaipur Super Fast Express,Sojat Road,10:25
20951,Okha Jaipur Super Fast Express,Beawar,11:15
20951,Okha Jaipur Super Fast Express,Ajmer,12:55
20951,Okha Jaipur Super Fast Express,Kishangarh,13:24
20951,Okha Jaipur Super Fast Express,Phulera,14:06
20951,Okha Jaipur Super Fast Express,Jaipur,15:20
22474,Bandra (T) Bikaner Express,Ahmedabad,21:45
22474,Bandra (T) Bikaner Express,Mahesana,22:58
22474,Bandra (T) Bikaner Express,Palanpur,00:25
22474,Bandra (T) Bikaner Express,Abu Road,01:10
22474,Bandra (T) Bikaner Express,Marwar,03:30
22474,Bandra (T) Bikaner Express,Luni,04:33
22474,Bandra (T) Bikaner Express,Jodhpur,05:40
22474,Bandra (T) Bikaner Express,Merta Road,06:57
22474,Bandra (T) Bikaner Express,Bikaner,10:25
19409,Sabarmati Gorakhpur Express,Sabarmati,10:35
19409,Sabarmati Gorakhpur Express,Mahesana,11:20
19409,Sabarmati Gorakhpur Express,Palanpur,12:50
19409,Sabarmati Gorakhpur Express,Abu Road,13:40
19409,Sabarmati Gorakhpur Express,Falna,14:58
19409,Sabarmati Gorakhpur Express,Ajmer,18:15
19409,Sabarmati Gorakhpur Express,Kishangarh,18:44
19409,Sabarmati Gorakhpur Express,Jaipur,20:45
19409,Sabarmati Gorakhpur Express,Bandikui,22:25
19409,Sabarmati Gorakhpur Express,Bharatpur,23:45
22949,Bandra (T) Delhi Sarai Rohilla Super Fast Express,Ahmedabad,21:45
22949,Bandra (T) Delhi Sarai Rohilla Super Fast Express,Sabarmati,22:15
22949,Bandra (T) Delhi Sarai Rohilla Super Fast Express,Mahesana,22:58
22949,Bandra (T) Delhi Sarai Rohilla Super Fast Express,Palanpur,00:25
22949,Bandra (T) Delhi Sarai Rohilla Super Fast Express,Abu Road,01:10
22949,Bandra (T) Delhi Sarai Rohilla Super Fast Express,Falna,02:25
22949,Bandra (T) Delhi Sarai Rohilla Super Fast Express,Ajmer,05:35
22949,Bandra (T) Delhi Sarai Rohilla Super Fast Express,Kishangarh,05:59
22949,Bandra (T) Delhi Sarai Rohilla Super Fast Express,Phulera,06:42
22949,Bandra (T) Delhi Sarai Rohilla Super Fast Express,Ringus,07:40
22949,Bandra (T) Delhi Sarai Rohilla Super Fast Express,Rewari,10:00
22949,Bandra (T) Delhi Sarai Rohilla Super Fast Express,Gurgaon,10:42
22949,Bandra (T) Delhi Sarai Rohilla Super Fast Express,Delhi Cantt.,11:02
22949,Bandra (T) Delhi Sarai Rohilla Super Fast Express,Delhi Sarai Rohilla,11:35
12462,Sabarmati Jodhpur Vande Bharat Express,Sabarmati,16:45
12462,Sabarmati Jodhpur Vande Bharat Express,Mahesana,17:30
12462,Sabarmati Jodhpur Vande Bharat Express,Palanpur,18:40
12462,Sabarmati Jodhpur Vande Bharat Express,Abu Road,19:20
12462,Sabarmati Jodhpur Vande Bharat Express,Falna,20:22
12462,Sabarmati Jodhpur Vande Bharat Express,Jodhpur,22:50
20977,Ajmer Chandigarh Vande Bharat Express,Ajmer,06:10
20977,Ajmer Chandigarh Vande Bharat Express,Kishangarh,06:32
20977,Ajmer Chandigarh Vande Bharat Express,Jaipur,07:47
20977,Ajmer Chandigarh Vande Bharat Express,Alwar,09:30
20977,Ajmer Chandigarh Vande Bharat Express,Rewari,10:25
20977,Ajmer Chandigarh Vande Bharat Express,Gurgaon,11:06
20977,Ajmer Chandigarh Vande Bharat Express,Delhi Cantt.,11:35
20977,Ajmer Chandigarh Vande Bharat Express,Delhi Sarai Rohilla,14:45
19617,Madar Rewari Express,Madar Jn,17:10
19617,Madar Rewari Express,Kishangarh,17:25
19617,Madar Rewari Express,Phulera,18:25
19617,Madar Rewari Express,Ringus,20:11
19617,Madar Rewari Express,Rewari,23:50
19201,Bhavnagar (T) Ayodhya Cantt Exp,Abu Road,21:25
19201,Bhavnagar (T) Ayodhya Cantt Exp,Falna,22:42
19201,Bhavnagar (T) Ayodhya Cantt Exp,Marwar,23:49
19201,Bhavnagar (T) Ayodhya Cantt Exp,Beawar,00:55
19201,Bhavnagar (T) Ayodhya Cantt Exp,Ajmer,02:05
19201,Bhavnagar (T) Ayodhya Cantt Exp,Kishangarh,02:34
19201,Bhavnagar (T) Ayodhya Cantt Exp,Jaipur,04:10
19201,Bhavnagar (T) Ayodhya Cantt Exp,Bandikui,06:40
19201,Bhavnagar (T) Ayodhya Cantt Exp,Agra Fort,09:35
26481,Jodhpur Delhi Cantt Vande Bharat,Jodhpur,05:30
26481,Jodhpur Delhi Cantt Vande Bharat,Merta Road,06:38
26481,Jodhpur Delhi Cantt Vande Bharat,Bikaner,07:08
26481,Jodhpur Delhi Cantt Vande Bharat,Phulera,08:37
26481,Jodhpur Delhi Cantt Vande Bharat,Jaipur,09:25
26481,Jodhpur Delhi Cantt Vande Bharat,Alwar,11:15
26481,Jodhpur Delhi Cantt Vande Bharat,Rewari,12:15
26481,Jodhpur Delhi Cantt Vande Bharat,Gurgaon,13:01
26481,Jodhpur Delhi Cantt Vande Bharat,Delhi Cantt.,13:30
